InvoiceNo,StockCode,Description,Quantity,InvoiceDate,UnitPrice,CustomerID,Country
100000,SKU-PER-002,Moisturizing Face Cleanser 150ml,6,2024-03-17 00:00:00,8.91,CUST-1302,United States
100000,SKU-SNK-001,,5,2024-12-10 23:00:00,3.17,CUST-1445,United Kingdom
100000,SKU-SNK-003,Dark Chocolate 70% Bar 100g,5,07/08/2024 16:00,2.9,CUST-1135,France
100001,SKU-BEV-002,Organic Green Tea 500ml,5,2024-09-15 09:00:00,2.58,CUST-1023,Germany
100001,SKU-HOU-003,Microfiber Cleaning Towels 4-Pack,3,2024-06-07 22:00:00,7.15,CUST-1359,France
100001,SKU-PER-002,Moisturizing Face Cleanser 150ml,6,04/26/2024 19:00,11.46,CUST-1431,United States
100002,SKU-BEV-001,Cold Brew Coffee 250ml,3,2024/08/03,4.52,CUST-1202,France
100002,SKU-SNK-002,Roasted Almonds & Cranberry Mix 200g,6,04/05/2024 07:00,5.9,CUST-1070,United States
100002,SKU-HOU-003,Microfiber Cleaning Towels 4-Pack,4,03/15/2024 20:00,6.35,CUST-1270,Australia
100003,SKU-BEV-001,Cold Brew Coffee 250ml,6,19-03-2024 04:00,3.74,CUST-1368,Australia
100003,SKU-DRY-003,Whole Grain Pasta 500g,8,13-03-2024 15:00,1.99,CUST-1472,United States
100003,SKU-DRY-002,Extra Virgin Olive Oil 750ml,2,2024-01-14 07:00:00,15.94,CUST-1484,France
100004,SKU-BEV-002,Organic Green Tea 500ml,5,12/29/2024 15:00,2.53,CUST-1108,France
100004,SKU-HOU-001,Eco-Friendly Dishwashing Liquid 1L,4,2024/07/31,3.82,CUST-1173,Australia
100004,SKU-SNK-001,Artisan Sea Salt Potato Chips 150g,4,2024-01-05 21:00:00,2.6,CUST-1142,United Kingdom
100005,SKU-HOU-001,Eco-Friendly Dishwashing Liquid 1L,1,11/18/2024 16:00,3.53,CUST-1239,United States
100005,SKU-PER-002,Moisturizing Face Cleanser 150ml,6,2024-03-08 04:00:00,11.07,CUST-1216,Canada
100005,SKU-FRZ-001,Frozen Organic Mixed Berries 400g,5,2024/02/21,4.21,,United Kingdom
100006,SKU-DRY-002,Extra Virgin Olive Oil 750ml,7,11/24/2024 14:00,0.0,CUST-1474,Canada
100006,SKU-HOU-001,Eco-Friendly Dishwashing Liquid 1L,8,11/28/2024 05:00,3.37,CUST-1025,Australia
100006,SKU-DRY-003,Whole Grain Pasta 500g,2,2024-04-17 11:00:00,1.98,CUST-1061,Australia
100007,SKU-PER-001,Antibacterial Hand Soap 300ml,6,2024-01-28 03:00:00,4.28,CUST-1122,United Kingdom
100007,SKU-SNK-002,Roasted Almonds & Cranberry Mix 200g,3,08-11-2024 03:00,4.68,CUST-1275,Germany
100007,SKU-SNK-003,Dark Chocolate 70% Bar 100g,7,02/16/2024 23:00,3.62,CUST-1334,France
100008,SKU-SNK-002,Roasted Almonds & Cranberry Mix 200g,7,03/11/2024 17:00,5.89,CUST-1175,France
100008,SKU-DRY-003,Whole Grain Pasta 500g,5,29-11-2024 12:00,1.92,,France
100008,SKU-BEV-003,Sparkling Mineral Water 1L,4,2024/10/28,2.03,,Australia
100009,SKU-BEV-003,Sparkling Mineral Water 1L,6,29-01-2024 13:00,2.04,CUST-1341,Australia
100009,SKU-DRY-001,Basmati Long Grain Rice 5kg,6,04/15/2024 12:00,14.2,CUST-1170,Canada
100009,SKU-HOU-003,Microfiber Cleaning Towels 4-Pack,3,18-06-2024 09:00,6.27,CUST-1470,Germany
C100010,SKU-HOU-003,Microfiber Cleaning Towels 4-Pack,-2,06/04/2024 08:00,6.17,CUST-1328,France
100010,SKU-DRY-003,Whole Grain Pasta 500g,4,2024-08-14 01:00:00,1.98,CUST-1222,Germany
100010,SKU-DRY-003,Whole Grain Pasta 500g,7,2024/03/19,1.89,CUST-1351,France
100011,SKU-SNK-001,Artisan Sea Salt Potato Chips 150g,5,2024/09/05,2.84,CUST-1153,France
100011,SKU-DRY-001,Basmati Long Grain Rice 5kg,3,07/20/2024 20:00,12.52,CUST-1207,United States
100011,SKU-SNK-001,Artisan Sea Salt Potato Chips 150g,3,20-10-2024 11:00,2.73,CUST-1086,Germany
100012,SKU-PER-002,Moisturizing Face Cleanser 150ml,4,2024-08-16 19:00:00,10.51,,Canada
100012,SKU-HOU-002,Multi-Surface Disinfectant Wipes 80ct,5,2024/02/19,4.53,CUST-1335,United States
100012,SKU-SNK-001,Artisan Sea Salt Potato Chips 150g,5,2024/04/30,3.3,CUST-1286,Canada
100013,SKU-HOU-001,Eco-Friendly Dishwashing Liquid 1L,5,2024/12/10,4.35,CUST-1126,Germany
100013,SKU-DRY-003,Whole Grain Pasta 500g,10,11/26/2024 19:00,2.05,CUST-1070,Canada
100013,SKU-HOU-001,Eco-Friendly Dishwashing Liquid 1L,2,2024-05-26 01:00:00,3.85,CUST-1394,France
C100014,SKU-FRZ-001,Frozen Organic Mixed Berries 400g,-3,2024/09/16,5.15,CUST-1382,Australia
100014,SKU-DRY-002,Extra Virgin Olive Oil 750ml,3,29-05-2024 19:00,13.79,CUST-1239,Australia
100014,SKU-FRZ-001,Frozen Organic Mixed Berries 400g,5,2024-09-25 23:00:00,5.32,CUST-1232,Canada
100015,SKU-HOU-003,Microfiber Cleaning Towels 4-Pack,7,14-10-2024 18:00,6.99,CUST-1035,France
100015,SKU-BEV-001,Cold Brew Coffee 250ml,4,06/17/2024 19:00,3.68,CUST-1238,Germany
100015,SKU-PER-001,Antibacterial Hand Soap 300ml,8,03/19/2024 04:00,3.65,CUST-1203,United Kingdom
100016,SKU-HOU-001,Eco-Friendly Dishwashing Liquid 1L,5,2024-06-14 18:00:00,4.11,CUST-1021,Canada
C100016,SKU-BEV-002,Organic Green Tea 500ml,-7,11-12-2024 09:00,2.48,CUST-1235,Canada
100016,SKU-DRY-003,Whole Grain Pasta 500g,9,2024/07/03,2.25,CUST-1142,United Kingdom
C100017,SKU-PER-001,Antibacterial Hand Soap 300ml,-6,15-09-2024 17:00,3.84,CUST-1450,Germany
100017,SKU-DRY-003,Whole Grain Pasta 500g,8,2024-05-10 10:00:00,2.23,CUST-1229,United States
100017,SKU-DRY-001,Basmati Long Grain Rice 5kg,8,15-06-2024 02:00,13.2,CUST-1180,Germany
100018,SKU-SNK-001,Artisan Sea Salt Potato Chips 150g,8,03/23/2024 08:00,3.39,CUST-1141,Australia
100018,SKU-BEV-002,Organic Green Tea 500ml,3,12-05-2024 12:00,2.13,CUST-1283,United Kingdom
100018,SKU-HOU-002,Multi-Surface Disinfectant Wipes 80ct,4,2024-12-01 02:00:00,4.94,,Canada
100019,SKU-BEV-002,Organic Green Tea 500ml,3,2024/09/30,2.16,CUST-1127,Canada
100019,SKU-HOU-002,Multi-Surface Disinfectant Wipes 80ct,4,2024/06/03,5.53,CUST-1312,United States
100019,SKU-SNK-001,Artisan Sea Salt Potato Chips 150g,3,24-05-2024 01:00,2.7,CUST-1304,United States
100020,SKU-HOU-001,Eco-Friendly Dishwashing Liquid 1L,8,2024/07/12,3.62,CUST-1101,Australia
100020,SKU-BEV-003,Sparkling Mineral Water 1L,3,06/30/2024 08:00,1.69,CUST-1063,Germany
100020,SKU-SNK-002,Roasted Almonds & Cranberry Mix 200g,4,2024/12/07,6.13,,France
100021,SKU-PER-001,Antibacterial Hand Soap 300ml,3,15-01-2024 03:00,3.84,CUST-1299,Canada
100021,SKU-DRY-002,Extra Virgin Olive Oil 750ml,5,2024/08/25,16.06,CUST-1483,Australia
100021,SKU-BEV-002,Organic Green Tea 500ml,7,02-08-2024 17:00,2.42,CUST-1277,United States
100022,SKU-SNK-003,Dark Chocolate 70% Bar 100g,2,2024/12/06,3.34,CUST-1062,France
100022,SKU-SNK-001,Artisan Sea Salt Potato Chips 150g,2,18-04-2024 02:00,2.63,CUST-1060,United Kingdom
100022,SKU-HOU-001,Eco-Friendly Dishwashing Liquid 1L,4,18-07-2024 05:00,3.86,CUST-1306,United Kingdom
100023,SKU-SNK-002,Roasted Almonds & Cranberry Mix 200g,4,10-10-2024 06:00,6.02,CUST-1337,United Kingdom
100023,SKU-DRY-002,Extra Virgin Olive Oil 750ml,5,23-08-2024 14:00,14.31,CUST-1292,Canada
100023,SKU-HOU-001,Eco-Friendly Dishwashing Liquid 1L,6,2024/11/18,4.26,,Australia
100024,SKU-BEV-002,Organic Green Tea 500ml,3,2024-10-27 13:00:00,2.66,CUST-1240,Germany
100024,SKU-HOU-001,Eco-Friendly Dishwashing Liquid 1L,9,2024-09-28 08:00:00,4.31,CUST-1388,Australia
100024,SKU-BEV-002,Organic Green Tea 500ml,4,09-06-2024 06:00,2.44,CUST-1227,Germany
100025,SKU-BEV-001,Cold Brew Coffee 250ml,2,2024-08-09 10:00:00,3.57,CUST-1087,Australia
100025,SKU-PER-001,Antibacterial Hand Soap 300ml,3,2024/06/13,4.2,,Germany
100025,SKU-BEV-003,Sparkling Mineral Water 1L,3,2024/02/20,1.68,CUST-1154,Canada
100026,SKU-BEV-002,,5,2024/06/10,2.86,CUST-1140,France
100026,SKU-BEV-001,Cold Brew Coffee 250ml,7,05-12-2024 02:00,4.35,CUST-1386,France
100026,SKU-BEV-003,Sparkling Mineral Water 1L,8,2024-03-07 07:00:00,1.83,CUST-1382,United Kingdom
100027,SKU-DRY-003,Whole Grain Pasta 500g,7,06-09-2024 18:00,2.4,CUST-1173,Canada
100027,SKU-BEV-003,Sparkling Mineral Water 1L,3,2024/06/03,1.72,CUST-1232,France
100027,SKU-PER-001,Antibacterial Hand Soap 300ml,6,17-09-2024 02:00,3.64,CUST-1113,France
100028,SKU-FRZ-001,Frozen Organic Mixed Berries 400g,6,2024/07/25,4.12,CUST-1275,Canada
100028,SKU-HOU-001,Eco-Friendly Dishwashing Liquid 1L,5,10/13/2024 02:00,4.28,CUST-1353,Canada
100028,SKU-SNK-001,Artisan Sea Salt Potato Chips 150g,5,2024-09-04 14:00:00,3.35,CUST-1495,Canada
100029,SKU-SNK-001,Artisan Sea Salt Potato Chips 150g,4,2024-01-15 13:00:00,2.65,CUST-1106,United Kingdom
100029,SKU-BEV-003,Sparkling Mineral Water 1L,3,02-01-2024 22:00,1.59,CUST-1013,Germany
100029,SKU-SNK-001,Artisan Sea Salt Potato Chips 150g,4,2024-08-09 00:00:00,3.21,CUST-1398,Australia
100030,SKU-DRY-003,Whole Grain Pasta 500g,9,2024-05-31 05:00:00,2.29,,Canada
100030,SKU-BEV-002,Organic Green Tea 500ml,6,2024/11/30,2.57,CUST-1280,Canada
100030,SKU-DRY-003,Whole Grain Pasta 500g,1,2024/07/20,2.38,CUST-1282,United Kingdom
100031,SKU-FRZ-001,Frozen Organic Mixed Berries 400g,3,2024/06/04,4.67,CUST-1191,France
100031,SKU-BEV-002,Organic Green Tea 500ml,6,2024-03-03 06:00:00,2.67,CUST-1287,France
100031,SKU-SNK-003,Dark Chocolate 70% Bar 100g,5,2024-10-15 17:00:00,3.14,CUST-1114,Germany
100032,SKU-SNK-003,Dark Chocolate 70% Bar 100g,6,19-03-2024 10:00,3.63,CUST-1329,Australia
100032,SKU-HOU-003,Microfiber Cleaning Towels 4-Pack,10,2024-07-01 13:00:00,6.13,CUST-1289,United States
100032,SKU-PER-002,Moisturizing Face Cleanser 150ml,7,2024-01-21 22:00:00,9.75,CUST-1397,Australia
100033,SKU-BEV-001,Cold Brew Coffee 250ml,4,04/16/2024 05:00,3.49,CUST-1212,Australia
100033,SKU-DRY-001,,8,16-03-2024 16:00,13.09,CUST-1028,Germany
100033,SKU-HOU-002,Multi-Surface Disinfectant Wipes 80ct,9,03-04-2024 16:00,4.99,CUST-1117,France
100034,SKU-BEV-002,Organic Green Tea 500ml,2,2024-09-28 01:00:00,2.17,CUST-1327,United States
100034,SKU-SNK-003,Dark Chocolate 70% Bar 100g,9,2024/04/27,2.88,CUST-1268,Germany
100034,SKU-SNK-001,Artisan Sea Salt Potato Chips 150g,3,08/15/2024 08:00,3.02,CUST-1490,United Kingdom
100035,SKU-BEV-003,Sparkling Mineral Water 1L,11,06/23/2024 17:00,1.93,CUST-1237,Australia
100035,SKU-FRZ-001,Frozen Organic Mixed Berries 400g,7,08-08-2024 15:00,4.71,,Germany
100035,SKU-BEV-001,Cold Brew Coffee 250ml,9,08-02-2024 20:00,4.43,CUST-1236,France
100036,SKU-DRY-002,Extra Virgin Olive Oil 750ml,2,08-05-2024 12:00,16.49,CUST-1365,France
100036,SKU-SNK-001,Artisan Sea Salt Potato Chips 150g,5,2024/10/25,2.87,CUST-1347,France
100036,SKU-BEV-002,Organic Green Tea 500ml,1,2024-08-13 01:00:00,2.3,CUST-1076,Australia
100037,SKU-FRZ-001,Frozen Organic Mixed Berries 400g,6,26-08-2024 19:00,4.63,CUST-1192,Germany
100037,SKU-PER-002,Moisturizing Face Cleanser 150ml,7,2024-12-25 08:00:00,9.58,CUST-1485,United Kingdom
100037,SKU-BEV-003,Sparkling Mineral Water 1L,7,2024-04-15 18:00:00,1.79,CUST-1338,Australia
100038,SKU-DRY-001,Basmati Long Grain Rice 5kg,3,04/15/2024 07:00,13.48,,France
100038,SKU-DRY-002,Extra Virgin Olive Oil 750ml,2,2024/07/13,16.53,CUST-1347,Canada
100038,SKU-SNK-002,Roasted Almonds & Cranberry Mix 200g,3,2024/09/17,5.99,CUST-1447,United States
100039,SKU-DRY-003,Whole Grain Pasta 500g,5,26-03-2024 02:00,2.16,CUST-1466,Canada
100039,SKU-FRZ-001,Frozen Organic Mixed Berries 400g,3,2024/01/19,4.41,,France
100039,SKU-HOU-002,,3,04/09/2024 16:00,4.95,CUST-1315,United States
100040,SKU-SNK-001,Artisan Sea Salt Potato Chips 150g,2,2024/04/12,2.81,CUST-1234,Canada
100040,SKU-BEV-001,Cold Brew Coffee 250ml,4,12/17/2024 19:00,3.39,CUST-1342,Germany
100040,SKU-DRY-003,Whole Grain Pasta 500g,4,2024-12-12 08:00:00,2.28,,Germany
100041,SKU-PER-002,Moisturizing Face Cleanser 150ml,4,11-03-2024 18:00,9.51,CUST-1356,United Kingdom
100041,SKU-BEV-002,Organic Green Tea 500ml,5,2024-11-08 10:00:00,2.27,CUST-1417,Germany
100041,SKU-PER-002,Moisturizing Face Cleanser 150ml,6,10-05-2024 11:00,11.09,CUST-1455,Canada
100042,SKU-DRY-001,Basmati Long Grain Rice 5kg,2,08/19/2024 10:00,14.64,CUST-1040,United Kingdom
100042,SKU-SNK-003,Dark Chocolate 70% Bar 100g,6,2024-03-11 00:00:00,3.24,CUST-1228,Germany
100042,SKU-DRY-001,Basmati Long Grain Rice 5kg,4,2024-07-06 10:00:00,12.46,CUST-1073,France
100043,SKU-BEV-001,Cold Brew Coffee 250ml,2,2024-03-27 04:00:00,3.82,CUST-1230,Germany
100043,SKU-BEV-002,Organic Green Tea 500ml,3,03-04-2024 23:00,2.3,CUST-1198,United States
100043,SKU-SNK-002,Roasted Almonds & Cranberry Mix 200g,6,10/31/2024 15:00,6.18,CUST-1231,France
100044,SKU-BEV-002,Organic Green Tea 500ml,5,06-08-2024 04:00,2.33,CUST-1358,Germany
100044,SKU-BEV-002,Organic Green Tea 500ml,5,05/17/2024 04:00,2.39,CUST-1066,United States
100044,SKU-DRY-001,Basmati Long Grain Rice 5kg,4,2024/11/22,11.33,CUST-1348,United Kingdom
100045,SKU-HOU-002,Multi-Surface Disinfectant Wipes 80ct,3,05/04/2024 05:00,4.32,CUST-1165,United Kingdom
100045,SKU-DRY-003,Whole Grain Pasta 500g,3,2024-07-12 21:00:00,2.22,CUST-1257,Australia
100045,SKU-BEV-003,Sparkling Mineral Water 1L,4,26-04-2024 20:00,1.96,CUST-1295,United Kingdom
100046,SKU-DRY-001,Basmati Long Grain Rice 5kg,7,2024/01/21,13.54,CUST-1207,United States
100046,SKU-BEV-003,Sparkling Mineral Water 1L,6,2024/10/27,1.85,CUST-1440,Canada
100046,SKU-SNK-003,Dark Chocolate 70% Bar 100g,5,2024-12-17 13:00:00,3.06,CUST-1196,Canada
100047,SKU-HOU-003,Microfiber Cleaning Towels 4-Pack,3,19-04-2024 00:00,5.9,CUST-1450,United States
100047,SKU-DRY-001,Basmati Long Grain Rice 5kg,4,2024/12/11,12.42,CUST-1334,Germany
100047,SKU-HOU-003,Microfiber Cleaning Towels 4-Pack,3,2024/03/14,6.24,,Germany
100048,SKU-BEV-002,Organic Green Tea 500ml,2,2024/09/20,2.86,CUST-1201,Germany
100048,SKU-SNK-003,Dark Chocolate 70% Bar 100g,8,04/08/2024 11:00,2.84,CUST-1265,Australia
100048,SKU-BEV-003,Sparkling Mineral Water 1L,6,11-08-2024 21:00,1.92,CUST-1272,Australia
100049,SKU-HOU-003,Microfiber Cleaning Towels 4-Pack,4,12-01-2024 08:00,6.34,CUST-1322,Canada
100049,SKU-PER-002,Moisturizing Face Cleanser 150ml,6,2024-06-04 08:00:00,10.38,CUST-1348,Australia
100049,SKU-BEV-002,Organic Green Tea 500ml,4,2024-05-10 05:00:00,2.42,CUST-1241,France
100050,SKU-HOU-001,Eco-Friendly Dishwashing Liquid 1L,7,04/04/2024 06:00,3.86,CUST-1272,Germany
100050,SKU-HOU-003,Microfiber Cleaning Towels 4-Pack,5,2024/06/29,6.61,CUST-1147,France
100050,SKU-SNK-003,Dark Chocolate 70% Bar 100g,6,23-11-2024 13:00,3.51,CUST-1458,Germany
100051,SKU-HOU-002,Multi-Surface Disinfectant Wipes 80ct,6,09-04-2024 23:00,4.36,CUST-1109,Australia
100051,SKU-DRY-003,Whole Grain Pasta 500g,5,07/04/2024 10:00,2.02,CUST-1119,Canada
C100051,SKU-DRY-002,Extra Virgin Olive Oil 750ml,-3,03/09/2024 15:00,16.37,CUST-1244,Germany
100052,SKU-PER-002,Moisturizing Face Cleanser 150ml,6,2024-02-10 09:00:00,10.71,CUST-1213,United Kingdom
100052,SKU-BEV-001,Cold Brew Coffee 250ml,5,2024/09/28,4.44,CUST-1308,Germany
100052,SKU-PER-002,Moisturizing Face Cleanser 150ml,7,2024/12/23,10.0,CUST-1374,Germany
100053,SKU-BEV-001,Cold Brew Coffee 250ml,5,18-08-2024 03:00,3.6,CUST-1263,Canada
100053,SKU-BEV-003,Sparkling Mineral Water 1L,6,2024/04/05,1.66,CUST-1154,Australia
100053,SKU-PER-002,Moisturizing Face Cleanser 150ml,1,09/02/2024 10:00,9.41,CUST-1360,France
100054,SKU-FRZ-001,Frozen Organic Mixed Berries 400g,9,20-07-2024 09:00,4.26,CUST-1212,Canada
100054,SKU-HOU-002,Multi-Surface Disinfectant Wipes 80ct,6,05/29/2024 02:00,5.42,CUST-1469,United States
100054,SKU-FRZ-001,Frozen Organic Mixed Berries 400g,8,12/11/2024 01:00,4.54,CUST-1298,Australia
100055,SKU-BEV-001,Cold Brew Coffee 250ml,3,11/05/2024 13:00,3.46,CUST-1202,United States
100055,SKU-PER-001,Antibacterial Hand Soap 300ml,1,2024-02-19 20:00:00,4.3,CUST-1241,Canada
100055,SKU-BEV-003,Sparkling Mineral Water 1L,6,13-10-2024 23:00,1.99,CUST-1338,United Kingdom
100056,SKU-SNK-003,Dark Chocolate 70% Bar 100g,5,03/21/2024 23:00,2.92,CUST-1500,France
100056,SKU-DRY-001,Basmati Long Grain Rice 5kg,5,2024/12/29,12.39,CUST-1057,France
100056,SKU-HOU-002,Multi-Surface Disinfectant Wipes 80ct,3,01/11/2024 16:00,4.29,,Canada
100057,SKU-DRY-003,Whole Grain Pasta 500g,4,2024-05-28 07:00:00,2.02,CUST-1395,Germany
100057,SKU-FRZ-001,Frozen Organic Mixed Berries 400g,4,04/07/2024 19:00,4.87,CUST-1347,Canada
100057,SKU-SNK-003,Dark Chocolate 70% Bar 100g,4,17-09-2024 04:00,3.09,CUST-1115,France
100058,SKU-DRY-002,Extra Virgin Olive Oil 750ml,4,2024/02/09,12.91,CUST-1472,Germany
100058,SKU-HOU-001,Eco-Friendly Dishwashing Liquid 1L,3,2024-05-10 00:00:00,4.01,CUST-1370,United Kingdom
100058,SKU-HOU-003,Microfiber Cleaning Towels 4-Pack,6,15-08-2024 07:00,7.35,CUST-1245,France
100059,SKU-SNK-001,Artisan Sea Salt Potato Chips 150g,5,09/27/2024 18:00,2.88,CUST-1262,Canada
100059,SKU-HOU-001,Eco-Friendly Dishwashing Liquid 1L,4,16-11-2024 12:00,3.79,CUST-1133,Australia
100059,SKU-DRY-001,Basmati Long Grain Rice 5kg,4,07/20/2024 12:00,13.26,CUST-1172,Canada
100060,SKU-PER-002,Moisturizing Face Cleanser 150ml,4,2024/11/30,9.0,CUST-1277,United States
100060,SKU-HOU-003,Microfiber Cleaning Towels 4-Pack,3,2024-02-20 17:00:00,7.17,,Germany
C100060,SKU-PER-002,,-3,2024/11/25,9.72,CUST-1146,France
100061,SKU-HOU-002,Multi-Surface Disinfectant Wipes 80ct,7,2024-05-02 09:00:00,4.6,CUST-1407,Germany
100061,SKU-DRY-002,Extra Virgin Olive Oil 750ml,3,06/15/2024 00:00,12.68,,Canada
100061,SKU-BEV-001,Cold Brew Coffee 250ml,2,01/07/2024 10:00,4.16,CUST-1458,United States
100062,SKU-FRZ-001,Frozen Organic Mixed Berries 400g,2,20-11-2024 14:00,5.4,,Germany
100062,SKU-SNK-001,Artisan Sea Salt Potato Chips 150g,6,2024/04/08,3.05,CUST-1276,France
100062,SKU-HOU-001,Eco-Friendly Dishwashing Liquid 1L,5,23-02-2024 12:00,4.29,CUST-1203,Germany
100063,SKU-SNK-002,Roasted Almonds & Cranberry Mix 200g,6,2024/11/03,5.28,CUST-1395,United Kingdom
100063,SKU-BEV-002,Organic Green Tea 500ml,6,07/01/2024 22:00,2.23,CUST-1482,Germany
100063,SKU-BEV-002,Organic Green Tea 500ml,5,2024-03-31 10:00:00,2.53,CUST-1047,Germany
100064,SKU-BEV-001,Cold Brew Coffee 250ml,6,2024/07/18,4.47,CUST-1086,United Kingdom
100064,SKU-SNK-002,Roasted Almonds & Cranberry Mix 200g,4,2024/07/02,5.12,CUST-1483,France
100064,SKU-PER-001,Antibacterial Hand Soap 300ml,5,2024/05/13,4.82,CUST-1168,Canada
100065,SKU-HOU-003,Microfiber Cleaning Towels 4-Pack,7,02-04-2024 22:00,5.92,CUST-1149,France
100065,SKU-PER-001,Antibacterial Hand Soap 300ml,5,14-06-2024 11:00,4.11,CUST-1279,Australia
100065,SKU-HOU-001,Eco-Friendly Dishwashing Liquid 1L,3,11/11/2024 03:00,4.12,CUST-1255,Germany
100066,SKU-PER-002,Moisturizing Face Cleanser 150ml,4,2024/04/15,11.46,CUST-1471,Canada
100066,SKU-HOU-002,Multi-Surface Disinfectant Wipes 80ct,6,2024-09-02 10:00:00,5.24,CUST-1330,Canada
C100066,SKU-SNK-003,Dark Chocolate 70% Bar 100g,-4,2024-10-20 20:00:00,3.3,CUST-1228,Canada
100067,SKU-PER-001,Antibacterial Hand Soap 300ml,3,12/07/2024 15:00,3.75,CUST-1481,Germany
100067,SKU-DRY-002,Extra Virgin Olive Oil 750ml,5,2024/05/21,15.47,,United States
100067,SKU-PER-002,Moisturizing Face Cleanser 150ml,5,03/15/2024 15:00,10.04,CUST-1236,Canada
C100068,SKU-BEV-003,Sparkling Mineral Water 1L,-6,2024/10/22,1.63,CUST-1105,France
100068,SKU-BEV-002,Organic Green Tea 500ml,4,03/10/2024 11:00,2.2,CUST-1160,Australia
100068,SKU-BEV-002,Organic Green Tea 500ml,8,25-08-2024 12:00,2.72,CUST-1043,Germany
100069,SKU-SNK-002,Roasted Almonds & Cranberry Mix 200g,5,03/20/2024 20:00,5.31,CUST-1249,France
100069,SKU-FRZ-001,Frozen Organic Mixed Berries 400g,6,04/28/2024 06:00,4.52,CUST-1004,United Kingdom
100069,SKU-DRY-003,Whole Grain Pasta 500g,3,2024/12/11,2.33,CUST-1407,Germany
100070,SKU-SNK-001,Artisan Sea Salt Potato Chips 150g,10,07/16/2024 01:00,3.23,CUST-1137,Germany
100070,SKU-HOU-002,Multi-Surface Disinfectant Wipes 80ct,3,2024/01/29,4.39,CUST-1016,Germany
100070,SKU-BEV-002,Organic Green Tea 500ml,2,2024-10-26 17:00:00,2.72,CUST-1323,Australia
100071,SKU-SNK-001,Artisan Sea Salt Potato Chips 150g,4,2024-05-21 06:00:00,3.08,CUST-1293,Australia
100071,SKU-PER-002,Moisturizing Face Cleanser 150ml,7,03/06/2024 00:00,11.25,CUST-1443,United Kingdom
100071,SKU-HOU-003,Microfiber Cleaning Towels 4-Pack,2,2024/06/17,6.05,CUST-1450,Canada
100072,SKU-SNK-002,Roasted Almonds & Cranberry Mix 200g,3,2024/09/08,4.67,CUST-1234,France
100072,SKU-BEV-002,Organic Green Tea 500ml,9,2024/12/30,2.27,CUST-1295,Canada
100072,SKU-FRZ-001,Frozen Organic Mixed Berries 400g,8,2024-02-03 01:00:00,4.73,CUST-1000,Canada
100073,SKU-HOU-001,Eco-Friendly Dishwashing Liquid 1L,4,31-03-2024 01:00,3.63,CUST-1462,United States
100073,SKU-SNK-002,Roasted Almonds & Cranberry Mix 200g,2,2024/06/08,4.67,CUST-1348,United States
100073,SKU-HOU-003,Microfiber Cleaning Towels 4-Pack,7,2024/03/23,5.97,CUST-1188,United Kingdom
100074,SKU-HOU-003,Microfiber Cleaning Towels 4-Pack,5,03/31/2024 21:00,6.72,CUST-1383,Canada
100074,SKU-DRY-002,Extra Virgin Olive Oil 750ml,6,2024-05-28 07:00:00,12.86,CUST-1405,Germany
100074,SKU-SNK-001,Artisan Sea Salt Potato Chips 150g,4,2024-07-13 12:00:00,2.81,CUST-1151,United Kingdom
100075,SKU-BEV-002,Organic Green Tea 500ml,4,2024/06/13,2.78,CUST-1198,Australia
100075,SKU-DRY-003,Whole Grain Pasta 500g,6,2024/04/27,1.87,,Canada
100075,SKU-PER-002,Moisturizing Face Cleanser 150ml,6,2024/12/08,10.41,CUST-1040,United Kingdom
100076,SKU-BEV-003,Sparkling Mineral Water 1L,5,2024/08/11,1.87,CUST-1488,United States
100076,SKU-FRZ-001,Frozen Organic Mixed Berries 400g,7,2024-10-23 14:00:00,4.52,CUST-1362,United States
100076,SKU-SNK-003,Dark Chocolate 70% Bar 100g,4,23-12-2024 00:00,3.57,CUST-1015,Canada
100077,SKU-BEV-002,Organic Green Tea 500ml,5,2024-06-28 12:00:00,2.16,CUST-1395,Australia
100077,SKU-BEV-002,Organic Green Tea 500ml,3,2024-06-04 22:00:00,2.3,CUST-1476,United States
100077,SKU-FRZ-001,Frozen Organic Mixed Berries 400g,8,10/13/2024 06:00,5.11,CUST-1257,United States
100078,SKU-HOU-002,Multi-Surface Disinfectant Wipes 80ct,11,2024-12-18 02:00:00,4.94,CUST-1283,Germany
100078,  SKU-PER-001  ,Antibacterial Hand Soap 300ml,5,07/26/2024 11:00,4.24,CUST-1389,United Kingdom
100078,SKU-DRY-001,Basmati Long Grain Rice 5kg,5,01/17/2024 07:00,0.0,CUST-1388,France
100079,SKU-BEV-002,Organic Green Tea 500ml,4,05/20/2024 01:00,2.84,,Australia
100079,SKU-FRZ-001,Frozen Organic Mixed Berries 400g,6,2024/09/11,4.21,,Canada
100079,SKU-BEV-003,Sparkling Mineral Water 1L,6,10-06-2024 15:00,1.95,CUST-1139,United Kingdom
100080,SKU-HOU-002,Multi-Surface Disinfectant Wipes 80ct,6,03/15/2024 09:00,4.71,CUST-1231,Germany
100080,SKU-BEV-002,Organic Green Tea 500ml,3,17-04-2024 14:00,2.15,CUST-1127,Canada
100080,SKU-PER-002,Moisturizing Face Cleanser 150ml,3,23-07-2024 00:00,11.34,CUST-1048,United Kingdom
100081,SKU-BEV-001,Cold Brew Coffee 250ml,6,05/31/2024 17:00,4.21,CUST-1469,United States
100081,SKU-SNK-001,Artisan Sea Salt Potato Chips 150g,3,10/29/2024 17:00,3.27,,Canada
100081,SKU-DRY-001,Basmati Long Grain Rice 5kg,2,2024-12-04 16:00:00,12.42,CUST-1076,Australia
100082,SKU-PER-002,Moisturizing Face Cleanser 150ml,7,2024/07/20,8.67,CUST-1452,United Kingdom
100082,SKU-HOU-002,Multi-Surface Disinfectant Wipes 80ct,5,2024/01/14,5.06,CUST-1198,United States
100082,SKU-SNK-001,Artisan Sea Salt Potato Chips 150g,4,21-01-2024 00:00,3.02,CUST-1051,United Kingdom
100083,SKU-HOU-003,Microfiber Cleaning Towels 4-Pack,6,02/08/2024 04:00,6.28,CUST-1121,France
100083,SKU-FRZ-001,Frozen Organic Mixed Berries 400g,6,20-01-2024 06:00,4.88,CUST-1252,United Kingdom
100083,SKU-BEV-002,Organic Green Tea 500ml,2,02/08/2024 08:00,2.47,CUST-1174,Germany
100084,SKU-BEV-003,Sparkling Mineral Water 1L,6,2024-04-06 16:00:00,2.04,CUST-1051,Germany
100084,SKU-BEV-003,Sparkling Mineral Water 1L,8,2024/10/25,2.04,CUST-1114,United Kingdom
100084,SKU-HOU-001,Eco-Friendly Dishwashing Liquid 1L,0,07/20/2024 01:00,4.3,CUST-1162,Australia
100085,SKU-PER-001,Antibacterial Hand Soap 300ml,5,2024/03/12,3.92,CUST-1045,France
C100085,SKU-FRZ-001,Frozen Organic Mixed Berries 400g,-5,2024/08/17,5.07,CUST-1024,France
100085,SKU-BEV-003,Sparkling Mineral Water 1L,1,2024/10/09,1.72,CUST-1388,United Kingdom
C100086,SKU-HOU-002,Multi-Surface Disinfectant Wipes 80ct,-3,23-01-2024 19:00,4.4,CUST-1038,United States
100086,SKU-PER-001,Antibacterial Hand Soap 300ml,6,2024-11-25 13:00:00,4.39,CUST-1498,France
100086,SKU-FRZ-001,,3,30-06-2024 02:00,4.64,,United States
100087,SKU-PER-002,Moisturizing Face Cleanser 150ml,6,11/23/2024 21:00,10.4,CUST-1401,Canada
100087,SKU-SNK-002,Roasted Almonds & Cranberry Mix 200g,1,2024/03/03,5.27,CUST-1115,Australia
100087,SKU-HOU-002,Multi-Surface Disinfectant Wipes 80ct,3,2024-03-07 00:00:00,4.86,,Australia
100088,SKU-DRY-003,Whole Grain Pasta 500g,2,11/20/2024 03:00,2.45,CUST-1409,Australia
100088,SKU-HOU-002,Multi-Surface Disinfectant Wipes 80ct,3,11/02/2024 13:00,4.56,,United Kingdom
100088,SKU-PER-002,Moisturizing Face Cleanser 150ml,5,10-04-2024 22:00,10.91,CUST-1438,Canada
100089,SKU-BEV-001,Cold Brew Coffee 250ml,4,2024/12/22,4.07,CUST-1054,United States
100089,SKU-HOU-003,Microfiber Cleaning Towels 4-Pack,5,2024/08/22,6.64,CUST-1316,France
100089,SKU-DRY-001,Basmati Long Grain Rice 5kg,5,08/14/2024 07:00,12.09,CUST-1159,Canada
100090,SKU-PER-002,Moisturizing Face Cleanser 150ml,8,03/08/2024 01:00,9.82,CUST-1330,Canada
100090,SKU-HOU-003,Microfiber Cleaning Towels 4-Pack,2,2024/10/04,7.13,CUST-1259,Australia
100090,SKU-BEV-001,Cold Brew Coffee 250ml,5,04/28/2024 14:00,3.46,CUST-1101,Canada
100091,SKU-PER-002,Moisturizing Face Cleanser 150ml,7,2024-03-25 13:00:00,9.83,CUST-1176,Germany
C100091,SKU-HOU-001,Eco-Friendly Dishwashing Liquid 1L,-6,02-03-2024 16:00,4.3,CUST-1115,Germany
100091,SKU-DRY-003,Whole Grain Pasta 500g,2,2024-01-14 16:00:00,1.98,CUST-1482,France
100092,SKU-DRY-001,Basmati Long Grain Rice 5kg,7,14-09-2024 00:00,12.22,CUST-1003,France
100092,SKU-HOU-003,Microfiber Cleaning Towels 4-Pack,5,12-09-2024 11:00,5.65,CUST-1133,France
100092,SKU-BEV-003,Sparkling Mineral Water 1L,8,12/19/2024 03:00,1.95,CUST-1369,Canada
100093,SKU-SNK-002,Roasted Almonds & Cranberry Mix 200g,5,2024/10/12,5.83,CUST-1113,France
100093,SKU-FRZ-001,Frozen Organic Mixed Berries 400g,6,01-09-2024 17:00,5.33,CUST-1132,Australia
100093,SKU-BEV-003,Sparkling Mineral Water 1L,7,2024-08-17 03:00:00,1.99,CUST-1299,United States
100094,SKU-HOU-003,Microfiber Cleaning Towels 4-Pack,5,2024/02/18,7.22,,United Kingdom
100094,SKU-SNK-003,Dark Chocolate 70% Bar 100g,6,2024/10/06,2.97,CUST-1160,United States
100094,SKU-SNK-001,Artisan Sea Salt Potato Chips 150g,2,04/25/2024 02:00,2.62,CUST-1494,United States
100095,SKU-SNK-001,Artisan Sea Salt Potato Chips 150g,5,2024-09-11 16:00:00,3.02,CUST-1115,Germany
100095,SKU-BEV-002,Organic Green Tea 500ml,4,18-09-2024 20:00,2.34,CUST-1172,France
100095,SKU-SNK-003,Dark Chocolate 70% Bar 100g,2,30-11-2024 15:00,3.69,CUST-1067,United States
100096,SKU-BEV-003,Sparkling Mineral Water 1L,8,25-03-2024 01:00,1.72,CUST-1304,France
100096,SKU-HOU-003,Microfiber Cleaning Towels 4-Pack,3,2024-01-14 11:00:00,6.27,CUST-1355,United States
100096,SKU-PER-002,Moisturizing Face Cleanser 150ml,4,09-03-2024 22:00,9.75,CUST-1144,United States
100097,SKU-PER-001,Antibacterial Hand Soap 300ml,5,16-05-2024 08:00,4.07,CUST-1466,Canada
100097,SKU-BEV-001,Cold Brew Coffee 250ml,4,2024-01-09 16:00:00,4.19,CUST-1370,Germany
100097,SKU-DRY-002,Extra Virgin Olive Oil 750ml,8,21-07-2024 02:00,13.08,CUST-1160,United States
100098,SKU-HOU-002,Multi-Surface Disinfectant Wipes 80ct,2,2024-02-01 07:00:00,4.5,CUST-1449,Germany
100098,SKU-BEV-003,Sparkling Mineral Water 1L,5,2024/03/18,1.97,CUST-1453,United States
100098,SKU-HOU-001,Eco-Friendly Dishwashing Liquid 1L,8,02/10/2024 00:00,3.87,CUST-1398,United States
100099,SKU-FRZ-001,Frozen Organic Mixed Berries 400g,5,2024/03/30,4.66,CUST-1360,Australia
100099,SKU-PER-001,Antibacterial Hand Soap 300ml,7,01-06-2024 21:00,4.4,CUST-1339,Canada
100099,SKU-HOU-003,Microfiber Cleaning Towels 4-Pack,4,2024-02-07 06:00:00,7.18,,United Kingdom
100100,SKU-SNK-002,Roasted Almonds & Cranberry Mix 200g,9,02/04/2024 08:00,6.01,CUST-1045,Canada
100100,SKU-DRY-002,Extra Virgin Olive Oil 750ml,7,2024-01-13 03:00:00,14.71,CUST-1326,Australia
100100,SKU-PER-002,Moisturizing Face Cleanser 150ml,2,07-11-2024 10:00,9.16,CUST-1242,Germany
C100101,SKU-BEV-002,Organic Green Tea 500ml,-5,03/07/2024 12:00,2.59,CUST-1054,United Kingdom
100101,SKU-HOU-003,Microfiber Cleaning Towels 4-Pack,4,2024-10-06 08:00:00,5.76,CUST-1097,United States
100101,SKU-BEV-001,Cold Brew Coffee 250ml,4,2024/03/25,4.0,CUST-1283,Australia
100102,SKU-DRY-003,Whole Grain Pasta 500g,6,04/30/2024 23:00,2.12,CUST-1196,Australia
100102,SKU-HOU-002,Multi-Surface Disinfectant Wipes 80ct,5,18-06-2024 11:00,4.68,CUST-1453,Germany
100102,SKU-DRY-003,Whole Grain Pasta 500g,6,08/02/2024 07:00,2.05,CUST-1332,United Kingdom
100103,SKU-HOU-001,Eco-Friendly Dishwashing Liquid 1L,2,2024-08-08 01:00:00,3.99,CUST-1457,Germany
C100103,SKU-DRY-001,Basmati Long Grain Rice 5kg,-5,2024-01-09 17:00:00,13.65,CUST-1146,United Kingdom
100103,SKU-HOU-001,Eco-Friendly Dishwashing Liquid 1L,4,07/20/2024 11:00,4.26,CUST-1442,France
100104,SKU-SNK-001,Artisan Sea Salt Potato Chips 150g,4,14-12-2024 18:00,2.88,CUST-1494,United States
100104,SKU-SNK-001,Artisan Sea Salt Potato Chips 150g,6,10/29/2024 11:00,3.12,CUST-1397,United Kingdom
100104,  SKU-BEV-003  ,Sparkling Mineral Water 1L,3,02/20/2024 20:00,1.59,CUST-1082,Germany
100105,SKU-DRY-002,Extra Virgin Olive Oil 750ml,4,2024-04-15 16:00:00,12.55,CUST-1251,Australia
100105,SKU-HOU-002,Multi-Surface Disinfectant Wipes 80ct,7,08/04/2024 23:00,5.42,CUST-1178,United Kingdom
100105,SKU-SNK-003,Dark Chocolate 70% Bar 100g,7,03-09-2024 07:00,3.32,CUST-1004,Germany
100106,SKU-FRZ-001,Frozen Organic Mixed Berries 400g,6,2024-06-15 10:00:00,5.39,CUST-1144,Australia
100106,SKU-SNK-003,Dark Chocolate 70% Bar 100g,6,2024/12/17,3.44,CUST-1497,Australia
100106,SKU-PER-002,Moisturizing Face Cleanser 150ml,6,02/14/2024 16:00,11.08,CUST-1359,France
C100107,SKU-PER-002,Moisturizing Face Cleanser 150ml,-3,02/19/2024 05:00,8.61,CUST-1036,United Kingdom
100107,SKU-DRY-001,Basmati Long Grain Rice 5kg,6,2024/09/21,11.11,CUST-1316,France
100107,SKU-HOU-001,Eco-Friendly Dishwashing Liquid 1L,6,19-02-2024 13:00,4.22,CUST-1224,France
100108,SKU-BEV-003,Sparkling Mineral Water 1L,5,12/30/2024 04:00,1.95,CUST-1346,France
100108,SKU-BEV-001,Cold Brew Coffee 250ml,4,2024-04-06 12:00:00,3.86,CUST-1379,Germany
100108,SKU-FRZ-001,Frozen Organic Mixed Berries 400g,3,12/15/2024 21:00,5.27,CUST-1436,Australia
100109,SKU-DRY-003,Whole Grain Pasta 500g,4,19-02-2024 22:00,1.99,CUST-1343,United States
100109,SKU-BEV-002,Organic Green Tea 500ml,4,12-05-2024 02:00,2.61,CUST-1413,Canada
100109,SKU-SNK-003,Dark Chocolate 70% Bar 100g,6,06/17/2024 01:00,3.07,CUST-1245,Germany
100110,SKU-DRY-002,Extra Virgin Olive Oil 750ml,7,03/15/2024 07:00,13.55,CUST-1375,United States
100110,SKU-FRZ-001,Frozen Organic Mixed Berries 400g,5,2024-01-13 17:00:00,5.18,CUST-1457,Canada
100110,SKU-BEV-003,Sparkling Mineral Water 1L,4,2024/09/06,1.92,CUST-1203,United States
100111,SKU-HOU-003,Microfiber Cleaning Towels 4-Pack,6,04/23/2024 05:00,7.37,CUST-1247,United States
100111,SKU-DRY-002,Extra Virgin Olive Oil 750ml,8,2024-06-07 04:00:00,15.23,CUST-1469,United States
100111,SKU-PER-002,Moisturizing Face Cleanser 150ml,6,2024-08-09 05:00:00,10.98,CUST-1089,Canada
100112,SKU-PER-002,Moisturizing Face Cleanser 150ml,4,23-02-2024 03:00,10.04,CUST-1246,United States
100112,SKU-BEV-003,Sparkling Mineral Water 1L,6,10/27/2024 07:00,1.67,CUST-1418,United Kingdom
100112,SKU-SNK-003,Dark Chocolate 70% Bar 100g,8,2024/03/18,3.38,CUST-1065,United Kingdom
100113,SKU-DRY-003,Whole Grain Pasta 500g,8,01/27/2024 18:00,1.98,CUST-1009,France
100113,SKU-SNK-002,Roasted Almonds & Cranberry Mix 200g,4,02/28/2024 12:00,6.09,CUST-1406,United Kingdom
100113,SKU-DRY-003,,8,06/29/2024 13:00,2.16,CUST-1055,Australia
100114,SKU-DRY-003,Whole Grain Pasta 500g,5,10/13/2024 13:00,2.45,CUST-1385,Canada
100114,SKU-FRZ-001,Frozen Organic Mixed Berries 400g,3,2024/01/01,4.13,CUST-1404,Germany
100114,SKU-HOU-001,Eco-Friendly Dishwashing Liquid 1L,6,2024/03/07,3.58,CUST-1209,United States
100115,SKU-HOU-002,Multi-Surface Disinfectant Wipes 80ct,4,2024-01-05 20:00:00,4.55,CUST-1218,Germany
100115,SKU-DRY-003,Whole Grain Pasta 500g,4,16-10-2024 03:00,2.12,CUST-1091,Australia
100115,SKU-SNK-002,Roasted Almonds & Cranberry Mix 200g,4,2024/08/23,5.75,CUST-1082,Australia
100116,SKU-SNK-003,Dark Chocolate 70% Bar 100g,5,02/05/2024 12:00,3.59,CUST-1045,United Kingdom
100116,SKU-PER-001,Antibacterial Hand Soap 300ml,2,2024/01/26,4.45,,United Kingdom
100116,SKU-DRY-002,Extra Virgin Olive Oil 750ml,4,01/08/2024 07:00,14.58,CUST-1357,United Kingdom
100117,SKU-SNK-003,Dark Chocolate 70% Bar 100g,8,2024-06-12 07:00:00,3.07,CUST-1102,France
100117,SKU-FRZ-001,Frozen Organic Mixed Berries 400g,4,02-03-2024 13:00,4.91,CUST-1493,Canada
100117,SKU-SNK-002,Roasted Almonds & Cranberry Mix 200g,6,2024/04/29,5.5,CUST-1131,Australia
100118,SKU-DRY-002,Extra Virgin Olive Oil 750ml,3,2024/09/14,16.51,CUST-1014,Germany
100118,SKU-PER-002,Moisturizing Face Cleanser 150ml,4,05/30/2024 10:00,9.55,CUST-1147,France
100118,SKU-SNK-003,Dark Chocolate 70% Bar 100g,2,02/21/2024 21:00,3.68,CUST-1465,France
100119,SKU-HOU-001,Eco-Friendly Dishwashing Liquid 1L,6,14-06-2024 05:00,3.6,CUST-1471,France
100119,SKU-BEV-001,Cold Brew Coffee 250ml,5,2024/01/29,4.47,CUST-1093,Australia
100119,SKU-SNK-001,Artisan Sea Salt Potato Chips 150g,4,2024-03-28 13:00:00,3.38,CUST-1397,United States
C100120,SKU-DRY-002,Extra Virgin Olive Oil 750ml,-8,2024-08-03 11:00:00,14.85,CUST-1280,Germany
100120,SKU-PER-001,Antibacterial Hand Soap 300ml,5,22-08-2024 05:00,4.15,CUST-1230,United Kingdom
100120,SKU-PER-002,Moisturizing Face Cleanser 150ml,8,2024-06-05 00:00:00,10.16,CUST-1378,United States
100121,SKU-DRY-002,Extra Virgin Olive Oil 750ml,6,01-04-2024 19:00,14.77,CUST-1030,Germany
100121,SKU-PER-002,Moisturizing Face Cleanser 150ml,3,2024/03/06,9.57,CUST-1210,France
100121,SKU-SNK-001,Artisan Sea Salt Potato Chips 150g,2,29-04-2024 03:00,2.98,CUST-1146,United Kingdom
100122,SKU-PER-002,Moisturizing Face Cleanser 150ml,7,2024/08/18,11.04,CUST-1162,France
100122,SKU-PER-002,Moisturizing Face Cleanser 150ml,3,26-09-2024 23:00,11.3,CUST-1085,United States
100122,SKU-SNK-001,Artisan Sea Salt Potato Chips 150g,4,2024-06-20 18:00:00,2.63,,Australia
100123,SKU-BEV-002,Organic Green Tea 500ml,4,11-03-2024 22:00,2.81,CUST-1226,United Kingdom
100123,SKU-BEV-003,Sparkling Mineral Water 1L,4,2024-01-20 12:00:00,1.7,CUST-1139,United Kingdom
100123,SKU-HOU-001,Eco-Friendly Dishwashing Liquid 1L,5,2024/04/30,3.96,CUST-1177,United Kingdom
100124,SKU-DRY-002,Extra Virgin Olive Oil 750ml,10,29-07-2024 04:00,12.37,CUST-1146,United States
C100124,SKU-DRY-002,Extra Virgin Olive Oil 750ml,-5,21-11-2024 16:00,13.6,CUST-1210,Canada
100124,SKU-BEV-003,Sparkling Mineral Water 1L,5,2024/09/23,1.86,CUST-1355,Germany
100125,SKU-DRY-003,Whole Grain Pasta 500g,8,2024/07/02,1.95,CUST-1358,United Kingdom
100125,SKU-BEV-003,,8,2024-02-03 21:00:00,1.67,CUST-1077,United Kingdom
100125,SKU-SNK-002,Roasted Almonds & Cranberry Mix 200g,5,06-12-2024 05:00,5.21,,United States
100126,SKU-BEV-003,Sparkling Mineral Water 1L,4,11-05-2024 04:00,1.59,CUST-1226,United States
100126,SKU-HOU-001,Eco-Friendly Dishwashing Liquid 1L,7,03/05/2024 03:00,3.67,,Australia
100126,SKU-DRY-002,Extra Virgin Olive Oil 750ml,7,07/22/2024 23:00,15.23,CUST-1007,Germany
100127,SKU-DRY-001,Basmati Long Grain Rice 5kg,1,2024-06-14 22:00:00,13.73,CUST-1127,United States
100127,SKU-SNK-003,Dark Chocolate 70% Bar 100g,4,2024-02-10 23:00:00,3.33,CUST-1285,Germany
100127,SKU-DRY-002,Extra Virgin Olive Oil 750ml,6,2024-05-11 17:00:00,12.91,CUST-1150,Canada
100128,SKU-BEV-003,Sparkling Mineral Water 1L,5,25-08-2024 08:00,1.97,,Germany
C100128,SKU-DRY-003,Whole Grain Pasta 500g,-4,2024/09/07,2.11,CUST-1397,Germany
100128,SKU-PER-002,Moisturizing Face Cleanser 150ml,4,09/21/2024 12:00,10.14,CUST-1056,France
100129,SKU-HOU-003,Microfiber Cleaning Towels 4-Pack,8,03/29/2024 14:00,6.47,CUST-1336,Australia
100129,SKU-SNK-002,Roasted Almonds & Cranberry Mix 200g,4,03-02-2024 12:00,4.69,CUST-1426,France
100129,SKU-DRY-003,Whole Grain Pasta 500g,4,10-10-2024 22:00,2.27,CUST-1039,Australia
100130,SKU-HOU-001,Eco-Friendly Dishwashing Liquid 1L,4,2024/06/06,3.6,CUST-1212,France
100130,SKU-PER-002,Moisturizing Face Cleanser 150ml,7,2024/11/09,9.03,CUST-1307,Germany
100130,SKU-DRY-003,Whole Grain Pasta 500g,4,09-08-2024 15:00,2.4,CUST-1192,France
C100131,SKU-DRY-002,Extra Virgin Olive Oil 750ml,-7,2024/11/01,13.56,CUST-1003,United Kingdom
100131,SKU-SNK-003,Dark Chocolate 70% Bar 100g,3,15-01-2024 19:00,3.36,CUST-1079,Germany
100131,SKU-SNK-001,Artisan Sea Salt Potato Chips 150g,8,08-06-2024 01:00,2.9,CUST-1405,Canada
100132,SKU-HOU-001,Eco-Friendly Dishwashing Liquid 1L,5,06-03-2024 02:00,3.75,CUST-1450,Canada
100132,SKU-BEV-002,Organic Green Tea 500ml,5,2024-06-03 18:00:00,2.16,CUST-1167,United Kingdom
100132,SKU-PER-002,Moisturizing Face Cleanser 150ml,2,2024/09/25,8.76,CUST-1172,Australia
100133,SKU-DRY-003,Whole Grain Pasta 500g,6,29-09-2024 12:00,2.37,CUST-1249,Australia
100133,SKU-PER-001,Antibacterial Hand Soap 300ml,7,12/23/2024 21:00,4.16,CUST-1211,Germany
100133,SKU-SNK-003,Dark Chocolate 70% Bar 100g,2,17-01-2024 12:00,3.61,CUST-1473,United Kingdom
100134,SKU-BEV-003,Sparkling Mineral Water 1L,6,2024-02-28 13:00:00,1.85,CUST-1175,United States
100134,SKU-DRY-002,Extra Virgin Olive Oil 750ml,6,16-01-2024 12:00,13.21,CUST-1373,France
100134,SKU-BEV-001,,2,2024-09-14 02:00:00,3.63,CUST-1483,Canada
C100135,SKU-PER-002,Moisturizing Face Cleanser 150ml,-4,2024-09-02 21:00:00,10.44,CUST-1050,Canada
100135,SKU-DRY-003,Whole Grain Pasta 500g,5,03/01/2024 02:00,2.23,CUST-1156,Canada
100135,SKU-BEV-001,Cold Brew Coffee 250ml,2,24-08-2024 17:00,4.58,,Canada
100136,SKU-HOU-003,Microfiber Cleaning Towels 4-Pack,3,21-01-2024 02:00,6.29,CUST-1347,France
100136,SKU-DRY-001,Basmati Long Grain Rice 5kg,5,06/13/2024 02:00,13.4,CUST-1297,United Kingdom
100136,SKU-SNK-002,Roasted Almonds & Cranberry Mix 200g,5,12/23/2024 14:00,5.93,CUST-1034,France
100137,SKU-SNK-003,Dark Chocolate 70% Bar 100g,6,2024-04-09 08:00:00,3.21,CUST-1457,France
100137,SKU-HOU-002,Multi-Surface Disinfectant Wipes 80ct,6,2024-05-08 07:00:00,5.72,CUST-1305,France
100137,SKU-BEV-002,Organic Green Tea 500ml,2,11/21/2024 08:00,2.65,CUST-1070,United Kingdom
100138,SKU-HOU-002,Multi-Surface Disinfectant Wipes 80ct,5,11-01-2024 05:00,5.25,CUST-1488,Australia
100138,SKU-SNK-003,Dark Chocolate 70% Bar 100g,4,11/08/2024 08:00,3.4,CUST-1480,Australia
100138,SKU-PER-002,Moisturizing Face Cleanser 150ml,4,2024-01-27 06:00:00,8.62,CUST-1376,Canada
100139,SKU-PER-002,Moisturizing Face Cleanser 150ml,7,02/03/2024 15:00,9.4,CUST-1313,France
100139,SKU-BEV-003,Sparkling Mineral Water 1L,4,2024/11/12,1.62,CUST-1201,Canada
100139,SKU-DRY-002,Extra Virgin Olive Oil 750ml,4,2024/05/17,15.15,CUST-1046,Canada
100140,SKU-BEV-002,Organic Green Tea 500ml,3,2024/12/23,2.57,,Germany
100140,SKU-PER-002,Moisturizing Face Cleanser 150ml,7,04/12/2024 11:00,10.63,CUST-1228,United Kingdom
100140,SKU-BEV-003,Sparkling Mineral Water 1L,5,2024-05-18 11:00:00,1.77,,United Kingdom
100141,SKU-PER-002,Moisturizing Face Cleanser 150ml,4,2024/11/20,10.29,CUST-1285,United Kingdom
100141,SKU-BEV-003,Sparkling Mineral Water 1L,5,07-02-2024 14:00,1.88,CUST-1025,United Kingdom
100141,SKU-SNK-002,Roasted Almonds & Cranberry Mix 200g,6,2024/05/01,4.73,CUST-1419,Canada
100142,SKU-BEV-002,Organic Green Tea 500ml,7,2024/07/18,2.32,CUST-1313,Australia
100142,SKU-PER-002,Moisturizing Face Cleanser 150ml,8,2024-12-27 02:00:00,11.29,CUST-1162,Australia
100142,SKU-SNK-003,,5,2024/03/29,3.28,CUST-1099,United States
100143,SKU-HOU-002,Multi-Surface Disinfectant Wipes 80ct,5,03/21/2024 12:00,4.86,CUST-1005,France
100143,SKU-HOU-002,Multi-Surface Disinfectant Wipes 80ct,7,16-02-2024 07:00,5.39,CUST-1291,United States
100143,SKU-SNK-001,Artisan Sea Salt Potato Chips 150g,4,13-08-2024 15:00,2.97,CUST-1235,Australia
100144,SKU-DRY-002,Extra Virgin Olive Oil 750ml,5,2024-10-09 14:00:00,15.48,CUST-1350,Germany
100144,SKU-BEV-003,Sparkling Mineral Water 1L,7,2024-07-10 11:00:00,1.81,CUST-1059,Germany
100144,SKU-SNK-003,Dark Chocolate 70% Bar 100g,7,22-01-2024 14:00,3.03,CUST-1154,Germany
100145,SKU-HOU-002,Multi-Surface Disinfectant Wipes 80ct,4,2024-05-17 23:00:00,4.96,CUST-1375,Germany
100145,SKU-BEV-003,Sparkling Mineral Water 1L,3,03/08/2024 01:00,1.73,CUST-1022,Australia
100145,SKU-SNK-003,Dark Chocolate 70% Bar 100g,9,2024-11-14 17:00:00,3.53,CUST-1107,United Kingdom
100146,SKU-DRY-003,Whole Grain Pasta 500g,5,2024/08/05,1.96,CUST-1052,Germany
100146,SKU-SNK-002,Roasted Almonds & Cranberry Mix 200g,5,06-04-2024 15:00,5.18,,France
100146,SKU-DRY-001,Basmati Long Grain Rice 5kg,5,2024-02-06 17:00:00,13.36,CUST-1315,Germany
100147,SKU-HOU-001,Eco-Friendly Dishwashing Liquid 1L,2,2024-12-30 04:00:00,3.85,CUST-1239,Germany
100147,SKU-HOU-001,Eco-Friendly Dishwashing Liquid 1L,11,2024/11/13,4.31,CUST-1358,Germany
100147,SKU-FRZ-001,Frozen Organic Mixed Berries 400g,7,2024/08/09,4.23,CUST-1178,United Kingdom
100148,SKU-DRY-001,Basmati Long Grain Rice 5kg,2,14-03-2024 00:00,12.22,CUST-1124,Canada
100148,SKU-SNK-003,Dark Chocolate 70% Bar 100g,9,2024/05/22,3.57,CUST-1039,France
100148,SKU-DRY-002,Extra Virgin Olive Oil 750ml,7,2024/03/19,14.26,CUST-1350,Canada
100149,SKU-PER-002,Moisturizing Face Cleanser 150ml,4,2024-02-11 23:00:00,10.23,CUST-1338,Australia
100149,SKU-PER-001,Antibacterial Hand Soap 300ml,1,11/01/2024 06:00,3.99,CUST-1479,Germany
100149,SKU-PER-001,Antibacterial Hand Soap 300ml,5,2024/01/06,3.69,,Germany
100150,SKU-SNK-002,Roasted Almonds & Cranberry Mix 200g,6,01/22/2024 06:00,5.7,CUST-1108,Canada
100150,SKU-DRY-003,,3,19-09-2024 13:00,2.52,,France
100150,SKU-PER-002,Moisturizing Face Cleanser 150ml,3,10/25/2024 03:00,9.74,CUST-1217,Canada
100151,SKU-DRY-003,Whole Grain Pasta 500g,5,2024/11/03,2.26,CUST-1256,Australia
100151,SKU-BEV-001,Cold Brew Coffee 250ml,4,2024/01/26,3.97,CUST-1439,Germany
100151,SKU-BEV-002,Organic Green Tea 500ml,8,2024-12-23 06:00:00,2.61,CUST-1296,United States
100152,SKU-DRY-003,Whole Grain Pasta 500g,8,2024/01/08,2.24,CUST-1150,United States
100152,SKU-PER-001,Antibacterial Hand Soap 300ml,4,26-07-2024 13:00,3.83,CUST-1319,Canada
100152,SKU-DRY-003,Whole Grain Pasta 500g,8,22-02-2024 11:00,2.04,CUST-1465,United Kingdom
100153,SKU-SNK-003,Dark Chocolate 70% Bar 100g,2,29-04-2024 17:00,2.97,CUST-1495,United Kingdom
100153,SKU-HOU-002,Multi-Surface Disinfectant Wipes 80ct,3,2024/10/08,5.2,CUST-1328,United States
100153,SKU-DRY-002,Extra Virgin Olive Oil 750ml,4,2024/09/29,15.6,CUST-1242,Australia
100154,SKU-BEV-001,Cold Brew Coffee 250ml,4,2024/07/16,4.03,CUST-1181,Canada
100154,SKU-PER-002,Moisturizing Face Cleanser 150ml,3,05-07-2024 02:00,9.26,CUST-1123,Australia
100154,SKU-DRY-003,Whole Grain Pasta 500g,1,08/18/2024 08:00,1.87,CUST-1350,United Kingdom
C100155,SKU-SNK-002,Roasted Almonds & Cranberry Mix 200g,-2,2024-05-11 19:00:00,6.21,CUST-1326,United States
100155,SKU-PER-001,Antibacterial Hand Soap 300ml,4,2024/03/29,4.33,CUST-1129,France
100155,SKU-PER-002,Moisturizing Face Cleanser 150ml,5,05-11-2024 13:00,10.49,CUST-1141,Canada
100156,SKU-BEV-001,Cold Brew Coffee 250ml,4,25-06-2024 06:00,4.56,CUST-1055,Canada
100156,SKU-PER-002,Moisturizing Face Cleanser 150ml,6,2024/03/13,8.71,CUST-1459,France
100156,SKU-FRZ-001,Frozen Organic Mixed Berries 400g,7,2024/01/26,5.37,CUST-1251,Canada
C100157,SKU-HOU-002,Multi-Surface Disinfectant Wipes 80ct,-4,02/17/2024 20:00,5.47,CUST-1183,Germany
100157,SKU-PER-002,Moisturizing Face Cleanser 150ml,3,02-03-2024 21:00,8.73,CUST-1090,Canada
100157,SKU-SNK-002,Roasted Almonds & Cranberry Mix 200g,4,2024-09-23 07:00:00,4.81,CUST-1098,Australia
100158,SKU-DRY-001,Basmati Long Grain Rice 5kg,4,13-02-2024 00:00,14.2,CUST-1172,United States
100158,SKU-SNK-001,Artisan Sea Salt Potato Chips 150g,4,2024/12/23,3.02,,Canada
100158,SKU-DRY-002,Extra Virgin Olive Oil 750ml,7,02/01/2024 06:00,13.07,CUST-1233,Australia
100159,SKU-HOU-003,Microfiber Cleaning Towels 4-Pack,8,2024-03-13 14:00:00,5.96,CUST-1377,Germany
100159,SKU-PER-002,Moisturizing Face Cleanser 150ml,3,03-04-2024 18:00,10.78,CUST-1072,United Kingdom
100159,SKU-DRY-003,,5,2024/04/22,1.95,CUST-1080,Canada
100160,SKU-BEV-001,Cold Brew Coffee 250ml,4,2024-05-02 11:00:00,3.73,CUST-1064,France
100160,SKU-DRY-002,Extra Virgin Olive Oil 750ml,7,10/08/2024 06:00,12.49,CUST-1321,Germany
100160,SKU-BEV-001,Cold Brew Coffee 250ml,9,06/09/2024 20:00,3.51,CUST-1112,France
100161,SKU-SNK-002,Roasted Almonds & Cranberry Mix 200g,6,02/06/2024 05:00,6.06,CUST-1472,France
100161,SKU-SNK-001,Artisan Sea Salt Potato Chips 150g,5,23-10-2024 17:00,3.22,CUST-1090,United States
100161,SKU-BEV-002,Organic Green Tea 500ml,2,02/18/2024 08:00,2.36,CUST-1398,United Kingdom
100162,SKU-HOU-001,Eco-Friendly Dishwashing Liquid 1L,3,10/08/2024 15:00,3.86,CUST-1475,United Kingdom
100162,SKU-BEV-003,Sparkling Mineral Water 1L,6,11/08/2024 11:00,1.63,,Canada
100162,SKU-BEV-003,Sparkling Mineral Water 1L,6,08/22/2024 13:00,1.95,CUST-1496,United Kingdom
100163,SKU-HOU-003,Microfiber Cleaning Towels 4-Pack,4,2024/12/22,6.45,CUST-1446,Germany
100163,SKU-SNK-001,Artisan Sea Salt Potato Chips 150g,2,2024-04-11 16:00:00,3.43,CUST-1201,France
100163,SKU-DRY-002,Extra Virgin Olive Oil 750ml,2,12/04/2024 02:00,15.34,CUST-1122,United States
100164,SKU-PER-002,Moisturizing Face Cleanser 150ml,5,07/27/2024 02:00,10.73,CUST-1447,United Kingdom
100164,SKU-SNK-003,Dark Chocolate 70% Bar 100g,9,2024-11-12 23:00:00,3.68,CUST-1138,Australia
100164,SKU-HOU-002,Multi-Surface Disinfectant Wipes 80ct,4,2024-05-21 09:00:00,5.64,CUST-1026,Germany
100165,SKU-BEV-001,Cold Brew Coffee 250ml,7,06-09-2024 13:00,3.47,CUST-1122,France
100165,SKU-HOU-002,Multi-Surface Disinfectant Wipes 80ct,2,05/23/2024 05:00,5.0,CUST-1231,Australia
100165,SKU-DRY-002,Extra Virgin Olive Oil 750ml,5,29-12-2024 02:00,15.25,CUST-1096,Canada
100166,SKU-DRY-001,Basmati Long Grain Rice 5kg,5,02-05-2024 01:00,11.68,CUST-1104,France
100166,SKU-DRY-001,Basmati Long Grain Rice 5kg,7,2024/03/31,13.55,CUST-1118,Australia
100166,SKU-DRY-001,Basmati Long Grain Rice 5kg,2,22-08-2024 00:00,13.11,CUST-1459,United Kingdom
100167,SKU-SNK-001,Artisan Sea Salt Potato Chips 150g,8,26-11-2024 13:00,2.58,CUST-1473,Australia
100167,SKU-BEV-003,Sparkling Mineral Water 1L,3,04/14/2024 18:00,1.69,CUST-1287,France
100167,SKU-SNK-003,Dark Chocolate 70% Bar 100g,6,10-04-2024 23:00,3.32,CUST-1393,Canada
100168,SKU-BEV-003,Sparkling Mineral Water 1L,7,03-01-2024 22:00,2.0,CUST-1341,Australia
100168,SKU-FRZ-001,Frozen Organic Mixed Berries 400g,8,28-10-2024 19:00,5.37,CUST-1205,United Kingdom
100168,SKU-BEV-002,Organic Green Tea 500ml,6,2024-08-10 19:00:00,2.51,CUST-1042,Canada
100169,SKU-BEV-002,Organic Green Tea 500ml,5,2024/12/15,2.57,CUST-1075,Canada
100169,SKU-SNK-003,Dark Chocolate 70% Bar 100g,6,09-01-2024 07:00,3.24,CUST-1379,Canada
100169,SKU-HOU-002,Multi-Surface Disinfectant Wipes 80ct,6,2024/10/16,4.37,CUST-1171,Australia
100170,SKU-BEV-002,Organic Green Tea 500ml,4,2024/01/05,2.25,CUST-1102,Canada
100170,SKU-DRY-002,Extra Virgin Olive Oil 750ml,2,29-01-2024 19:00,14.76,,France
100170,SKU-DRY-002,Extra Virgin Olive Oil 750ml,5,25-03-2024 18:00,15.32,CUST-1496,France
100171,SKU-DRY-002,Extra Virgin Olive Oil 750ml,9,24-10-2024 16:00,15.34,CUST-1432,Australia
100171,SKU-SNK-003,Dark Chocolate 70% Bar 100g,4,11/10/2024 17:00,3.15,,France
100171,SKU-DRY-003,Whole Grain Pasta 500g,3,05/12/2024 07:00,1.97,CUST-1409,France
100172,SKU-SNK-003,Dark Chocolate 70% Bar 100g,5,06-03-2024 10:00,3.31,CUST-1466,United Kingdom
100172,SKU-SNK-001,Artisan Sea Salt Potato Chips 150g,4,2024-05-08 15:00:00,2.65,CUST-1353,Canada
100172,SKU-PER-001,Antibacterial Hand Soap 300ml,4,23-12-2024 02:00,4.56,CUST-1352,United Kingdom
100173,SKU-BEV-002,Organic Green Tea 500ml,3,2024-10-17 00:00:00,2.68,CUST-1262,Canada
100173,SKU-SNK-002,Roasted Almonds & Cranberry Mix 200g,6,2024-01-30 13:00:00,4.83,CUST-1102,Germany
100173,SKU-BEV-003,Sparkling Mineral Water 1L,6,08-07-2024 08:00,1.94,,United States
100174,SKU-HOU-001,Eco-Friendly Dishwashing Liquid 1L,5,10-05-2024 18:00,3.31,CUST-1435,Germany
100174,SKU-BEV-003,Sparkling Mineral Water 1L,4,2024-10-27 03:00:00,1.73,CUST-1160,United States
100174,SKU-DRY-002,Extra Virgin Olive Oil 750ml,8,03-09-2024 14:00,13.75,CUST-1159,Canada
100175,SKU-DRY-001,Basmati Long Grain Rice 5kg,5,2024/07/17,14.32,CUST-1345,United States
100175,SKU-DRY-003,Whole Grain Pasta 500g,4,2024-02-28 00:00:00,2.25,CUST-1033,United Kingdom
100175,SKU-PER-001,Antibacterial Hand Soap 300ml,1,2024-10-02 23:00:00,4.25,CUST-1387,France
100176,SKU-SNK-003,Dark Chocolate 70% Bar 100g,3,2024/11/20,2.94,CUST-1118,United Kingdom
100176,SKU-HOU-001,Eco-Friendly Dishwashing Liquid 1L,4,2024-02-06 01:00:00,3.52,CUST-1319,United States
100176,SKU-DRY-003,,4,2024/12/02,2.18,CUST-1279,United States
100177,SKU-FRZ-001,Frozen Organic Mixed Berries 400g,6,2024/03/22,4.71,CUST-1399,France
100177,SKU-DRY-001,Basmati Long Grain Rice 5kg,5,01-04-2024 19:00,11.47,CUST-1292,Australia
100177,SKU-DRY-003,Whole Grain Pasta 500g,6,2024/02/08,2.11,CUST-1031,United States
100178,SKU-SNK-003,Dark Chocolate 70% Bar 100g,8,2024-08-26 03:00:00,3.17,CUST-1028,United Kingdom
100178,SKU-SNK-002,Roasted Almonds & Cranberry Mix 200g,4,2024-02-27 23:00:00,4.95,CUST-1216,Canada
100178,SKU-HOU-001,Eco-Friendly Dishwashing Liquid 1L,6,2024-11-16 15:00:00,3.76,CUST-1345,Canada
100179,SKU-HOU-002,Multi-Surface Disinfectant Wipes 80ct,3,08/19/2024 19:00,4.89,CUST-1430,United Kingdom
100179,SKU-BEV-001,Cold Brew Coffee 250ml,7,2024/07/21,4.54,CUST-1139,Australia
100179,SKU-SNK-001,Artisan Sea Salt Potato Chips 150g,6,2024-08-25 02:00:00,3.26,CUST-1205,Australia
100180,SKU-HOU-002,Multi-Surface Disinfectant Wipes 80ct,7,2024-05-03 06:00:00,4.52,CUST-1480,France
100180,SKU-PER-001,Antibacterial Hand Soap 300ml,4,2024-10-23 02:00:00,3.8,CUST-1222,United States
100180,SKU-HOU-003,Microfiber Cleaning Towels 4-Pack,3,08-10-2024 13:00,6.03,CUST-1098,Germany
100181,SKU-DRY-003,Whole Grain Pasta 500g,2,2024/10/24,1.97,CUST-1337,France
100181,SKU-HOU-001,Eco-Friendly Dishwashing Liquid 1L,3,2024-11-27 16:00:00,3.67,CUST-1459,France
100181,SKU-DRY-001,Basmati Long Grain Rice 5kg,4,04/05/2024 22:00,14.68,CUST-1476,Canada
100182,SKU-SNK-001,Artisan Sea Salt Potato Chips 150g,3,24-03-2024 11:00,2.89,CUST-1073,United Kingdom
100182,SKU-DRY-002,Extra Virgin Olive Oil 750ml,8,05-10-2024 18:00,14.65,CUST-1243,Germany
100182,SKU-FRZ-001,Frozen Organic Mixed Berries 400g,3,08-04-2024 22:00,4.51,,United States
100183,SKU-HOU-002,Multi-Surface Disinfectant Wipes 80ct,5,12-06-2024 14:00,5.68,CUST-1443,Canada
100183,SKU-FRZ-001,Frozen Organic Mixed Berries 400g,5,25-09-2024 06:00,5.16,CUST-1224,France
100183,SKU-BEV-001,Cold Brew Coffee 250ml,1,2024-07-06 01:00:00,3.96,CUST-1448,United States
100184,SKU-HOU-001,Eco-Friendly Dishwashing Liquid 1L,5,2024-06-27 03:00:00,4.26,,France
100184,SKU-DRY-002,Extra Virgin Olive Oil 750ml,7,2024-04-02 21:00:00,13.69,CUST-1496,France
100184,SKU-HOU-003,Microfiber Cleaning Towels 4-Pack,5,07-10-2024 02:00,5.79,CUST-1144,Canada
C100185,SKU-DRY-001,Basmati Long Grain Rice 5kg,-8,09/14/2024 14:00,13.22,CUST-1236,France
100185,SKU-BEV-001,Cold Brew Coffee 250ml,3,2024/09/30,4.54,,Canada
100185,SKU-DRY-002,Extra Virgin Olive Oil 750ml,5,03/21/2024 21:00,16.07,CUST-1066,United Kingdom
100186,SKU-HOU-003,Microfiber Cleaning Towels 4-Pack,6,07/12/2024 04:00,5.81,CUST-1464,Australia
100186,SKU-DRY-002,Extra Virgin Olive Oil 750ml,6,2024-02-28 12:00:00,16.56,CUST-1216,Germany
100186,  SKU-DRY-003  ,Whole Grain Pasta 500g,2,2024-02-10 02:00:00,2.46,CUST-1306,United States
100187,SKU-DRY-003,Whole Grain Pasta 500g,6,17-09-2024 01:00,1.95,CUST-1086,Germany
100187,SKU-BEV-003,Sparkling Mineral Water 1L,4,02-03-2024 04:00,1.66,CUST-1498,France
100187,SKU-DRY-001,Basmati Long Grain Rice 5kg,5,12-07-2024 03:00,12.07,CUST-1251,United Kingdom
100188,SKU-FRZ-001,Frozen Organic Mixed Berries 400g,3,2024-10-27 08:00:00,4.33,CUST-1059,Canada
100188,SKU-SNK-003,Dark Chocolate 70% Bar 100g,6,2024/11/27,3.65,CUST-1092,France
100188,SKU-SNK-002,Roasted Almonds & Cranberry Mix 200g,9,2024-05-24 23:00:00,5.35,CUST-1454,Germany
100189,SKU-PER-002,Moisturizing Face Cleanser 150ml,5,2024/03/24,8.81,CUST-1362,Canada
100189,SKU-SNK-002,Roasted Almonds & Cranberry Mix 200g,10,04-01-2024 23:00,6.23,CUST-1490,United Kingdom
100189,SKU-BEV-001,Cold Brew Coffee 250ml,4,12-07-2024 03:00,4.05,CUST-1122,Canada
100190,SKU-HOU-003,Microfiber Cleaning Towels 4-Pack,4,05/22/2024 03:00,6.79,CUST-1410,Germany
100190,SKU-PER-001,Antibacterial Hand Soap 300ml,1,30-03-2024 15:00,4.27,CUST-1288,United States
100190,SKU-HOU-002,Multi-Surface Disinfectant Wipes 80ct,5,09/08/2024 09:00,4.3,CUST-1351,Canada
100191,SKU-PER-002,Moisturizing Face Cleanser 150ml,5,2024-12-24 04:00:00,11.21,CUST-1462,United Kingdom
100191,SKU-SNK-002,Roasted Almonds & Cranberry Mix 200g,2,2024-02-02 13:00:00,5.51,CUST-1416,Germany
100191,SKU-HOU-002,Multi-Surface Disinfectant Wipes 80ct,4,2024-12-09 16:00:00,4.51,CUST-1448,Germany
100192,SKU-DRY-002,Extra Virgin Olive Oil 750ml,5,03-11-2024 03:00,15.85,CUST-1132,United States
100192,SKU-BEV-001,Cold Brew Coffee 250ml,8,2024/01/04,3.96,CUST-1308,Germany
100192,SKU-PER-001,Antibacterial Hand Soap 300ml,5,2024/09/03,3.78,CUST-1096,United Kingdom
100193,SKU-BEV-003,Sparkling Mineral Water 1L,4,2024/06/14,1.81,CUST-1216,United Kingdom
100193,SKU-HOU-001,Eco-Friendly Dishwashing Liquid 1L,2,2024/10/30,3.99,CUST-1026,United States
100193,SKU-HOU-001,Eco-Friendly Dishwashing Liquid 1L,6,2024/10/21,4.0,CUST-1248,France
100194,SKU-PER-002,Moisturizing Face Cleanser 150ml,8,11/29/2024 01:00,9.76,CUST-1213,United States
100194,SKU-PER-002,Moisturizing Face Cleanser 150ml,5,2024/08/24,9.35,CUST-1112,France
100194,SKU-PER-001,Antibacterial Hand Soap 300ml,5,11/15/2024 19:00,4.11,CUST-1184,United Kingdom
100195,SKU-SNK-002,Roasted Almonds & Cranberry Mix 200g,2,2024/02/28,5.66,CUST-1155,Australia
100195,SKU-BEV-001,Cold Brew Coffee 250ml,9,01-09-2024 22:00,4.38,,Australia
100195,SKU-DRY-003,Whole Grain Pasta 500g,5,2024/06/01,2.09,CUST-1077,Australia
100196,SKU-BEV-002,Organic Green Tea 500ml,2,2024/02/04,2.68,CUST-1439,Australia
100196,SKU-BEV-002,Organic Green Tea 500ml,2,2024-04-24 00:00:00,2.23,CUST-1375,United Kingdom
100196,SKU-SNK-003,Dark Chocolate 70% Bar 100g,3,2024-04-04 01:00:00,3.21,CUST-1174,United Kingdom
100197,SKU-SNK-003,Dark Chocolate 70% Bar 100g,5,10-10-2024 07:00,3.54,CUST-1219,Canada
100197,SKU-HOU-003,Microfiber Cleaning Towels 4-Pack,1,18-12-2024 08:00,7.03,,Canada
100197,SKU-BEV-003,Sparkling Mineral Water 1L,8,2024-10-23 07:00:00,2.02,CUST-1365,Australia
100198,SKU-DRY-001,Basmati Long Grain Rice 5kg,5,01-10-2024 10:00,12.38,CUST-1075,Canada
100198,SKU-FRZ-001,Frozen Organic Mixed Berries 400g,8,28-10-2024 20:00,4.65,,France
100198,SKU-FRZ-001,Frozen Organic Mixed Berries 400g,7,27-03-2024 00:00,4.52,,Australia
100199,SKU-SNK-001,Artisan Sea Salt Potato Chips 150g,6,2024/07/26,2.6,CUST-1024,United States
100199,SKU-PER-001,Antibacterial Hand Soap 300ml,8,2024/01/04,4.56,CUST-1340,Australia
100199,SKU-SNK-002,Roasted Almonds & Cranberry Mix 200g,7,07/13/2024 05:00,5.07,CUST-1184,United Kingdom
100200,SKU-HOU-003,Microfiber Cleaning Towels 4-Pack,9,2024-10-08 07:00:00,5.78,CUST-1206,Australia
100200,SKU-HOU-003,Microfiber Cleaning Towels 4-Pack,5,2024/06/29,6.87,CUST-1083,United Kingdom
100200,SKU-DRY-002,Extra Virgin Olive Oil 750ml,3,2024-03-29 07:00:00,12.47,CUST-1060,Canada
100201,SKU-SNK-003,Dark Chocolate 70% Bar 100g,9,2024-07-16 16:00:00,3.1,,Australia
100201,SKU-FRZ-001,Frozen Organic Mixed Berries 400g,7,27-07-2024 07:00,4.77,CUST-1213,Germany
100201,SKU-FRZ-001,Frozen Organic Mixed Berries 400g,3,2024/08/18,4.94,CUST-1230,United Kingdom
100202,SKU-SNK-003,Dark Chocolate 70% Bar 100g,6,2024/03/01,3.13,CUST-1142,United Kingdom
100202,SKU-PER-001,Antibacterial Hand Soap 300ml,5,2024-07-29 20:00:00,4.83,CUST-1267,Canada
100202,SKU-BEV-001,Cold Brew Coffee 250ml,4,03/23/2024 02:00,3.64,CUST-1043,Australia
100203,SKU-PER-001,Antibacterial Hand Soap 300ml,5,2024/01/31,4.17,CUST-1131,United States
100203,SKU-SNK-002,Roasted Almonds & Cranberry Mix 200g,4,04/08/2024 07:00,5.17,CUST-1166,France
100203,SKU-DRY-001,Basmati Long Grain Rice 5kg,4,08-03-2024 09:00,12.05,,Australia
100204,SKU-DRY-002,Extra Virgin Olive Oil 750ml,7,2024/12/13,13.71,,United States
100204,SKU-PER-001,Antibacterial Hand Soap 300ml,4,03/10/2024 07:00,3.77,CUST-1256,United Kingdom
100204,SKU-BEV-003,Sparkling Mineral Water 1L,4,2024/06/16,1.54,CUST-1334,United States
100205,SKU-FRZ-001,Frozen Organic Mixed Berries 400g,4,25-11-2024 04:00,4.62,CUST-1261,United Kingdom
100205,SKU-PER-001,Antibacterial Hand Soap 300ml,6,17-02-2024 17:00,4.67,CUST-1107,Germany
100205,SKU-SNK-003,Dark Chocolate 70% Bar 100g,4,2024/06/27,3.11,CUST-1467,France
100206,SKU-PER-001,Antibacterial Hand Soap 300ml,5,2024-11-21 07:00:00,4.14,CUST-1275,France
100206,SKU-DRY-003,Whole Grain Pasta 500g,4,2024/01/22,2.4,CUST-1393,United States
C100206,SKU-SNK-003,Dark Chocolate 70% Bar 100g,-4,2024/05/11,3.55,CUST-1417,Germany
100207,SKU-SNK-001,Artisan Sea Salt Potato Chips 150g,7,2024/06/08,2.98,,France
100207,SKU-HOU-003,Microfiber Cleaning Towels 4-Pack,5,2024/07/08,6.97,CUST-1301,United States
100207,SKU-FRZ-001,Frozen Organic Mixed Berries 400g,8,04-06-2024 14:00,5.5,CUST-1286,United States
100208,SKU-PER-002,Moisturizing Face Cleanser 150ml,1,05-02-2024 09:00,9.31,CUST-1388,France
100208,SKU-SNK-002,Roasted Almonds & Cranberry Mix 200g,7,2024/10/13,5.22,CUST-1115,Canada
100208,SKU-FRZ-001,Frozen Organic Mixed Berries 400g,4,06/19/2024 15:00,4.97,CUST-1303,Germany
100209,SKU-SNK-001,Artisan Sea Salt Potato Chips 150g,5,2024/03/14,2.59,CUST-1397,Canada
100209,SKU-PER-002,Moisturizing Face Cleanser 150ml,4,2024-10-31 18:00:00,8.59,,Canada
100209,SKU-PER-001,Antibacterial Hand Soap 300ml,6,2024-10-21 19:00:00,3.68,CUST-1210,Australia
100210,SKU-PER-001,Antibacterial Hand Soap 300ml,4,2024/01/08,4.73,CUST-1400,Australia
C100210,SKU-SNK-001,Artisan Sea Salt Potato Chips 150g,-3,2024-03-14 17:00:00,3.07,CUST-1260,Canada
100210,SKU-PER-001,Antibacterial Hand Soap 300ml,2,10/30/2024 12:00,3.69,CUST-1386,Australia
100211,SKU-HOU-002,Multi-Surface Disinfectant Wipes 80ct,5,04/09/2024 09:00,4.68,CUST-1074,Australia
100211,SKU-DRY-003,Whole Grain Pasta 500g,10,2024/02/07,2.28,CUST-1243,Canada
100211,SKU-SNK-003,Dark Chocolate 70% Bar 100g,3,17-08-2024 03:00,3.24,CUST-1001,France
100212,  SKU-PER-001  ,Antibacterial Hand Soap 300ml,7,05/25/2024 12:00,4.65,CUST-1422,Germany
100212,SKU-SNK-003,Dark Chocolate 70% Bar 100g,6,2024-01-21 11:00:00,3.42,CUST-1101,United Kingdom
100212,SKU-SNK-002,Roasted Almonds & Cranberry Mix 200g,4,28-04-2024 23:00,4.99,CUST-1425,Canada
100213,SKU-FRZ-001,Frozen Organic Mixed Berries 400g,4,16-03-2024 18:00,4.42,CUST-1500,Australia
100213,SKU-FRZ-001,Frozen Organic Mixed Berries 400g,3,2024-02-14 15:00:00,5.21,CUST-1306,France
100213,SKU-BEV-001,Cold Brew Coffee 250ml,5,09-05-2024 02:00,3.46,CUST-1495,Canada
100214,SKU-BEV-002,Organic Green Tea 500ml,4,2024-11-17 07:00:00,2.78,CUST-1091,Germany
100214,SKU-DRY-002,Extra Virgin Olive Oil 750ml,2,2024/12/03,16.33,CUST-1103,United Kingdom
100214,SKU-SNK-002,Roasted Almonds & Cranberry Mix 200g,6,2024/10/17,5.28,CUST-1227,United Kingdom
100215,SKU-DRY-002,Extra Virgin Olive Oil 750ml,5,15-12-2024 16:00,14.1,CUST-1091,Germany
100215,SKU-SNK-003,Dark Chocolate 70% Bar 100g,8,26-02-2024 06:00,3.43,CUST-1036,Australia
100215,SKU-SNK-001,Artisan Sea Salt Potato Chips 150g,5,12-08-2024 18:00,3.15,CUST-1437,France
100216,SKU-SNK-002,Roasted Almonds & Cranberry Mix 200g,8,06-01-2024 19:00,6.31,CUST-1006,Australia
100216,SKU-BEV-003,Sparkling Mineral Water 1L,5,09/28/2024 08:00,1.78,CUST-1369,Germany
100216,SKU-SNK-003,Dark Chocolate 70% Bar 100g,4,2024/05/08,3.0,CUST-1295,Germany
100217,SKU-BEV-001,Cold Brew Coffee 250ml,1,07-12-2024 04:00,4.21,CUST-1166,Australia
100217,SKU-FRZ-001,Frozen Organic Mixed Berries 400g,5,04/04/2024 23:00,4.89,CUST-1200,United Kingdom
100217,SKU-BEV-002,Organic Green Tea 500ml,2,2024/12/30,2.54,CUST-1053,United Kingdom
100218,SKU-HOU-001,Eco-Friendly Dishwashing Liquid 1L,4,2024-11-29 13:00:00,4.43,CUST-1035,Germany
100218,SKU-BEV-003,Sparkling Mineral Water 1L,4,2024/08/11,1.59,CUST-1462,United Kingdom
100218,SKU-SNK-002,,3,2024/10/22,5.18,CUST-1103,United Kingdom
100219,SKU-HOU-003,Microfiber Cleaning Towels 4-Pack,6,09/29/2024 13:00,7.24,CUST-1147,Canada
100219,SKU-HOU-003,Microfiber Cleaning Towels 4-Pack,6,2024/07/22,5.87,CUST-1234,France
100219,SKU-PER-001,Antibacterial Hand Soap 300ml,6,2024/03/06,4.74,CUST-1341,France
100220,SKU-FRZ-001,Frozen Organic Mixed Berries 400g,4,2024/05/28,4.25,CUST-1399,Canada
100220,SKU-SNK-001,Artisan Sea Salt Potato Chips 150g,5,2024-12-11 11:00:00,3.16,CUST-1438,United States
100220,SKU-BEV-002,Organic Green Tea 500ml,1,03-04-2024 04:00,2.46,CUST-1224,Germany
100221,SKU-BEV-003,Sparkling Mineral Water 1L,4,2024-01-13 07:00:00,1.92,,Canada
100221,SKU-SNK-001,Artisan Sea Salt Potato Chips 150g,4,01/24/2024 12:00,3.11,CUST-1052,Germany
100221,SKU-PER-001,Antibacterial Hand Soap 300ml,9,2024-01-04 04:00:00,4.8,CUST-1215,United States
100222,SKU-SNK-001,Artisan Sea Salt Potato Chips 150g,5,02/13/2024 03:00,3.29,,Germany
100222,SKU-PER-002,Moisturizing Face Cleanser 150ml,5,05/09/2024 09:00,9.77,CUST-1007,Germany
100222,SKU-SNK-001,Artisan Sea Salt Potato Chips 150g,5,11/09/2024 04:00,3.12,CUST-1154,Canada
100223,SKU-BEV-002,Organic Green Tea 500ml,3,27-04-2024 01:00,2.85,CUST-1355,United Kingdom
100223,SKU-FRZ-001,Frozen Organic Mixed Berries 400g,6,2024/08/05,5.38,CUST-1257,United States
100223,SKU-PER-001,Antibacterial Hand Soap 300ml,3,25-03-2024 16:00,3.92,CUST-1103,United Kingdom
100224,SKU-SNK-001,Artisan Sea Salt Potato Chips 150g,6,29-10-2024 22:00,3.25,CUST-1416,United States
100224,SKU-HOU-001,Eco-Friendly Dishwashing Liquid 1L,4,14-08-2024 03:00,4.36,CUST-1368,Canada
100224,SKU-BEV-003,Sparkling Mineral Water 1L,5,2024-10-28 23:00:00,2.03,CUST-1064,Australia
100225,SKU-HOU-002,Multi-Surface Disinfectant Wipes 80ct,7,05/19/2024 12:00,4.94,CUST-1310,Germany
100225,SKU-PER-002,Moisturizing Face Cleanser 150ml,4,17-05-2024 11:00,11.34,CUST-1216,France
100225,SKU-BEV-003,Sparkling Mineral Water 1L,10,2024-11-25 01:00:00,1.57,CUST-1283,Germany
100226,SKU-SNK-002,,5,05-11-2024 15:00,4.78,CUST-1097,Australia
100226,SKU-SNK-003,Dark Chocolate 70% Bar 100g,5,2024/12/01,3.75,CUST-1301,United States
100226,SKU-BEV-002,Organic Green Tea 500ml,2,09/19/2024 16:00,2.31,CUST-1250,Germany
100227,SKU-PER-002,Moisturizing Face Cleanser 150ml,8,2024/09/20,8.59,CUST-1357,United Kingdom
100227,SKU-DRY-002,Extra Virgin Olive Oil 750ml,5,10-04-2024 14:00,15.21,CUST-1364,Canada
100227,SKU-FRZ-001,Frozen Organic Mixed Berries 400g,5,02/24/2024 20:00,4.68,CUST-1453,Germany
100228,SKU-HOU-002,Multi-Surface Disinfectant Wipes 80ct,5,2024-03-01 16:00:00,4.76,CUST-1203,United States
100228,SKU-HOU-003,Microfiber Cleaning Towels 4-Pack,4,2024-12-01 16:00:00,6.34,CUST-1090,France
100228,SKU-DRY-002,Extra Virgin Olive Oil 750ml,2,2024-05-04 05:00:00,13.13,CUST-1132,Canada
100229,  SKU-FRZ-001  ,Frozen Organic Mixed Berries 400g,4,03/15/2024 13:00,4.25,CUST-1248,United States
100229,SKU-SNK-002,Roasted Almonds & Cranberry Mix 200g,10,2024-01-05 22:00:00,4.68,CUST-1477,Germany
100229,SKU-SNK-003,Dark Chocolate 70% Bar 100g,3,10-09-2024 02:00,3.73,,Germany
100230,SKU-BEV-001,Cold Brew Coffee 250ml,8,2024/11/07,3.56,CUST-1358,United Kingdom
100230,SKU-PER-001,Antibacterial Hand Soap 300ml,-2000,2024/11/20,3.63,CUST-1166,United Kingdom
100230,SKU-DRY-001,Basmati Long Grain Rice 5kg,6,25-02-2024 13:00,14.67,CUST-1375,Australia
100231,SKU-BEV-003,Sparkling Mineral Water 1L,1,2024-12-21 00:00:00,1.68,CUST-1086,United States
100231,SKU-DRY-003,Whole Grain Pasta 500g,4,06/13/2024 10:00,2.29,CUST-1082,Germany
100231,SKU-HOU-002,Multi-Surface Disinfectant Wipes 80ct,10,07/10/2024 09:00,5.67,CUST-1324,United States
100232,SKU-SNK-003,Dark Chocolate 70% Bar 100g,7,2024-06-01 18:00:00,3.5,CUST-1287,Canada
100232,SKU-SNK-001,Artisan Sea Salt Potato Chips 150g,9,2024-06-25 20:00:00,2.85,CUST-1293,Germany
100232,SKU-PER-001,Antibacterial Hand Soap 300ml,6,02-01-2024 03:00,4.69,CUST-1347,United Kingdom
100233,SKU-PER-001,Antibacterial Hand Soap 300ml,6,2024-05-31 15:00:00,4.2,CUST-1255,United Kingdom
100233,SKU-BEV-003,Sparkling Mineral Water 1L,6,24-01-2024 10:00,1.59,CUST-1424,Germany
100233,SKU-DRY-001,Basmati Long Grain Rice 5kg,3,10-02-2024 03:00,14.35,CUST-1472,United Kingdom
100234,SKU-HOU-001,Eco-Friendly Dishwashing Liquid 1L,10,24-09-2024 11:00,4.3,CUST-1347,Germany
100234,SKU-DRY-001,Basmati Long Grain Rice 5kg,6,19-02-2024 00:00,13.77,CUST-1405,United States
100234,SKU-HOU-001,Eco-Friendly Dishwashing Liquid 1L,2,2024/07/26,3.82,CUST-1411,France
100235,SKU-SNK-003,Dark Chocolate 70% Bar 100g,5,03/10/2024 14:00,3.47,CUST-1242,United States
100235,SKU-DRY-003,Whole Grain Pasta 500g,6,2024/08/19,2.13,CUST-1352,United Kingdom
100235,SKU-DRY-001,Basmati Long Grain Rice 5kg,4,2024/03/02,12.11,CUST-1042,France
100236,SKU-DRY-003,Whole Grain Pasta 500g,6,2024-06-02 13:00:00,2.18,CUST-1196,France
100236,SKU-SNK-002,Roasted Almonds & Cranberry Mix 200g,4,2024-03-26 11:00:00,6.09,CUST-1201,Australia
100236,SKU-DRY-003,Whole Grain Pasta 500g,5,2024-11-29 12:00:00,2.33,CUST-1494,United States
100237,SKU-PER-001,Antibacterial Hand Soap 300ml,4,2024-05-02 20:00:00,3.77,CUST-1287,United States
100237,SKU-BEV-002,Organic Green Tea 500ml,2,11-12-2024 12:00,249.0,CUST-1484,Germany
100237,SKU-DRY-002,Extra Virgin Olive Oil 750ml,6,2024/04/05,16.61,CUST-1050,United States
100238,SKU-SNK-001,Artisan Sea Salt Potato Chips 150g,4,06-04-2024 17:00,2.66,CUST-1373,United States
100238,SKU-SNK-002,Roasted Almonds & Cranberry Mix 200g,3,09/17/2024 15:00,5.09,CUST-1036,Germany
100238,SKU-HOU-001,Eco-Friendly Dishwashing Liquid 1L,3,11-05-2024 12:00,3.9,CUST-1403,United States
100239,SKU-SNK-001,Artisan Sea Salt Potato Chips 150g,5,22-02-2024 22:00,3.03,CUST-1170,United Kingdom
100239,SKU-SNK-001,Artisan Sea Salt Potato Chips 150g,3,2024-07-05 19:00:00,2.74,CUST-1269,Germany
100239,SKU-HOU-002,Multi-Surface Disinfectant Wipes 80ct,5,2024-11-30 05:00:00,5.54,CUST-1087,Canada
100240,SKU-HOU-002,Multi-Surface Disinfectant Wipes 80ct,4,2024/12/28,4.26,CUST-1193,Germany
100240,SKU-HOU-001,Eco-Friendly Dishwashing Liquid 1L,3,09/09/2024 16:00,3.84,CUST-1146,Canada
100240,SKU-HOU-001,Eco-Friendly Dishwashing Liquid 1L,4,05-06-2024 04:00,3.66,CUST-1039,United States
100241,SKU-BEV-001,Cold Brew Coffee 250ml,11,27-02-2024 17:00,4.44,CUST-1374,Canada
100241,SKU-PER-002,Moisturizing Face Cleanser 150ml,5,2024-12-29 10:00:00,11.22,CUST-1383,France
100241,SKU-FRZ-001,Frozen Organic Mixed Berries 400g,6,2024-12-26 12:00:00,5.04,CUST-1038,United Kingdom
100242,SKU-BEV-001,Cold Brew Coffee 250ml,4,2024/10/15,3.53,CUST-1392,Germany
C100242,SKU-SNK-002,Roasted Almonds & Cranberry Mix 200g,-5,06/29/2024 17:00,5.31,CUST-1263,United States
100242,SKU-FRZ-001,Frozen Organic Mixed Berries 400g,5,2024-11-29 07:00:00,4.54,CUST-1095,United States
100243,SKU-DRY-002,Extra Virgin Olive Oil 750ml,4,2024-05-14 20:00:00,14.11,CUST-1128,Canada
100243,SKU-SNK-003,Dark Chocolate 70% Bar 100g,7,10/19/2024 09:00,3.77,CUST-1382,Germany
100243,SKU-HOU-001,Eco-Friendly Dishwashing Liquid 1L,4,2024-05-15 11:00:00,3.77,CUST-1101,France
100244,SKU-BEV-002,Organic Green Tea 500ml,6,2024/10/14,2.65,CUST-1256,France
100244,SKU-DRY-001,Basmati Long Grain Rice 5kg,4,2024-03-30 17:00:00,11.53,CUST-1026,Germany
100244,SKU-PER-001,Antibacterial Hand Soap 300ml,1,2024/01/06,3.72,CUST-1095,United States
100245,SKU-HOU-001,Eco-Friendly Dishwashing Liquid 1L,7,2024/06/17,4.25,CUST-1437,France
100245,SKU-BEV-002,Organic Green Tea 500ml,4,2024/03/31,2.81,CUST-1026,Australia
100245,SKU-PER-002,Moisturizing Face Cleanser 150ml,3,06/06/2024 23:00,10.02,CUST-1143,France
100246,SKU-SNK-003,Dark Chocolate 70% Bar 100g,6,02/02/2024 11:00,3.53,CUST-1051,Germany
100246,SKU-SNK-003,Dark Chocolate 70% Bar 100g,7,16-08-2024 04:00,3.47,CUST-1414,Australia
100246,SKU-SNK-003,Dark Chocolate 70% Bar 100g,2,11-06-2024 15:00,3.67,CUST-1300,France
100247,SKU-SNK-001,Artisan Sea Salt Potato Chips 150g,7,2024-10-31 07:00:00,2.85,CUST-1369,United Kingdom
100247,SKU-DRY-003,Whole Grain Pasta 500g,3,21-06-2024 09:00,2.33,CUST-1476,United States
100247,SKU-SNK-002,Roasted Almonds & Cranberry Mix 200g,3,29-03-2024 00:00,5.97,CUST-1350,Australia
100248,SKU-BEV-003,Sparkling Mineral Water 1L,3,2024/10/25,1.85,CUST-1303,Australia
100248,SKU-HOU-001,Eco-Friendly Dishwashing Liquid 1L,4,24-12-2024 10:00,4.13,,United States
100248,SKU-FRZ-001,Frozen Organic Mixed Berries 400g,5,07/08/2024 14:00,4.99,CUST-1000,France
100249,SKU-SNK-003,Dark Chocolate 70% Bar 100g,4,2024-08-09 13:00:00,3.06,CUST-1029,United States
100249,SKU-SNK-001,Artisan Sea Salt Potato Chips 150g,4,07/09/2024 22:00,3.13,CUST-1369,Canada
100249,SKU-SNK-002,Roasted Almonds & Cranberry Mix 200g,2,2024/05/20,5.62,CUST-1118,Canada
100250,SKU-FRZ-001,Frozen Organic Mixed Berries 400g,5,2024-11-23 00:00:00,5.24,CUST-1092,United States
100250,SKU-FRZ-001,Frozen Organic Mixed Berries 400g,8,2024/05/01,4.28,CUST-1206,Australia
100250,SKU-HOU-002,Multi-Surface Disinfectant Wipes 80ct,7,2024-01-09 01:00:00,5.48,,United States
100251,SKU-PER-002,Moisturizing Face Cleanser 150ml,7,2024-01-10 05:00:00,10.7,CUST-1245,Canada
100251,SKU-SNK-002,Roasted Almonds & Cranberry Mix 200g,6,2024/08/14,5.81,CUST-1052,United States
C100251,SKU-HOU-003,Microfiber Cleaning Towels 4-Pack,-4,10/10/2024 12:00,5.97,CUST-1471,Canada
100252,SKU-HOU-001,Eco-Friendly Dishwashing Liquid 1L,3,2024/03/17,3.43,CUST-1060,United States
100252,SKU-PER-001,Antibacterial Hand Soap 300ml,6,04/13/2024 03:00,3.84,CUST-1319,Germany
100252,SKU-SNK-002,Roasted Almonds & Cranberry Mix 200g,7,06-12-2024 19:00,5.84,CUST-1076,United Kingdom
100253,SKU-DRY-001,Basmati Long Grain Rice 5kg,1,2024/10/31,12.71,CUST-1065,Canada
100253,SKU-DRY-002,Extra Virgin Olive Oil 750ml,7,2024/10/16,15.78,CUST-1125,Australia
100253,  SKU-DRY-003  ,Whole Grain Pasta 500g,4,12/02/2024 06:00,2.14,CUST-1359,Germany
100254,SKU-HOU-003,Microfiber Cleaning Towels 4-Pack,5,12-01-2024 17:00,7.32,CUST-1443,United Kingdom
100254,SKU-BEV-003,Sparkling Mineral Water 1L,5,10/14/2024 10:00,1.92,CUST-1375,Canada
100254,SKU-HOU-001,Eco-Friendly Dishwashing Liquid 1L,4,2024-03-13 08:00:00,3.49,CUST-1006,Canada
100255,SKU-BEV-003,,11,11/16/2024 16:00,1.68,CUST-1355,United States
100255,SKU-FRZ-001,Frozen Organic Mixed Berries 400g,2,01/22/2024 22:00,5.27,CUST-1424,Australia
100255,SKU-HOU-001,Eco-Friendly Dishwashing Liquid 1L,6,2024/06/04,3.41,CUST-1205,United Kingdom
100256,SKU-HOU-003,Microfiber Cleaning Towels 4-Pack,3,2024/02/22,6.31,CUST-1217,United States
100256,SKU-SNK-003,Dark Chocolate 70% Bar 100g,3,2024-08-17 00:00:00,2.9,CUST-1096,France
100256,SKU-SNK-001,Artisan Sea Salt Potato Chips 150g,4,2024-07-02 18:00:00,3.05,CUST-1483,Germany
100257,SKU-DRY-001,Basmati Long Grain Rice 5kg,8,12/07/2024 11:00,12.43,CUST-1459,United States
100257,SKU-HOU-002,Multi-Surface Disinfectant Wipes 80ct,2,2024-04-12 12:00:00,5.12,CUST-1237,France
100257,SKU-HOU-001,Eco-Friendly Dishwashing Liquid 1L,3,06/07/2024 02:00,4.2,CUST-1373,Australia
100258,SKU-SNK-003,Dark Chocolate 70% Bar 100g,5,11/01/2024 11:00,3.64,CUST-1198,Australia
100258,SKU-BEV-003,Sparkling Mineral Water 1L,7,2024-12-05 15:00:00,1.99,CUST-1044,Canada
100258,SKU-FRZ-001,Frozen Organic Mixed Berries 400g,2,07/20/2024 19:00,4.58,CUST-1242,Canada
100259,SKU-BEV-003,Sparkling Mineral Water 1L,5,2024/03/25,1.74,CUST-1187,Australia
100259,SKU-SNK-003,Dark Chocolate 70% Bar 100g,7,2024/02/26,3.66,CUST-1379,France
100259,SKU-BEV-001,Cold Brew Coffee 250ml,4,2024-04-15 12:00:00,3.87,CUST-1047,Canada
100260,SKU-FRZ-001,Frozen Organic Mixed Berries 400g,6,2024-11-13 08:00:00,5.39,CUST-1168,Germany
100260,SKU-DRY-002,Extra Virgin Olive Oil 750ml,4,2024/05/25,14.7,CUST-1290,Australia
100260,SKU-BEV-001,Cold Brew Coffee 250ml,5,2024/09/03,3.64,CUST-1129,United States
100261,SKU-SNK-002,Roasted Almonds & Cranberry Mix 200g,7,2024-10-03 12:00:00,6.1,CUST-1425,Canada
100261,SKU-HOU-002,Multi-Surface Disinfectant Wipes 80ct,3,07/21/2024 16:00,4.96,CUST-1223,France
100261,SKU-HOU-003,Microfiber Cleaning Towels 4-Pack,4,01/07/2024 18:00,6.73,CUST-1380,France
100262,SKU-BEV-003,Sparkling Mineral Water 1L,4,11/09/2024 02:00,1.95,CUST-1230,United Kingdom
100262,SKU-PER-002,Moisturizing Face Cleanser 150ml,5,2024-03-07 12:00:00,9.75,CUST-1178,United Kingdom
100262,SKU-PER-001,Antibacterial Hand Soap 300ml,10,10-01-2024 19:00,4.76,CUST-1332,Canada
100263,SKU-SNK-003,Dark Chocolate 70% Bar 100g,7,17-10-2024 17:00,3.22,CUST-1195,France
100263,SKU-DRY-001,Basmati Long Grain Rice 5kg,7,2024-07-12 08:00:00,11.45,CUST-1254,Australia
100263,SKU-BEV-002,Organic Green Tea 500ml,6,2024-10-30 04:00:00,2.27,CUST-1438,United States
100264,SKU-HOU-002,Multi-Surface Disinfectant Wipes 80ct,2,2024/11/12,5.42,CUST-1259,France
C100264,SKU-HOU-003,Microfiber Cleaning Towels 4-Pack,-1,10/10/2024 02:00,5.59,CUST-1265,Australia
100264,SKU-BEV-003,Sparkling Mineral Water 1L,10,10/20/2024 13:00,1.85,CUST-1219,France
100265,SKU-HOU-001,Eco-Friendly Dishwashing Liquid 1L,3,2024/04/28,3.82,CUST-1323,Canada
100265,SKU-PER-002,Moisturizing Face Cleanser 150ml,6,06/26/2024 15:00,8.77,CUST-1014,Australia
100265,SKU-BEV-002,Organic Green Tea 500ml,5,2024-09-18 01:00:00,2.46,CUST-1459,United Kingdom
100266,SKU-SNK-001,Artisan Sea Salt Potato Chips 150g,3,15-09-2024 02:00,3.38,CUST-1052,Australia
100266,SKU-BEV-003,Sparkling Mineral Water 1L,5,11-07-2024 19:00,1.79,CUST-1251,Canada
100266,SKU-PER-002,Moisturizing Face Cleanser 150ml,1,02/22/2024 02:00,9.43,CUST-1005,France
100267,SKU-PER-001,Antibacterial Hand Soap 300ml,4,2024-01-22 11:00:00,4.23,CUST-1379,United States
100267,SKU-BEV-001,Cold Brew Coffee 250ml,4,01/16/2024 17:00,4.47,CUST-1354,Germany
100267,SKU-SNK-001,Artisan Sea Salt Potato Chips 150g,5,03-03-2024 18:00,2.96,CUST-1472,United Kingdom
100268,SKU-HOU-003,Microfiber Cleaning Towels 4-Pack,3,2024/07/10,6.67,CUST-1221,Canada
100268,SKU-SNK-002,Roasted Almonds & Cranberry Mix 200g,2,2024-08-05 14:00:00,5.6,,United States
100268,SKU-SNK-002,Roasted Almonds & Cranberry Mix 200g,1,06-10-2024 18:00,6.23,CUST-1414,United Kingdom
100269,SKU-BEV-002,Organic Green Tea 500ml,3,26-05-2024 21:00,2.21,CUST-1238,Germany
100269,SKU-DRY-003,Whole Grain Pasta 500g,7,2024/02/15,2.0,CUST-1413,United States
100269,SKU-PER-002,Moisturizing Face Cleanser 150ml,4,2024/10/14,9.08,CUST-1215,Canada
100270,SKU-SNK-003,Dark Chocolate 70% Bar 100g,5,09/18/2024 08:00,3.43,CUST-1145,Canada
100270,SKU-DRY-003,Whole Grain Pasta 500g,5,2024-12-26 02:00:00,2.17,CUST-1162,Canada
100270,SKU-HOU-002,Multi-Surface Disinfectant Wipes 80ct,3,2024/08/01,5.28,CUST-1062,Australia
100271,SKU-SNK-001,Artisan Sea Salt Potato Chips 150g,4,2024-02-02 15:00:00,3.31,CUST-1370,Germany
100271,SKU-DRY-003,Whole Grain Pasta 500g,4,2024-01-04 08:00:00,1.93,CUST-1313,Canada
100271,SKU-BEV-003,Sparkling Mineral Water 1L,5,2024/04/04,1.6,CUST-1326,United States
100272,SKU-SNK-001,Artisan Sea Salt Potato Chips 150g,5,2024/11/22,3.2,CUST-1042,United Kingdom
100272,SKU-HOU-001,Eco-Friendly Dishwashing Liquid 1L,2,2024-05-20 13:00:00,3.55,CUST-1249,United Kingdom
100272,SKU-HOU-002,Multi-Surface Disinfectant Wipes 80ct,6,26-12-2024 04:00,4.92,CUST-1112,Canada
100273,SKU-HOU-003,Microfiber Cleaning Towels 4-Pack,4,12/16/2024 12:00,6.07,CUST-1331,Canada
C100273,SKU-HOU-001,Eco-Friendly Dishwashing Liquid 1L,-7,03/16/2024 05:00,3.62,CUST-1060,United States
100273,SKU-SNK-001,Artisan Sea Salt Potato Chips 150g,4,2024/04/12,2.59,CUST-1374,United Kingdom
100274,SKU-DRY-001,Basmati Long Grain Rice 5kg,9,30-04-2024 14:00,12.73,CUST-1112,United States
100274,SKU-SNK-001,Artisan Sea Salt Potato Chips 150g,5,2024-02-14 22:00:00,3.17,CUST-1421,Germany
100274,SKU-BEV-003,Sparkling Mineral Water 1L,9,18-05-2024 23:00,0.0,CUST-1464,Canada
100275,SKU-HOU-003,Microfiber Cleaning Towels 4-Pack,5,06/11/2024 21:00,5.89,,Germany
100275,SKU-SNK-002,Roasted Almonds & Cranberry Mix 200g,5,02/22/2024 13:00,5.64,CUST-1126,United States
100275,SKU-PER-001,Antibacterial Hand Soap 300ml,6,07/17/2024 10:00,3.8,CUST-1231,Germany
100276,SKU-SNK-002,Roasted Almonds & Cranberry Mix 200g,6,28-11-2024 02:00,5.25,CUST-1438,Australia
100276,SKU-SNK-002,Roasted Almonds & Cranberry Mix 200g,5,2024-12-20 12:00:00,5.03,,France
100276,SKU-SNK-003,Dark Chocolate 70% Bar 100g,3,2024-05-20 20:00:00,3.43,CUST-1460,Australia
100277,SKU-FRZ-001,Frozen Organic Mixed Berries 400g,4,26-08-2024 03:00,5.5,CUST-1175,United States
100277,SKU-DRY-002,Extra Virgin Olive Oil 750ml,6,24-08-2024 21:00,16.36,CUST-1148,France
100277,SKU-DRY-002,Extra Virgin Olive Oil 750ml,1,2024-07-15 18:00:00,12.5,,Canada
100278,SKU-HOU-003,Microfiber Cleaning Towels 4-Pack,3,2024-01-01 10:00:00,6.08,CUST-1079,France
100278,SKU-HOU-001,Eco-Friendly Dishwashing Liquid 1L,5,2024/05/14,3.56,CUST-1326,Canada
100278,SKU-BEV-002,Organic Green Tea 500ml,5,27-06-2024 08:00,2.44,CUST-1393,United Kingdom
100279,SKU-SNK-001,Artisan Sea Salt Potato Chips 150g,4,24-07-2024 12:00,3.11,CUST-1223,Australia
100279,SKU-SNK-003,Dark Chocolate 70% Bar 100g,5,09-12-2024 22:00,3.21,CUST-1490,United States
100279,SKU-PER-001,Antibacterial Hand Soap 300ml,10,07/25/2024 10:00,4.4,,United Kingdom
100280,SKU-BEV-001,Cold Brew Coffee 250ml,1,2024/11/11,3.71,CUST-1420,Canada
100280,SKU-HOU-003,Microfiber Cleaning Towels 4-Pack,5,2024-02-11 13:00:00,6.97,CUST-1379,United Kingdom
100280,SKU-PER-002,,1,15-04-2024 15:00,11.3,CUST-1034,Australia
100281,SKU-DRY-003,Whole Grain Pasta 500g,6,03/07/2024 03:00,2.41,CUST-1207,United Kingdom
100281,SKU-HOU-003,Microfiber Cleaning Towels 4-Pack,5,2024/06/26,6.37,CUST-1336,Australia
100281,SKU-DRY-003,Whole Grain Pasta 500g,5,2024/05/16,1.93,CUST-1197,United States
C100282,SKU-HOU-003,Microfiber Cleaning Towels 4-Pack,-4,10/17/2024 00:00,6.63,CUST-1457,Canada
100282,SKU-FRZ-001,Frozen Organic Mixed Berries 400g,6,08/30/2024 03:00,4.47,CUST-1257,France
100282,SKU-DRY-003,Whole Grain Pasta 500g,5,02/12/2024 20:00,2.33,CUST-1142,France
100283,SKU-DRY-001,Basmati Long Grain Rice 5kg,3,2024/02/16,13.61,CUST-1269,France
100283,SKU-PER-001,Antibacterial Hand Soap 300ml,8,2024/08/25,4.55,CUST-1347,United Kingdom
100283,SKU-HOU-002,Multi-Surface Disinfectant Wipes 80ct,6,2024-06-10 12:00:00,5.58,,United States
100284,SKU-HOU-001,Eco-Friendly Dishwashing Liquid 1L,3,2024/02/19,4.29,CUST-1193,France
100284,SKU-SNK-001,Artisan Sea Salt Potato Chips 150g,9,13-05-2024 14:00,2.74,CUST-1404,Australia
100284,SKU-PER-002,Moisturizing Face Cleanser 150ml,2,03/06/2024 16:00,8.51,CUST-1174,France
100285,SKU-HOU-001,Eco-Friendly Dishwashing Liquid 1L,5,2024/12/26,4.27,CUST-1436,United States
100285,SKU-PER-002,Moisturizing Face Cleanser 150ml,5,2024-09-13 18:00:00,10.04,,United States
100285,SKU-SNK-002,Roasted Almonds & Cranberry Mix 200g,2,2024/06/20,6.1,CUST-1436,Australia
100286,SKU-DRY-001,Basmati Long Grain Rice 5kg,4,2024-02-08 16:00:00,14.88,CUST-1102,United States
100286,SKU-DRY-003,Whole Grain Pasta 500g,4,2024-08-13 00:00:00,2.48,CUST-1018,United States
100286,SKU-PER-001,Antibacterial Hand Soap 300ml,7,2024/02/25,3.67,CUST-1220,United Kingdom
100287,SKU-BEV-001,Cold Brew Coffee 250ml,5,01/18/2024 23:00,4.21,,France
100287,SKU-HOU-001,Eco-Friendly Dishwashing Liquid 1L,5,10/18/2024 09:00,4.02,CUST-1470,United Kingdom
100287,SKU-BEV-001,Cold Brew Coffee 250ml,2,2024/06/04,4.34,,United States
100288,SKU-BEV-003,Sparkling Mineral Water 1L,7,10/26/2024 09:00,1.84,CUST-1203,United States
100288,SKU-BEV-002,Organic Green Tea 500ml,4,06/19/2024 19:00,2.38,CUST-1482,Australia
100288,SKU-PER-002,Moisturizing Face Cleanser 150ml,4,15-06-2024 17:00,8.8,CUST-1248,United Kingdom
100289,SKU-HOU-003,Microfiber Cleaning Towels 4-Pack,4,12/21/2024 15:00,5.76,,Canada
100289,SKU-DRY-002,Extra Virgin Olive Oil 750ml,5,2024-03-18 23:00:00,13.53,CUST-1142,Canada
100289,SKU-HOU-003,Microfiber Cleaning Towels 4-Pack,7,2024/09/18,6.26,CUST-1016,Germany
100290,SKU-FRZ-001,Frozen Organic Mixed Berries 400g,8,17-08-2024 12:00,5.16,CUST-1218,France
100290,SKU-HOU-002,Multi-Surface Disinfectant Wipes 80ct,3,2024/03/15,4.67,CUST-1368,Australia
100290,SKU-DRY-001,Basmati Long Grain Rice 5kg,4,11/15/2024 00:00,14.16,CUST-1277,Australia
100291,SKU-PER-001,Antibacterial Hand Soap 300ml,4,06-07-2024 05:00,4.45,CUST-1338,Germany
100291,SKU-DRY-002,Extra Virgin Olive Oil 750ml,5,2024-11-11 21:00:00,16.53,CUST-1029,United States
100291,SKU-PER-001,Antibacterial Hand Soap 300ml,5,2024-08-02 09:00:00,4.62,CUST-1089,Australia
100292,SKU-SNK-001,Artisan Sea Salt Potato Chips 150g,4,2024-03-19 03:00:00,2.94,CUST-1487,Germany
100292,SKU-BEV-001,Cold Brew Coffee 250ml,6,2024-08-29 05:00:00,3.48,CUST-1166,France
100292,SKU-PER-002,Moisturizing Face Cleanser 150ml,6,18-10-2024 03:00,10.85,CUST-1240,Germany
100293,SKU-BEV-003,Sparkling Mineral Water 1L,5,2024-09-08 10:00:00,1.84,CUST-1366,Australia
100293,SKU-HOU-001,Eco-Friendly Dishwashing Liquid 1L,9,08/22/2024 20:00,4.07,CUST-1489,United Kingdom
100293,SKU-PER-001,Antibacterial Hand Soap 300ml,5,2024-10-12 09:00:00,3.68,CUST-1137,Australia
100294,SKU-SNK-001,Artisan Sea Salt Potato Chips 150g,4,08/12/2024 09:00,2.75,CUST-1227,Canada
100294,SKU-SNK-003,Dark Chocolate 70% Bar 100g,6,2024-12-11 04:00:00,3.39,CUST-1423,Australia
100294,SKU-FRZ-001,Frozen Organic Mixed Berries 400g,10,10/05/2024 06:00,4.56,CUST-1075,France
C100295,SKU-SNK-001,Artisan Sea Salt Potato Chips 150g,-6,2024/05/02,2.78,CUST-1064,Canada
100295,SKU-BEV-003,Sparkling Mineral Water 1L,3,02/19/2024 20:00,1.73,CUST-1123,United States
100295,SKU-HOU-003,Microfiber Cleaning Towels 4-Pack,6,2024-08-17 19:00:00,6.97,CUST-1230,Canada
100296,SKU-DRY-002,Extra Virgin Olive Oil 750ml,3,04/01/2024 21:00,15.89,,France
100296,SKU-DRY-001,Basmati Long Grain Rice 5kg,3,2024/08/06,12.13,CUST-1024,Australia
100296,SKU-HOU-003,Microfiber Cleaning Towels 4-Pack,6,18-10-2024 06:00,5.87,CUST-1374,Australia
100297,SKU-FRZ-001,Frozen Organic Mixed Berries 400g,3,2024-08-02 14:00:00,4.49,CUST-1480,Australia
100297,SKU-FRZ-001,Frozen Organic Mixed Berries 400g,6,07-06-2024 03:00,5.28,CUST-1491,Australia
100297,SKU-BEV-001,Cold Brew Coffee 250ml,2,2024-11-29 09:00:00,4.53,CUST-1232,United States
100298,SKU-FRZ-001,Frozen Organic Mixed Berries 400g,4,2024/03/22,4.2,CUST-1495,United States
100298,SKU-SNK-001,Artisan Sea Salt Potato Chips 150g,4,20-02-2024 18:00,2.95,,United States
100298,SKU-FRZ-001,Frozen Organic Mixed Berries 400g,3,21-12-2024 20:00,5.28,CUST-1125,Canada
100299,SKU-SNK-001,Artisan Sea Salt Potato Chips 150g,7,13-05-2024 13:00,2.71,CUST-1045,France
100299,SKU-BEV-001,Cold Brew Coffee 250ml,3,2024-10-23 11:00:00,4.24,CUST-1323,France
100299,SKU-DRY-003,Whole Grain Pasta 500g,1,02-05-2024 22:00,2.3,CUST-1278,United States
100300,SKU-FRZ-001,Frozen Organic Mixed Berries 400g,6,2024/07/15,5.02,CUST-1058,Canada
100300,SKU-HOU-002,Multi-Surface Disinfectant Wipes 80ct,3,2024/11/26,4.28,CUST-1209,Germany
100300,SKU-SNK-003,Dark Chocolate 70% Bar 100g,6,2024/10/07,3.05,CUST-1325,Germany
100301,SKU-SNK-001,Artisan Sea Salt Potato Chips 150g,2,04/23/2024 16:00,3.41,CUST-1486,Canada
100301,SKU-HOU-001,Eco-Friendly Dishwashing Liquid 1L,6,15-08-2024 12:00,4.07,CUST-1080,Canada
100301,SKU-SNK-001,Artisan Sea Salt Potato Chips 150g,6,07/17/2024 02:00,2.73,,Australia
100302,SKU-DRY-001,Basmati Long Grain Rice 5kg,6,2024-11-27 00:00:00,11.94,CUST-1063,Canada
100302,SKU-BEV-003,Sparkling Mineral Water 1L,9,2024-07-03 07:00:00,1.9,CUST-1277,United Kingdom
100302,SKU-PER-001,Antibacterial Hand Soap 300ml,5,09/24/2024 00:00,4.61,CUST-1234,Germany
100303,SKU-PER-001,Antibacterial Hand Soap 300ml,6,2024/11/17,4.85,CUST-1273,Canada
100303,SKU-DRY-002,Extra Virgin Olive Oil 750ml,7,25-09-2024 17:00,14.29,CUST-1228,Australia
100303,SKU-SNK-002,Roasted Almonds & Cranberry Mix 200g,6,08/14/2024 22:00,4.82,CUST-1127,Canada
100304,SKU-DRY-002,Extra Virgin Olive Oil 750ml,5,12/23/2024 07:00,14.12,,Australia
100304,SKU-BEV-001,Cold Brew Coffee 250ml,3,07/02/2024 01:00,4.04,CUST-1362,Australia
100304,SKU-HOU-001,Eco-Friendly Dishwashing Liquid 1L,8,2024-02-25 14:00:00,3.46,CUST-1101,United States
100305,SKU-DRY-001,Basmati Long Grain Rice 5kg,3,12/04/2024 01:00,11.59,,Germany
100305,SKU-FRZ-001,Frozen Organic Mixed Berries 400g,5,04-07-2024 01:00,5.01,CUST-1314,Germany
100305,SKU-SNK-002,Roasted Almonds & Cranberry Mix 200g,4,2024/11/18,5.9,CUST-1366,United States
100306,SKU-BEV-003,Sparkling Mineral Water 1L,5,2024/04/12,1.69,CUST-1169,Australia
100306,SKU-BEV-003,Sparkling Mineral Water 1L,6,15-02-2024 13:00,1.71,CUST-1466,Australia
100306,SKU-SNK-003,Dark Chocolate 70% Bar 100g,3,02-10-2024 07:00,3.0,CUST-1091,United States
100307,  SKU-DRY-003  ,Whole Grain Pasta 500g,8,18-09-2024 10:00,2.26,CUST-1465,United Kingdom
100307,SKU-SNK-001,Artisan Sea Salt Potato Chips 150g,3,2024-05-27 18:00:00,299.0,,United Kingdom
100307,SKU-DRY-002,Extra Virgin Olive Oil 750ml,6,2024/10/17,12.84,CUST-1242,Australia
100308,SKU-BEV-002,Organic Green Tea 500ml,2,05/26/2024 00:00,2.65,CUST-1403,United States
C100308,SKU-DRY-001,Basmati Long Grain Rice 5kg,-4,08/25/2024 16:00,12.86,CUST-1286,United Kingdom
100308,SKU-BEV-003,Sparkling Mineral Water 1L,2,01/08/2024 06:00,1.52,CUST-1129,United States
100309,SKU-BEV-001,Cold Brew Coffee 250ml,5,2024/07/06,4.23,CUST-1015,Canada
100309,SKU-PER-002,Moisturizing Face Cleanser 150ml,6,2024/11/06,10.43,CUST-1313,United Kingdom
100309,SKU-BEV-003,Sparkling Mineral Water 1L,6,2024-03-30 20:00:00,1.55,CUST-1278,United Kingdom
100310,SKU-HOU-001,Eco-Friendly Dishwashing Liquid 1L,4,12-01-2024 09:00,3.68,CUST-1483,United States
100310,SKU-DRY-001,Basmati Long Grain Rice 5kg,5,2024-10-11 05:00:00,13.0,CUST-1141,France
100310,SKU-BEV-003,Sparkling Mineral Water 1L,5,03-01-2024 04:00,1.7,CUST-1237,United States
100311,SKU-BEV-002,Organic Green Tea 500ml,10,06-05-2024 17:00,2.69,CUST-1041,United Kingdom
100311,SKU-PER-002,Moisturizing Face Cleanser 150ml,6,05/10/2024 10:00,9.35,CUST-1427,United Kingdom
100311,SKU-SNK-002,Roasted Almonds & Cranberry Mix 200g,6,2024/06/26,5.62,CUST-1323,United Kingdom
100312,SKU-HOU-003,Microfiber Cleaning Towels 4-Pack,8,09/20/2024 06:00,6.89,CUST-1106,Australia
100312,SKU-HOU-001,Eco-Friendly Dishwashing Liquid 1L,4,2024-07-02 14:00:00,3.56,CUST-1323,United Kingdom
100312,SKU-SNK-003,Dark Chocolate 70% Bar 100g,3,2024/09/11,3.11,CUST-1081,Germany
100313,SKU-FRZ-001,Frozen Organic Mixed Berries 400g,8,03/09/2024 09:00,4.74,CUST-1233,France
100313,SKU-DRY-001,Basmati Long Grain Rice 5kg,8,11/19/2024 07:00,12.36,CUST-1449,Australia
100313,SKU-DRY-001,Basmati Long Grain Rice 5kg,6,2024/07/02,11.69,CUST-1268,Australia
100314,SKU-BEV-003,Sparkling Mineral Water 1L,7,2024-08-15 10:00:00,1.93,CUST-1000,United Kingdom
100314,SKU-SNK-002,Roasted Almonds & Cranberry Mix 200g,6,2024-07-28 22:00:00,5.39,CUST-1397,Canada
100314,SKU-BEV-002,Organic Green Tea 500ml,3,2024/11/17,2.62,CUST-1049,Germany
100315,SKU-BEV-003,Sparkling Mineral Water 1L,6,29-09-2024 23:00,1.91,,France
100315,SKU-BEV-001,Cold Brew Coffee 250ml,8,05/31/2024 08:00,3.8,CUST-1468,United Kingdom
100315,SKU-SNK-001,Artisan Sea Salt Potato Chips 150g,7,01/31/2024 04:00,2.89,CUST-1345,United States
100316,SKU-DRY-001,Basmati Long Grain Rice 5kg,3,05/02/2024 13:00,11.46,CUST-1335,United States
100316,SKU-BEV-003,Sparkling Mineral Water 1L,7,2024/12/12,1.87,,France
100316,SKU-PER-001,Antibacterial Hand Soap 300ml,4,03-11-2024 09:00,4.69,CUST-1217,Canada
100317,SKU-BEV-002,Organic Green Tea 500ml,6,2024-04-12 15:00:00,2.56,CUST-1232,Canada
100317,SKU-BEV-002,Organic Green Tea 500ml,5,2024/11/30,2.63,CUST-1419,Germany
100317,SKU-SNK-003,Dark Chocolate 70% Bar 100g,3,2024-10-11 17:00:00,2.83,CUST-1202,United States
100318,SKU-BEV-003,Sparkling Mineral Water 1L,6,2024/04/08,2.04,CUST-1427,Australia
100318,SKU-BEV-001,Cold Brew Coffee 250ml,7,22-02-2024 05:00,4.56,CUST-1371,France
100318,SKU-DRY-001,Basmati Long Grain Rice 5kg,7,2024-09-30 13:00:00,13.85,CUST-1494,United Kingdom
100319,SKU-SNK-002,Roasted Almonds & Cranberry Mix 200g,4,12/16/2024 22:00,5.61,CUST-1352,Germany
100319,SKU-BEV-001,Cold Brew Coffee 250ml,5,09/29/2024 03:00,3.88,CUST-1136,France
100319,SKU-SNK-001,Artisan Sea Salt Potato Chips 150g,5,2024-06-02 11:00:00,3.09,CUST-1215,Germany
100320,SKU-DRY-002,Extra Virgin Olive Oil 750ml,6,09-01-2024 13:00,14.26,CUST-1357,Canada
100320,SKU-BEV-001,Cold Brew Coffee 250ml,3,2024/02/23,3.64,CUST-1161,Canada
100320,SKU-PER-001,Antibacterial Hand Soap 300ml,2,23-04-2024 19:00,4.59,CUST-1120,Australia
100321,SKU-PER-001,Antibacterial Hand Soap 300ml,2,2024-03-25 07:00:00,3.75,CUST-1376,Australia
100321,SKU-HOU-002,Multi-Surface Disinfectant Wipes 80ct,8,2024/05/28,5.39,CUST-1324,Germany
100321,SKU-DRY-003,Whole Grain Pasta 500g,8,09/24/2024 17:00,2.17,CUST-1090,United States
100322,SKU-SNK-003,Dark Chocolate 70% Bar 100g,6,11/12/2024 18:00,3.37,CUST-1014,United Kingdom
100322,SKU-DRY-003,Whole Grain Pasta 500g,6,2024/02/24,2.03,CUST-1189,Australia
100322,SKU-PER-002,Moisturizing Face Cleanser 150ml,3,09/22/2024 18:00,9.6,CUST-1471,United Kingdom
100323,SKU-FRZ-001,Frozen Organic Mixed Berries 400g,2,01/22/2024 02:00,5.05,CUST-1236,United States
100323,SKU-HOU-003,Microfiber Cleaning Towels 4-Pack,7,08/14/2024 03:00,5.66,CUST-1266,Canada
100323,SKU-DRY-001,Basmati Long Grain Rice 5kg,4,2024-06-26 12:00:00,14.9,CUST-1030,Canada
100324,SKU-HOU-001,Eco-Friendly Dishwashing Liquid 1L,4,28-01-2024 05:00,4.04,CUST-1433,Australia
100324,SKU-BEV-002,Organic Green Tea 500ml,4,25-04-2024 08:00,2.8,CUST-1328,Canada
100324,SKU-DRY-002,Extra Virgin Olive Oil 750ml,3,16-06-2024 01:00,13.76,CUST-1018,United Kingdom
100325,SKU-BEV-001,Cold Brew Coffee 250ml,5,30-05-2024 21:00,3.76,CUST-1365,Germany
100325,SKU-HOU-002,Multi-Surface Disinfectant Wipes 80ct,4,03/28/2024 18:00,4.63,CUST-1075,Germany
100325,SKU-DRY-003,Whole Grain Pasta 500g,8,2024/12/18,2.5,CUST-1267,Canada
100326,SKU-HOU-003,Microfiber Cleaning Towels 4-Pack,5,2024/12/24,5.55,CUST-1114,Australia
100326,SKU-HOU-002,Multi-Surface Disinfectant Wipes 80ct,4,03/22/2024 15:00,5.61,CUST-1400,United Kingdom
100326,SKU-SNK-003,Dark Chocolate 70% Bar 100g,6,2024/01/23,3.3,CUST-1275,United States
100327,SKU-DRY-003,Whole Grain Pasta 500g,3,06/18/2024 06:00,2.31,CUST-1233,Australia
100327,SKU-SNK-002,Roasted Almonds & Cranberry Mix 200g,5,03/03/2024 08:00,6.16,CUST-1124,Australia
100327,SKU-BEV-002,Organic Green Tea 500ml,4,04-02-2024 20:00,2.47,CUST-1301,Canada
100328,SKU-BEV-001,Cold Brew Coffee 250ml,6,2024-10-20 09:00:00,4.16,CUST-1000,Canada
100328,SKU-DRY-002,Extra Virgin Olive Oil 750ml,3,30-04-2024 12:00,16.46,CUST-1140,Australia
100328,SKU-DRY-002,Extra Virgin Olive Oil 750ml,7,03/17/2024 02:00,16.56,,Germany
100329,SKU-HOU-003,Microfiber Cleaning Towels 4-Pack,4,29-10-2024 13:00,5.88,CUST-1256,Australia
100329,SKU-PER-002,Moisturizing Face Cleanser 150ml,5,07/23/2024 20:00,8.96,CUST-1312,Germany
100329,SKU-DRY-002,Extra Virgin Olive Oil 750ml,6,11-10-2024 14:00,16.39,CUST-1372,France
100330,SKU-SNK-002,Roasted Almonds & Cranberry Mix 200g,5,2024/10/17,6.21,CUST-1071,Germany
100330,SKU-HOU-001,Eco-Friendly Dishwashing Liquid 1L,5,05/18/2024 01:00,4.28,CUST-1285,United Kingdom
100330,SKU-PER-001,Antibacterial Hand Soap 300ml,3,2024/12/09,3.92,CUST-1240,United States
100331,SKU-DRY-001,Basmati Long Grain Rice 5kg,4,11/28/2024 11:00,12.5,CUST-1189,Germany
100331,SKU-BEV-003,Sparkling Mineral Water 1L,3,20-02-2024 12:00,1.96,CUST-1287,United Kingdom
100331,SKU-DRY-003,Whole Grain Pasta 500g,2,26-06-2024 23:00,2.37,CUST-1490,Canada
100332,SKU-SNK-001,Artisan Sea Salt Potato Chips 150g,4,05-05-2024 16:00,2.84,CUST-1382,United Kingdom
100332,SKU-DRY-001,Basmati Long Grain Rice 5kg,5,2024/10/18,14.28,CUST-1289,United States
100332,SKU-HOU-003,Microfiber Cleaning Towels 4-Pack,5,2024/08/11,5.66,CUST-1057,Australia
100333,SKU-BEV-002,Organic Green Tea 500ml,8,11/15/2024 19:00,2.44,CUST-1378,Germany
100333,SKU-PER-002,Moisturizing Face Cleanser 150ml,3,2024/08/19,10.95,CUST-1003,Canada
100333,SKU-SNK-001,Artisan Sea Salt Potato Chips 150g,6,2024/08/08,3.07,CUST-1102,Australia
100334,SKU-FRZ-001,Frozen Organic Mixed Berries 400g,9,04/14/2024 04:00,4.33,CUST-1399,Germany
100334,SKU-SNK-003,Dark Chocolate 70% Bar 100g,10,08/03/2024 06:00,2.96,CUST-1395,United Kingdom
C100334,SKU-DRY-002,Extra Virgin Olive Oil 750ml,-3,2024/03/25,16.04,CUST-1101,Canada
100335,SKU-BEV-002,Organic Green Tea 500ml,5,03/04/2024 09:00,2.5,CUST-1379,France
100335,SKU-DRY-001,Basmati Long Grain Rice 5kg,5,05/10/2024 09:00,12.44,CUST-1003,Canada
100335,SKU-HOU-003,Microfiber Cleaning Towels 4-Pack,7,09-03-2024 07:00,5.65,CUST-1359,France
100336,SKU-FRZ-001,,6,2024-11-17 18:00:00,5.0,CUST-1289,Australia
100336,SKU-HOU-001,Eco-Friendly Dishwashing Liquid 1L,2,2024-11-16 17:00:00,4.32,CUST-1080,United Kingdom
100336,SKU-BEV-003,Sparkling Mineral Water 1L,3,03-05-2024 23:00,1.61,CUST-1465,Australia
C100337,SKU-HOU-002,Multi-Surface Disinfectant Wipes 80ct,-7,18-01-2024 15:00,5.34,CUST-1390,Australia
100337,SKU-BEV-002,Organic Green Tea 500ml,6,11-01-2024 04:00,2.85,CUST-1438,Canada
100337,SKU-PER-001,Antibacterial Hand Soap 300ml,5,01-01-2024 11:00,3.94,CUST-1342,Canada
100338,SKU-HOU-003,Microfiber Cleaning Towels 4-Pack,6,05/13/2024 23:00,7.36,CUST-1206,Australia
100338,SKU-SNK-001,Artisan Sea Salt Potato Chips 150g,5,06/20/2024 02:00,3.18,CUST-1452,United Kingdom
100338,SKU-SNK-003,Dark Chocolate 70% Bar 100g,5,2024-04-09 03:00:00,3.42,,United Kingdom
100339,SKU-SNK-003,Dark Chocolate 70% Bar 100g,2,2024/01/08,3.42,CUST-1109,Germany
100339,SKU-BEV-002,Organic Green Tea 500ml,9,09-07-2024 16:00,2.31,CUST-1339,Germany
100339,SKU-SNK-002,Roasted Almonds & Cranberry Mix 200g,3,13-02-2024 02:00,5.56,CUST-1061,Germany
100340,SKU-SNK-003,Dark Chocolate 70% Bar 100g,5,2024/07/28,2.88,CUST-1481,Australia
100340,SKU-HOU-003,Microfiber Cleaning Towels 4-Pack,8,2024-05-31 10:00:00,6.55,CUST-1024,Germany
100340,SKU-HOU-001,Eco-Friendly Dishwashing Liquid 1L,7,12/28/2024 09:00,3.5,CUST-1384,Australia
100341,SKU-PER-001,Antibacterial Hand Soap 300ml,4,10/16/2024 11:00,4.82,CUST-1457,Germany
100341,SKU-SNK-002,Roasted Almonds & Cranberry Mix 200g,6,2024-01-01 05:00:00,5.18,CUST-1030,United Kingdom
100341,SKU-HOU-003,Microfiber Cleaning Towels 4-Pack,6,04/19/2024 09:00,6.34,CUST-1115,Germany
100342,SKU-DRY-001,Basmati Long Grain Rice 5kg,4,03/25/2024 06:00,12.12,CUST-1268,France
100342,SKU-SNK-001,Artisan Sea Salt Potato Chips 150g,4,26-10-2024 04:00,3.09,CUST-1368,Germany
100342,SKU-BEV-001,Cold Brew Coffee 250ml,6,17-09-2024 10:00,4.09,CUST-1388,Australia
100343,SKU-HOU-001,Eco-Friendly Dishwashing Liquid 1L,2,09/04/2024 12:00,4.28,CUST-1442,France
100343,SKU-FRZ-001,Frozen Organic Mixed Berries 400g,5,20-06-2024 19:00,5.48,CUST-1124,United Kingdom
100343,SKU-PER-002,Moisturizing Face Cleanser 150ml,3,2024-06-30 10:00:00,9.95,CUST-1445,Canada
100344,SKU-BEV-002,Organic Green Tea 500ml,2,2024-03-08 07:00:00,2.39,CUST-1201,United States
100344,SKU-HOU-002,Multi-Surface Disinfectant Wipes 80ct,3,2024/10/27,5.65,CUST-1342,United Kingdom
100344,SKU-BEV-001,Cold Brew Coffee 250ml,5,2024-08-12 13:00:00,3.43,CUST-1349,United Kingdom
100345,SKU-HOU-002,Multi-Surface Disinfectant Wipes 80ct,5,02-02-2024 15:00,4.64,CUST-1280,France
100345,SKU-SNK-003,Dark Chocolate 70% Bar 100g,3,2024/04/27,3.4,CUST-1424,France
100345,SKU-DRY-001,Basmati Long Grain Rice 5kg,10,2024/08/01,11.83,CUST-1224,United Kingdom
100346,SKU-SNK-003,Dark Chocolate 70% Bar 100g,5,2024-01-11 20:00:00,3.3,CUST-1091,France
100346,SKU-BEV-002,Organic Green Tea 500ml,6,2024/03/02,2.37,CUST-1432,Germany
100346,SKU-BEV-002,Organic Green Tea 500ml,5,08/09/2024 01:00,2.53,CUST-1426,United Kingdom
100347,SKU-SNK-001,Artisan Sea Salt Potato Chips 150g,4,10/27/2024 14:00,3.41,CUST-1284,Australia
100347,SKU-BEV-003,Sparkling Mineral Water 1L,7,2024/12/20,2.05,CUST-1411,Canada
100347,SKU-FRZ-001,Frozen Organic Mixed Berries 400g,6,09-06-2024 05:00,5.07,CUST-1407,United Kingdom
100348,SKU-FRZ-001,Frozen Organic Mixed Berries 400g,6,2024/12/12,5.26,CUST-1499,United Kingdom
100348,SKU-PER-001,Antibacterial Hand Soap 300ml,5,2024/02/06,4.17,CUST-1286,Germany
100348,SKU-HOU-001,Eco-Friendly Dishwashing Liquid 1L,5,2024-04-10 22:00:00,4.15,CUST-1365,Canada
100349,SKU-BEV-003,Sparkling Mineral Water 1L,4,09/27/2024 12:00,1.9,CUST-1260,United Kingdom
100349,SKU-PER-002,Moisturizing Face Cleanser 150ml,2,2024-08-02 16:00:00,10.75,,Canada
100349,SKU-HOU-001,Eco-Friendly Dishwashing Liquid 1L,2,05/12/2024 20:00,4.46,CUST-1373,United States
100350,SKU-DRY-001,Basmati Long Grain Rice 5kg,6,2024/09/21,14.34,CUST-1220,Canada
100350,SKU-SNK-002,Roasted Almonds & Cranberry Mix 200g,7,10/01/2024 00:00,5.71,CUST-1010,United States
100350,SKU-BEV-001,Cold Brew Coffee 250ml,7,2024-09-11 17:00:00,0.0,CUST-1014,Australia
100351,SKU-HOU-003,Microfiber Cleaning Towels 4-Pack,4,02/17/2024 08:00,5.88,CUST-1467,Germany
100351,SKU-FRZ-001,Frozen Organic Mixed Berries 400g,7,10/27/2024 20:00,4.71,CUST-1406,Germany
100351,SKU-BEV-002,Organic Green Tea 500ml,6,08/26/2024 06:00,2.19,CUST-1172,France
100352,SKU-DRY-001,Basmati Long Grain Rice 5kg,7,2024-11-01 18:00:00,12.0,CUST-1406,Germany
100352,SKU-FRZ-001,Frozen Organic Mixed Berries 400g,2,2024-11-23 23:00:00,5.01,CUST-1267,Australia
100352,SKU-SNK-002,Roasted Almonds & Cranberry Mix 200g,4,08/06/2024 16:00,6.22,CUST-1012,Germany
100353,SKU-PER-001,Antibacterial Hand Soap 300ml,4,22-09-2024 10:00,3.98,CUST-1096,Germany
100353,SKU-HOU-001,Eco-Friendly Dishwashing Liquid 1L,7,28-04-2024 08:00,3.36,CUST-1026,France
100353,SKU-HOU-001,Eco-Friendly Dishwashing Liquid 1L,3,12/13/2024 01:00,3.36,CUST-1113,United States
100354,SKU-DRY-002,Extra Virgin Olive Oil 750ml,10,2024-05-21 03:00:00,16.24,CUST-1337,Germany
100354,SKU-DRY-001,Basmati Long Grain Rice 5kg,5,04-06-2024 21:00,11.65,CUST-1472,Australia
100354,SKU-FRZ-001,Frozen Organic Mixed Berries 400g,4,07/30/2024 10:00,5.38,CUST-1193,United Kingdom
100355,SKU-DRY-002,Extra Virgin Olive Oil 750ml,6,2024-06-22 00:00:00,15.35,CUST-1326,United Kingdom
100355,SKU-DRY-002,Extra Virgin Olive Oil 750ml,6,02/15/2024 09:00,15.54,CUST-1145,Germany
100355,SKU-SNK-002,Roasted Almonds & Cranberry Mix 200g,3,2024-03-15 01:00:00,5.0,CUST-1265,Canada
100356,SKU-BEV-002,Organic Green Tea 500ml,4,2024-06-05 02:00:00,2.69,CUST-1224,Canada
100356,SKU-BEV-001,Cold Brew Coffee 250ml,6,12/09/2024 19:00,3.44,CUST-1128,Germany
100356,SKU-FRZ-001,Frozen Organic Mixed Berries 400g,5,2024/02/08,4.8,CUST-1369,Canada
100357,SKU-SNK-001,,4,26-12-2024 19:00,3.41,CUST-1273,France
100357,SKU-FRZ-001,Frozen Organic Mixed Berries 400g,2,07-08-2024 14:00,0.0,,Canada
100357,SKU-BEV-002,Organic Green Tea 500ml,5,2024-06-02 06:00:00,2.6,CUST-1144,Canada
100358,SKU-HOU-001,Eco-Friendly Dishwashing Liquid 1L,3,2024/06/11,4.46,CUST-1274,United Kingdom
100358,SKU-PER-002,Moisturizing Face Cleanser 150ml,9,2024/04/29,9.59,CUST-1235,Australia
100358,SKU-DRY-001,Basmati Long Grain Rice 5kg,8,26-03-2024 08:00,14.48,CUST-1237,Germany
100359,SKU-BEV-003,Sparkling Mineral Water 1L,6,12/27/2024 18:00,1.83,CUST-1186,Australia
100359,SKU-HOU-002,Multi-Surface Disinfectant Wipes 80ct,3,05-10-2024 16:00,4.45,CUST-1426,Australia
100359,SKU-SNK-001,Artisan Sea Salt Potato Chips 150g,5,28-05-2024 06:00,2.89,CUST-1355,Australia
100360,SKU-SNK-002,Roasted Almonds & Cranberry Mix 200g,7,2024/04/16,4.91,CUST-1390,Germany
100360,SKU-HOU-002,Multi-Surface Disinfectant Wipes 80ct,4,2024-12-28 05:00:00,0.0,CUST-1027,United States
100360,SKU-FRZ-001,Frozen Organic Mixed Berries 400g,3,08/31/2024 12:00,4.51,CUST-1463,Canada
100361,SKU-BEV-003,Sparkling Mineral Water 1L,6,16-07-2024 19:00,2.01,CUST-1316,Australia
100361,SKU-DRY-002,Extra Virgin Olive Oil 750ml,6,07/10/2024 23:00,12.96,CUST-1195,Canada
100361,SKU-BEV-001,Cold Brew Coffee 250ml,6,2024/09/04,4.46,CUST-1453,United States
100362,SKU-BEV-002,Organic Green Tea 500ml,6,04/30/2024 23:00,2.8,CUST-1100,Germany
100362,SKU-HOU-002,Multi-Surface Disinfectant Wipes 80ct,7,26-02-2024 17:00,4.27,CUST-1435,Australia
100362,SKU-DRY-003,Whole Grain Pasta 500g,5,2024/01/17,2.29,CUST-1172,France
100363,SKU-PER-002,Moisturizing Face Cleanser 150ml,1,2024-11-08 17:00:00,11.11,CUST-1154,Canada
100363,SKU-BEV-001,Cold Brew Coffee 250ml,7,2024/07/03,4.41,CUST-1482,Germany
100363,SKU-DRY-002,Extra Virgin Olive Oil 750ml,6,11-07-2024 06:00,15.25,CUST-1458,United Kingdom
100364,SKU-BEV-002,Organic Green Tea 500ml,7,2024-06-14 20:00:00,2.54,,France
100364,SKU-HOU-003,Microfiber Cleaning Towels 4-Pack,7,02/18/2024 01:00,7.41,CUST-1313,France
100364,SKU-FRZ-001,Frozen Organic Mixed Berries 400g,3,02/25/2024 09:00,4.08,,Germany
100365,SKU-SNK-001,Artisan Sea Salt Potato Chips 150g,3,11/20/2024 23:00,3.18,CUST-1440,United Kingdom
100365,SKU-BEV-002,Organic Green Tea 500ml,4,04/30/2024 01:00,2.55,CUST-1096,Germany
100365,SKU-SNK-001,Artisan Sea Salt Potato Chips 150g,7,2024/04/20,3.08,CUST-1422,United Kingdom
100366,SKU-PER-002,Moisturizing Face Cleanser 150ml,5,20-06-2024 19:00,8.68,CUST-1418,France
100366,SKU-HOU-001,Eco-Friendly Dishwashing Liquid 1L,4,2024-10-31 10:00:00,3.68,CUST-1310,United States
100366,SKU-HOU-001,Eco-Friendly Dishwashing Liquid 1L,4,2024/08/05,3.74,CUST-1381,Australia
100367,SKU-HOU-001,Eco-Friendly Dishwashing Liquid 1L,4,2024/08/28,4.38,CUST-1460,United Kingdom
100367,SKU-HOU-002,,5,2024/09/20,5.42,CUST-1187,France
100367,SKU-BEV-003,Sparkling Mineral Water 1L,3,05/05/2024 13:00,1.6,CUST-1155,Australia
100368,SKU-SNK-001,Artisan Sea Salt Potato Chips 150g,5,2024/11/28,2.68,CUST-1034,France
100368,SKU-SNK-002,Roasted Almonds & Cranberry Mix 200g,5,04/06/2024 13:00,5.02,CUST-1173,France
100368,SKU-PER-001,Antibacterial Hand Soap 300ml,7,03/24/2024 04:00,4.09,CUST-1242,Canada
100369,SKU-SNK-001,Artisan Sea Salt Potato Chips 150g,3,22-05-2024 23:00,3.35,CUST-1143,Australia
100369,SKU-HOU-001,Eco-Friendly Dishwashing Liquid 1L,2,05/12/2024 16:00,3.97,CUST-1416,Canada
100369,SKU-FRZ-001,Frozen Organic Mixed Berries 400g,6,14-01-2024 05:00,5.15,CUST-1308,France
100370,SKU-DRY-002,,6,09/22/2024 22:00,12.95,CUST-1324,Germany
100370,SKU-DRY-002,Extra Virgin Olive Oil 750ml,7,09-04-2024 18:00,13.69,CUST-1096,Australia
100370,SKU-SNK-002,Roasted Almonds & Cranberry Mix 200g,7,02/11/2024 08:00,5.08,CUST-1152,United Kingdom
100371,SKU-BEV-001,Cold Brew Coffee 250ml,2,2024-10-14 16:00:00,4.58,CUST-1227,United States
100371,SKU-DRY-002,Extra Virgin Olive Oil 750ml,4,07/07/2024 09:00,13.03,CUST-1444,Canada
100371,SKU-SNK-003,Dark Chocolate 70% Bar 100g,4,2024-09-13 00:00:00,3.19,,Australia
100372,SKU-BEV-001,Cold Brew Coffee 250ml,8,2024-12-15 07:00:00,3.99,CUST-1083,United Kingdom
100372,SKU-SNK-003,Dark Chocolate 70% Bar 100g,7,31-08-2024 18:00,2.87,CUST-1404,United Kingdom
100372,SKU-BEV-002,Organic Green Tea 500ml,4,2024/05/21,2.77,CUST-1012,France
100373,SKU-BEV-001,Cold Brew Coffee 250ml,5,01/29/2024 19:00,4.53,CUST-1324,United States
100373,SKU-SNK-002,Roasted Almonds & Cranberry Mix 200g,2,2024-12-02 00:00:00,5.57,CUST-1298,Germany
100373,SKU-PER-001,Antibacterial Hand Soap 300ml,5,09/08/2024 07:00,3.62,CUST-1191,United Kingdom
100374,SKU-HOU-002,Multi-Surface Disinfectant Wipes 80ct,5,23-06-2024 22:00,4.83,CUST-1495,Australia
100374,SKU-SNK-001,Artisan Sea Salt Potato Chips 150g,2,2024-05-06 04:00:00,3.21,CUST-1382,France
100374,SKU-FRZ-001,Frozen Organic Mixed Berries 400g,3,26-07-2024 02:00,4.4,CUST-1012,United Kingdom
100375,SKU-HOU-003,Microfiber Cleaning Towels 4-Pack,7,08/15/2024 23:00,6.93,CUST-1471,Australia
100375,SKU-HOU-002,,5,2024-06-18 15:00:00,5.52,CUST-1476,Canada
100375,SKU-PER-001,Antibacterial Hand Soap 300ml,3,2024-04-18 21:00:00,3.86,,United States
100376,SKU-BEV-001,Cold Brew Coffee 250ml,8,22-03-2024 23:00,4.51,CUST-1325,France
C100376,SKU-FRZ-001,Frozen Organic Mixed Berries 400g,-6,11/21/2024 07:00,4.41,CUST-1138,Australia
100376,SKU-HOU-001,,5,04/14/2024 15:00,3.34,CUST-1498,United States
100377,SKU-HOU-002,Multi-Surface Disinfectant Wipes 80ct,7,10-07-2024 17:00,4.64,CUST-1353,United States
100377,SKU-BEV-001,Cold Brew Coffee 250ml,8,2024/10/24,4.28,CUST-1420,United Kingdom
100377,SKU-FRZ-001,Frozen Organic Mixed Berries 400g,4,09/10/2024 10:00,4.66,CUST-1392,France
100378,SKU-DRY-002,Extra Virgin Olive Oil 750ml,6,05-10-2024 09:00,13.43,CUST-1230,France
100378,SKU-BEV-001,Cold Brew Coffee 250ml,7,08/22/2024 11:00,4.39,CUST-1417,France
100378,SKU-HOU-003,Microfiber Cleaning Towels 4-Pack,3,2024-10-13 00:00:00,6.54,CUST-1482,United Kingdom
100379,SKU-HOU-002,Multi-Surface Disinfectant Wipes 80ct,6,2024/08/16,5.43,CUST-1201,Germany
100379,SKU-HOU-001,Eco-Friendly Dishwashing Liquid 1L,3,03/13/2024 15:00,4.28,,Australia
100379,SKU-DRY-002,Extra Virgin Olive Oil 750ml,4,2024-04-08 13:00:00,15.61,CUST-1487,United States
100380,SKU-SNK-002,Roasted Almonds & Cranberry Mix 200g,2,03/23/2024 15:00,4.78,CUST-1183,United States
100380,SKU-SNK-002,Roasted Almonds & Cranberry Mix 200g,3,2024/08/22,5.69,CUST-1347,United States
100380,SKU-SNK-003,Dark Chocolate 70% Bar 100g,4,22-01-2024 04:00,3.18,CUST-1317,France
100381,SKU-BEV-001,Cold Brew Coffee 250ml,4,2024-09-16 09:00:00,3.5,CUST-1425,United States
100381,SKU-HOU-001,Eco-Friendly Dishwashing Liquid 1L,7,08/18/2024 07:00,3.68,CUST-1314,United States
100381,SKU-PER-001,Antibacterial Hand Soap 300ml,2,2024/01/20,3.96,CUST-1370,Australia
100382,SKU-DRY-003,Whole Grain Pasta 500g,6,12/01/2024 06:00,1.97,CUST-1079,United States
100382,SKU-DRY-002,Extra Virgin Olive Oil 750ml,7,2024-06-19 00:00:00,15.17,CUST-1114,France
100382,SKU-DRY-002,Extra Virgin Olive Oil 750ml,7,2024/06/05,12.83,CUST-1309,Canada
100383,SKU-HOU-002,Multi-Surface Disinfectant Wipes 80ct,4,2024-10-20 12:00:00,4.79,,France
100383,SKU-BEV-002,Organic Green Tea 500ml,5,29-02-2024 13:00,2.47,CUST-1070,United Kingdom
100383,SKU-BEV-003,Sparkling Mineral Water 1L,6,2024/05/14,1.82,CUST-1298,Australia
100384,  SKU-SNK-001  ,Artisan Sea Salt Potato Chips 150g,5,10-04-2024 14:00,2.55,CUST-1340,Australia
100384,SKU-FRZ-001,Frozen Organic Mixed Berries 400g,5,03-04-2024 13:00,5.22,CUST-1050,Australia
100384,SKU-DRY-003,Whole Grain Pasta 500g,5,02/18/2024 09:00,1.96,CUST-1037,United Kingdom
100385,SKU-DRY-001,Basmati Long Grain Rice 5kg,5,09/03/2024 22:00,13.97,CUST-1098,Germany
100385,SKU-PER-001,Antibacterial Hand Soap 300ml,6,06/02/2024 09:00,4.26,CUST-1123,Germany
100385,SKU-BEV-002,Organic Green Tea 500ml,3,2024-10-22 10:00:00,2.64,,Germany
100386,SKU-HOU-002,Multi-Surface Disinfectant Wipes 80ct,4,21-08-2024 02:00,5.62,CUST-1387,France
100386,SKU-DRY-003,Whole Grain Pasta 500g,3,2024/04/03,2.5,,Germany
100386,SKU-PER-001,Antibacterial Hand Soap 300ml,2,12/16/2024 13:00,4.77,CUST-1422,France
100387,SKU-SNK-002,Roasted Almonds & Cranberry Mix 200g,9,10/16/2024 08:00,4.9,CUST-1185,Australia
100387,SKU-HOU-002,Multi-Surface Disinfectant Wipes 80ct,2,11/11/2024 20:00,4.68,CUST-1172,France
100387,SKU-SNK-003,Dark Chocolate 70% Bar 100g,11,2024/06/16,3.36,CUST-1129,Canada
100388,SKU-DRY-001,Basmati Long Grain Rice 5kg,6,2024-01-03 05:00:00,14.66,CUST-1141,Canada
100388,SKU-BEV-001,Cold Brew Coffee 250ml,7,2024/10/18,3.85,CUST-1410,United States
100388,SKU-SNK-002,,4,14-03-2024 08:00,5.89,CUST-1030,Germany
100389,SKU-HOU-001,Eco-Friendly Dishwashing Liquid 1L,7,08-07-2024 05:00,4.03,CUST-1430,United States
100389,SKU-SNK-003,Dark Chocolate 70% Bar 100g,5,05/30/2024 02:00,3.0,CUST-1379,Germany
100389,SKU-BEV-002,,4,03/06/2024 07:00,2.46,CUST-1054,France
100390,SKU-PER-001,Antibacterial Hand Soap 300ml,1,2024/09/20,3.72,CUST-1196,Canada
100390,SKU-HOU-002,Multi-Surface Disinfectant Wipes 80ct,6,07/04/2024 11:00,5.42,CUST-1315,Canada
100390,SKU-SNK-003,Dark Chocolate 70% Bar 100g,9,2024-04-08 15:00:00,3.17,CUST-1207,France
100391,SKU-SNK-001,Artisan Sea Salt Potato Chips 150g,3,2024/09/16,3.05,CUST-1011,Germany
100391,SKU-BEV-001,Cold Brew Coffee 250ml,4,2024/12/01,3.5,CUST-1133,United Kingdom
100391,SKU-PER-001,Antibacterial Hand Soap 300ml,7,12/19/2024 01:00,4.08,CUST-1047,Australia
100392,SKU-BEV-002,Organic Green Tea 500ml,2,24-12-2024 13:00,2.76,CUST-1159,United States
100392,SKU-BEV-002,Organic Green Tea 500ml,6,02/05/2024 14:00,2.43,CUST-1308,United States
100392,SKU-SNK-002,,6,2024-05-02 00:00:00,5.27,CUST-1402,United Kingdom
100393,SKU-DRY-003,Whole Grain Pasta 500g,8,2024-01-15 03:00:00,2.17,CUST-1188,Germany
100393,SKU-DRY-002,Extra Virgin Olive Oil 750ml,6,2024-04-29 13:00:00,14.96,CUST-1147,Canada
100393,SKU-DRY-001,Basmati Long Grain Rice 5kg,2,2024/10/02,12.42,CUST-1384,Canada
100394,SKU-HOU-003,Microfiber Cleaning Towels 4-Pack,5,12/07/2024 03:00,6.69,CUST-1211,Germany
100394,SKU-SNK-003,Dark Chocolate 70% Bar 100g,7,11/28/2024 14:00,3.56,CUST-1388,France
C100394,SKU-DRY-001,Basmati Long Grain Rice 5kg,-2,06/15/2024 21:00,12.75,CUST-1451,United Kingdom
100395,SKU-BEV-001,Cold Brew Coffee 250ml,2,06/16/2024 12:00,3.75,CUST-1334,United States
100395,SKU-SNK-003,Dark Chocolate 70% Bar 100g,3,2024/12/15,3.63,CUST-1259,United States
C100395,SKU-HOU-001,Eco-Friendly Dishwashing Liquid 1L,-7,2024-07-03 01:00:00,3.91,CUST-1235,Germany
100396,SKU-BEV-001,Cold Brew Coffee 250ml,5,2024-12-18 22:00:00,3.91,CUST-1383,United States
100396,SKU-BEV-003,Sparkling Mineral Water 1L,6,14-09-2024 23:00,1.91,CUST-1047,Germany
C100396,SKU-BEV-001,Cold Brew Coffee 250ml,-9,31-01-2024 01:00,3.89,CUST-1218,Germany
100397,SKU-SNK-001,Artisan Sea Salt Potato Chips 150g,6,2024-01-01 09:00:00,3.19,CUST-1084,Canada
100397,SKU-PER-002,Moisturizing Face Cleanser 150ml,7,09-11-2024 18:00,11.04,CUST-1455,France
100397,SKU-PER-002,Moisturizing Face Cleanser 150ml,4,08/10/2024 21:00,10.26,CUST-1125,United States
100398,SKU-SNK-002,Roasted Almonds & Cranberry Mix 200g,4,12-08-2024 00:00,5.33,CUST-1054,Australia
100398,SKU-HOU-002,Multi-Surface Disinfectant Wipes 80ct,5,05/29/2024 11:00,4.39,CUST-1214,Germany
100398,SKU-BEV-003,Sparkling Mineral Water 1L,5,2024-11-24 11:00:00,1.55,CUST-1500,Germany
100399,SKU-SNK-001,Artisan Sea Salt Potato Chips 150g,6,2024/11/28,2.73,CUST-1411,United Kingdom
100399,SKU-PER-001,Antibacterial Hand Soap 300ml,5,2024-09-14 06:00:00,4.55,CUST-1478,France
100399,SKU-BEV-001,Cold Brew Coffee 250ml,6,2024/01/02,4.57,CUST-1182,United States
100400,SKU-FRZ-001,Frozen Organic Mixed Berries 400g,4,30-07-2024 11:00,479.0,CUST-1404,Canada
100400,SKU-DRY-002,Extra Virgin Olive Oil 750ml,2,14-03-2024 09:00,14.61,,Germany
100400,SKU-HOU-002,Multi-Surface Disinfectant Wipes 80ct,4,2024-12-17 11:00:00,4.67,CUST-1242,Germany
100401,SKU-SNK-002,Roasted Almonds & Cranberry Mix 200g,4,2024/07/19,5.97,CUST-1236,United Kingdom
100401,SKU-BEV-001,Cold Brew Coffee 250ml,4,03/21/2024 08:00,3.57,CUST-1296,Canada
100401,SKU-BEV-002,Organic Green Tea 500ml,7,07/25/2024 12:00,2.39,,Germany
100402,SKU-HOU-003,Microfiber Cleaning Towels 4-Pack,8,2024/12/05,6.91,CUST-1494,France
100402,SKU-FRZ-001,Frozen Organic Mixed Berries 400g,6,2024-05-05 14:00:00,4.43,CUST-1021,United Kingdom
100402,SKU-DRY-002,Extra Virgin Olive Oil 750ml,5,07/08/2024 16:00,15.68,CUST-1190,United States
100403,SKU-HOU-003,Microfiber Cleaning Towels 4-Pack,3,12/08/2024 01:00,6.81,CUST-1455,Australia
100403,SKU-PER-001,Antibacterial Hand Soap 300ml,1,2024/05/14,3.66,CUST-1386,Germany
100403,SKU-DRY-001,Basmati Long Grain Rice 5kg,5,2024/02/12,12.85,CUST-1427,Canada
100404,SKU-FRZ-001,Frozen Organic Mixed Berries 400g,4,01/27/2024 10:00,0.0,CUST-1113,Canada
100404,SKU-BEV-001,Cold Brew Coffee 250ml,6,2024-10-20 13:00:00,3.72,CUST-1256,France
100404,SKU-PER-002,Moisturizing Face Cleanser 150ml,4,2024-07-28 00:00:00,10.09,CUST-1473,Australia
100405,SKU-BEV-003,Sparkling Mineral Water 1L,5,2024-05-16 17:00:00,1.87,CUST-1383,United Kingdom
100405,SKU-PER-002,Moisturizing Face Cleanser 150ml,7,2024/06/24,10.68,CUST-1277,France
100405,SKU-BEV-003,Sparkling Mineral Water 1L,4,2024-03-23 21:00:00,1.94,CUST-1391,United States
100406,SKU-HOU-003,Microfiber Cleaning Towels 4-Pack,4,2024/12/30,6.72,CUST-1090,United Kingdom
100406,SKU-SNK-002,Roasted Almonds & Cranberry Mix 200g,5,2024-01-13 10:00:00,5.23,CUST-1473,Germany
100406,SKU-HOU-003,Microfiber Cleaning Towels 4-Pack,6,2024/09/22,7.11,CUST-1396,France
100407,SKU-HOU-001,Eco-Friendly Dishwashing Liquid 1L,6,2024/06/03,3.68,,Australia
100407,SKU-PER-002,Moisturizing Face Cleanser 150ml,5,11-09-2024 07:00,11.4,CUST-1304,United States
100407,SKU-DRY-002,Extra Virgin Olive Oil 750ml,9,03-12-2024 11:00,15.74,CUST-1217,United States
100408,SKU-SNK-002,Roasted Almonds & Cranberry Mix 200g,7,03-04-2024 11:00,5.13,CUST-1186,Germany
100408,SKU-DRY-001,Basmati Long Grain Rice 5kg,5,2024-01-16 12:00:00,13.82,CUST-1436,United States
100408,SKU-SNK-002,Roasted Almonds & Cranberry Mix 200g,4,15-08-2024 20:00,5.02,CUST-1430,Australia
100409,SKU-BEV-002,Organic Green Tea 500ml,4,21-07-2024 21:00,2.81,CUST-1170,United States
100409,SKU-BEV-002,Organic Green Tea 500ml,5,2024-01-03 17:00:00,2.72,CUST-1481,United Kingdom
100409,SKU-BEV-003,Sparkling Mineral Water 1L,5,2024-05-06 09:00:00,1.64,CUST-1442,United Kingdom
100410,SKU-BEV-001,Cold Brew Coffee 250ml,4,23-12-2024 00:00,4.4,CUST-1313,United Kingdom
100410,SKU-SNK-002,Roasted Almonds & Cranberry Mix 200g,5,08/23/2024 00:00,6.17,CUST-1063,Germany
100410,SKU-DRY-002,Extra Virgin Olive Oil 750ml,4,2024-01-01 23:00:00,13.43,CUST-1061,United Kingdom
100411,SKU-BEV-001,,6,06/06/2024 14:00,4.21,CUST-1294,United Kingdom
100411,SKU-HOU-003,Microfiber Cleaning Towels 4-Pack,3,2024/01/10,5.81,CUST-1166,Canada
100411,SKU-PER-002,Moisturizing Face Cleanser 150ml,7,2024/07/06,8.93,CUST-1484,Canada
100412,SKU-SNK-002,Roasted Almonds & Cranberry Mix 200g,6,2024-10-25 15:00:00,4.93,CUST-1268,Canada
100412,SKU-SNK-002,Roasted Almonds & Cranberry Mix 200g,2,06-04-2024 01:00,4.69,CUST-1178,United Kingdom
100412,SKU-HOU-001,Eco-Friendly Dishwashing Liquid 1L,6,2024/07/07,3.87,CUST-1330,United Kingdom
100413,SKU-DRY-003,Whole Grain Pasta 500g,5,12/13/2024 22:00,2.2,CUST-1409,Canada
100413,SKU-PER-001,Antibacterial Hand Soap 300ml,1,03/14/2024 03:00,3.92,CUST-1294,Australia
100413,SKU-PER-002,Moisturizing Face Cleanser 150ml,6,2024-12-05 07:00:00,10.79,CUST-1246,United States
100414,SKU-HOU-001,Eco-Friendly Dishwashing Liquid 1L,5,17-10-2024 00:00,3.54,CUST-1288,Canada
100414,SKU-SNK-001,Artisan Sea Salt Potato Chips 150g,7,16-06-2024 04:00,2.96,CUST-1490,France
100414,SKU-PER-001,Antibacterial Hand Soap 300ml,2,04/03/2024 12:00,4.21,CUST-1499,France
100415,SKU-HOU-001,Eco-Friendly Dishwashing Liquid 1L,3,05/26/2024 10:00,3.32,CUST-1301,United Kingdom
100415,SKU-FRZ-001,Frozen Organic Mixed Berries 400g,3,2024-06-10 14:00:00,4.93,CUST-1243,Australia
100415,SKU-HOU-002,Multi-Surface Disinfectant Wipes 80ct,4,2024/01/05,4.86,CUST-1473,United States
100416,SKU-SNK-003,Dark Chocolate 70% Bar 100g,4,2024/08/31,3.53,CUST-1098,United Kingdom
100416,SKU-BEV-001,Cold Brew Coffee 250ml,2,05/02/2024 11:00,3.74,CUST-1016,France
100416,SKU-PER-002,Moisturizing Face Cleanser 150ml,4,2024/07/23,11.19,CUST-1272,Canada
100417,SKU-HOU-002,Multi-Surface Disinfectant Wipes 80ct,4,04/17/2024 13:00,4.89,CUST-1365,France
100417,SKU-FRZ-001,Frozen Organic Mixed Berries 400g,4,2024/08/13,4.84,CUST-1312,Canada
100417,SKU-SNK-002,Roasted Almonds & Cranberry Mix 200g,3,2024-05-26 04:00:00,5.94,CUST-1407,United States
100418,SKU-HOU-001,Eco-Friendly Dishwashing Liquid 1L,4,2024-12-30 05:00:00,4.06,,United Kingdom
100418,SKU-SNK-001,Artisan Sea Salt Potato Chips 150g,7,2024-02-04 15:00:00,2.85,CUST-1069,United States
100418,SKU-HOU-003,Microfiber Cleaning Towels 4-Pack,3,05/20/2024 03:00,6.77,,Australia
100419,SKU-HOU-002,Multi-Surface Disinfectant Wipes 80ct,5,2024/08/07,5.51,CUST-1396,United States
100419,SKU-HOU-001,Eco-Friendly Dishwashing Liquid 1L,5,2024-01-21 17:00:00,4.25,CUST-1487,Canada
100419,SKU-DRY-003,Whole Grain Pasta 500g,4,2024-09-10 15:00:00,2.26,CUST-1344,Australia
100420,SKU-HOU-002,Multi-Surface Disinfectant Wipes 80ct,5,18-07-2024 10:00,4.46,CUST-1267,United States
100420,SKU-HOU-003,Microfiber Cleaning Towels 4-Pack,4,2024-07-16 06:00:00,6.51,,United Kingdom
100420,SKU-PER-002,Moisturizing Face Cleanser 150ml,4,2024-08-21 02:00:00,10.08,CUST-1076,Australia
100421,SKU-SNK-003,Dark Chocolate 70% Bar 100g,7,2024-09-09 06:00:00,3.57,CUST-1320,Canada
100421,SKU-DRY-001,Basmati Long Grain Rice 5kg,8,10-11-2024 01:00,13.47,CUST-1094,United States
100421,SKU-BEV-001,Cold Brew Coffee 250ml,7,2024/03/24,4.46,CUST-1375,France
100422,SKU-DRY-002,Extra Virgin Olive Oil 750ml,3,12/06/2024 06:00,15.65,CUST-1079,United Kingdom
100422,SKU-PER-001,Antibacterial Hand Soap 300ml,2,07/20/2024 11:00,4.46,,France
100422,SKU-HOU-001,Eco-Friendly Dishwashing Liquid 1L,6,2024/12/26,4.21,CUST-1149,France
100423,SKU-SNK-003,Dark Chocolate 70% Bar 100g,3,12-09-2024 02:00,3.19,CUST-1349,United Kingdom
100423,SKU-FRZ-001,Frozen Organic Mixed Berries 400g,6,2024-01-16 21:00:00,5.21,CUST-1271,United States
100423,SKU-HOU-001,Eco-Friendly Dishwashing Liquid 1L,4,15-03-2024 09:00,3.91,CUST-1068,France
100424,SKU-HOU-001,Eco-Friendly Dishwashing Liquid 1L,6,2024-08-20 01:00:00,4.47,CUST-1496,Germany
100424,SKU-DRY-003,Whole Grain Pasta 500g,6,24-06-2024 22:00,2.34,CUST-1364,Australia
100424,SKU-FRZ-001,Frozen Organic Mixed Berries 400g,6,2024-03-25 11:00:00,4.92,CUST-1207,United Kingdom
100425,SKU-DRY-001,Basmati Long Grain Rice 5kg,7,2024-01-24 17:00:00,13.43,CUST-1199,Australia
C100425,SKU-HOU-002,Multi-Surface Disinfectant Wipes 80ct,-7,2024-12-24 00:00:00,5.47,CUST-1398,Australia
100425,SKU-PER-001,Antibacterial Hand Soap 300ml,6,2024-12-23 15:00:00,4.21,CUST-1305,France
100426,SKU-FRZ-001,Frozen Organic Mixed Berries 400g,6,01/03/2024 02:00,4.57,CUST-1413,Australia
100426,SKU-PER-001,Antibacterial Hand Soap 300ml,3,2024-07-14 19:00:00,4.12,CUST-1387,United Kingdom
100426,SKU-HOU-001,Eco-Friendly Dishwashing Liquid 1L,5,04/17/2024 15:00,3.39,CUST-1047,United States
100427,SKU-HOU-003,Microfiber Cleaning Towels 4-Pack,5,07/19/2024 16:00,6.98,CUST-1172,Canada
100427,SKU-HOU-002,Multi-Surface Disinfectant Wipes 80ct,3,2024-02-01 15:00:00,5.41,CUST-1028,United Kingdom
100427,SKU-DRY-001,Basmati Long Grain Rice 5kg,4,2024-03-01 08:00:00,11.32,CUST-1393,Germany
100428,SKU-HOU-003,Microfiber Cleaning Towels 4-Pack,4,10/20/2024 09:00,6.75,CUST-1073,Australia
100428,SKU-SNK-002,Roasted Almonds & Cranberry Mix 200g,5,2024-01-28 12:00:00,4.67,CUST-1152,France
100428,SKU-HOU-001,Eco-Friendly Dishwashing Liquid 1L,5,12/26/2024 20:00,4.06,CUST-1189,France
100429,SKU-HOU-003,Microfiber Cleaning Towels 4-Pack,3,02-02-2024 10:00,5.65,CUST-1365,Germany
100429,SKU-BEV-003,Sparkling Mineral Water 1L,7,2024/10/02,1.72,CUST-1309,France
100429,SKU-PER-002,Moisturizing Face Cleanser 150ml,5,2024-11-07 10:00:00,10.1,CUST-1127,Australia
100430,SKU-BEV-001,Cold Brew Coffee 250ml,5,07-12-2024 15:00,4.42,CUST-1429,United Kingdom
100430,SKU-BEV-003,Sparkling Mineral Water 1L,5,2024/10/20,1.55,CUST-1079,United States
100430,SKU-DRY-001,Basmati Long Grain Rice 5kg,7,2024/01/21,13.23,CUST-1166,Australia
100431,SKU-PER-002,Moisturizing Face Cleanser 150ml,6,06/15/2024 13:00,8.54,,Canada
100431,SKU-BEV-002,Organic Green Tea 500ml,4,2024/04/07,2.75,CUST-1346,France
100431,SKU-HOU-002,Multi-Surface Disinfectant Wipes 80ct,6,2024/09/18,5.62,CUST-1050,France
100432,SKU-HOU-002,Multi-Surface Disinfectant Wipes 80ct,6,09-05-2024 21:00,5.36,CUST-1277,Australia
100432,SKU-SNK-002,Roasted Almonds & Cranberry Mix 200g,6,13-12-2024 11:00,4.72,CUST-1003,Australia
100432,SKU-DRY-001,Basmati Long Grain Rice 5kg,5,2024-09-22 18:00:00,14.86,CUST-1098,Germany
100433,SKU-HOU-003,Microfiber Cleaning Towels 4-Pack,7,2024-01-18 09:00:00,5.63,CUST-1037,Germany
100433,SKU-DRY-001,Basmati Long Grain Rice 5kg,3,04/30/2024 23:00,13.54,CUST-1326,United States
100433,SKU-DRY-002,Extra Virgin Olive Oil 750ml,10,29-10-2024 05:00,16.43,CUST-1210,Australia
100434,SKU-BEV-001,Cold Brew Coffee 250ml,3,2024/03/03,4.5,CUST-1477,Germany
100434,SKU-FRZ-001,Frozen Organic Mixed Berries 400g,3,23-12-2024 16:00,4.36,CUST-1160,United Kingdom
100434,SKU-FRZ-001,Frozen Organic Mixed Berries 400g,3,2024-09-30 23:00:00,4.74,CUST-1347,Australia
100435,SKU-DRY-001,Basmati Long Grain Rice 5kg,4,03/17/2024 21:00,13.04,CUST-1293,Canada
100435,SKU-SNK-001,Artisan Sea Salt Potato Chips 150g,7,2024-11-01 11:00:00,2.82,CUST-1296,United Kingdom
100435,SKU-SNK-002,Roasted Almonds & Cranberry Mix 200g,3,2024-12-14 08:00:00,5.12,CUST-1128,Canada
100436,SKU-BEV-002,Organic Green Tea 500ml,5,2024/04/06,2.5,CUST-1327,Canada
100436,SKU-PER-001,Antibacterial Hand Soap 300ml,4,2024-05-04 12:00:00,4.8,CUST-1424,France
100436,SKU-DRY-002,Extra Virgin Olive Oil 750ml,10,2024/06/08,15.9,CUST-1278,Germany
100437,SKU-SNK-003,Dark Chocolate 70% Bar 100g,5,2024/06/05,3.57,CUST-1348,United States
100437,SKU-HOU-001,Eco-Friendly Dishwashing Liquid 1L,1,2024/02/11,4.36,CUST-1007,United States
100437,SKU-BEV-003,Sparkling Mineral Water 1L,5,02/27/2024 14:00,1.7,CUST-1337,Germany
100438,SKU-DRY-002,Extra Virgin Olive Oil 750ml,5,12-03-2024 14:00,12.64,,Germany
100438,SKU-DRY-002,Extra Virgin Olive Oil 750ml,4,27-01-2024 22:00,14.68,CUST-1064,United States
100438,SKU-HOU-002,Multi-Surface Disinfectant Wipes 80ct,4,01/24/2024 03:00,5.7,CUST-1149,Germany
100439,SKU-SNK-003,Dark Chocolate 70% Bar 100g,2,2024-12-15 15:00:00,3.24,CUST-1467,France
100439,SKU-SNK-003,Dark Chocolate 70% Bar 100g,7,05/02/2024 05:00,3.18,CUST-1013,Canada
100439,SKU-HOU-002,Multi-Surface Disinfectant Wipes 80ct,9,2024-02-23 05:00:00,4.93,CUST-1438,Canada
100440,SKU-HOU-001,Eco-Friendly Dishwashing Liquid 1L,4,04/15/2024 01:00,3.88,CUST-1348,Canada
100440,SKU-PER-002,Moisturizing Face Cleanser 150ml,3,11-06-2024 02:00,8.58,CUST-1195,Germany
100440,SKU-PER-001,Antibacterial Hand Soap 300ml,7,2024-01-27 03:00:00,4.76,CUST-1137,Australia
100441,SKU-PER-001,Antibacterial Hand Soap 300ml,3,09/26/2024 00:00,4.39,CUST-1349,Australia
100441,SKU-HOU-002,Multi-Surface Disinfectant Wipes 80ct,7,09/24/2024 04:00,5.68,CUST-1084,France
100441,SKU-SNK-003,Dark Chocolate 70% Bar 100g,4,07-05-2024 09:00,2.97,CUST-1087,Australia
100442,SKU-HOU-001,Eco-Friendly Dishwashing Liquid 1L,4,31-05-2024 17:00,3.74,CUST-1286,Germany
100442,SKU-PER-002,Moisturizing Face Cleanser 150ml,2,30-11-2024 06:00,10.17,CUST-1348,Germany
100442,SKU-SNK-001,Artisan Sea Salt Potato Chips 150g,4,2024-07-28 07:00:00,3.28,CUST-1306,United States
100443,SKU-HOU-003,Microfiber Cleaning Towels 4-Pack,5,08/15/2024 17:00,7.16,CUST-1232,Germany
100443,SKU-SNK-001,Artisan Sea Salt Potato Chips 150g,5,28-04-2024 10:00,2.92,CUST-1408,Germany
100443,SKU-PER-001,Antibacterial Hand Soap 300ml,4,06/30/2024 10:00,3.75,,Canada
100444,SKU-DRY-003,Whole Grain Pasta 500g,3,2024/03/24,2.41,CUST-1120,Australia
100444,SKU-HOU-002,Multi-Surface Disinfectant Wipes 80ct,9,2024/08/25,4.74,CUST-1029,Australia
100444,SKU-HOU-002,Multi-Surface Disinfectant Wipes 80ct,4,2024/11/03,4.45,CUST-1457,Australia
100445,SKU-HOU-001,Eco-Friendly Dishwashing Liquid 1L,5,15-10-2024 01:00,4.14,CUST-1490,United States
C100445,SKU-HOU-002,Multi-Surface Disinfectant Wipes 80ct,-5,19-10-2024 06:00,4.25,CUST-1327,France
100445,SKU-BEV-002,,8,06/10/2024 09:00,2.86,CUST-1106,Germany
100446,SKU-DRY-003,Whole Grain Pasta 500g,5,2024/05/19,1.93,CUST-1196,Australia
100446,SKU-DRY-002,Extra Virgin Olive Oil 750ml,3,2024/04/08,16.4,CUST-1368,France
100446,SKU-HOU-001,Eco-Friendly Dishwashing Liquid 1L,3,01/05/2024 08:00,4.17,CUST-1490,United Kingdom
100447,SKU-BEV-003,Sparkling Mineral Water 1L,4,03/13/2024 06:00,1.63,,United States
100447,SKU-HOU-001,Eco-Friendly Dishwashing Liquid 1L,5,2024-01-06 12:00:00,3.88,CUST-1272,Canada
100447,SKU-HOU-001,Eco-Friendly Dishwashing Liquid 1L,6,2024/02/29,3.72,CUST-1287,Canada
100448,SKU-BEV-003,Sparkling Mineral Water 1L,7,23-01-2024 07:00,1.96,CUST-1336,France
100448,SKU-BEV-001,Cold Brew Coffee 250ml,7,2024/05/04,3.6,CUST-1367,Australia
100448,SKU-BEV-003,Sparkling Mineral Water 1L,7,20-01-2024 23:00,2.03,CUST-1087,France
100449,SKU-SNK-003,Dark Chocolate 70% Bar 100g,3,21-02-2024 10:00,3.03,CUST-1125,Australia
100449,SKU-DRY-003,Whole Grain Pasta 500g,3,29-07-2024 07:00,2.29,CUST-1413,United Kingdom
100449,SKU-PER-001,Antibacterial Hand Soap 300ml,6,15-08-2024 01:00,4.83,CUST-1457,Australia
100450,SKU-BEV-003,Sparkling Mineral Water 1L,5,2024/04/29,1.65,CUST-1254,United Kingdom
100450,SKU-FRZ-001,Frozen Organic Mixed Berries 400g,4,08/11/2024 03:00,5.39,CUST-1385,United Kingdom
100450,SKU-DRY-001,Basmati Long Grain Rice 5kg,4,02/07/2024 01:00,12.08,CUST-1453,Australia
100451,SKU-PER-001,Antibacterial Hand Soap 300ml,6,26-10-2024 06:00,4.53,CUST-1121,Canada
C100451,SKU-HOU-002,Multi-Surface Disinfectant Wipes 80ct,-2,01/28/2024 14:00,4.6,CUST-1406,United States
100451,SKU-SNK-003,Dark Chocolate 70% Bar 100g,4,04/21/2024 06:00,3.71,CUST-1085,France
100452,SKU-HOU-001,Eco-Friendly Dishwashing Liquid 1L,8,2024-08-25 17:00:00,3.63,,United States
100452,SKU-DRY-002,Extra Virgin Olive Oil 750ml,6,02/26/2024 10:00,14.97,CUST-1374,United Kingdom
100452,SKU-HOU-003,Microfiber Cleaning Towels 4-Pack,7,2024/11/10,5.63,CUST-1057,United States
100453,SKU-BEV-003,Sparkling Mineral Water 1L,6,2024-01-29 13:00:00,1.59,CUST-1224,United Kingdom
100453,SKU-HOU-001,Eco-Friendly Dishwashing Liquid 1L,5,2024-05-26 03:00:00,3.75,CUST-1333,Germany
100453,SKU-BEV-002,Organic Green Tea 500ml,5,12-04-2024 03:00,2.13,CUST-1472,United States
100454,SKU-SNK-003,Dark Chocolate 70% Bar 100g,5,04/01/2024 21:00,2.81,CUST-1495,Canada
100454,SKU-BEV-002,Organic Green Tea 500ml,6,01/01/2024 20:00,2.37,CUST-1397,Canada
100454,SKU-SNK-002,Roasted Almonds & Cranberry Mix 200g,4,2024/05/10,5.56,CUST-1433,United States
100455,SKU-HOU-002,Multi-Surface Disinfectant Wipes 80ct,6,2024-04-16 14:00:00,4.32,CUST-1285,United States
100455,SKU-PER-001,Antibacterial Hand Soap 300ml,6,2024/02/11,4.16,CUST-1064,Australia
100455,SKU-FRZ-001,Frozen Organic Mixed Berries 400g,1,14-03-2024 01:00,4.3,,Germany
100456,SKU-BEV-001,Cold Brew Coffee 250ml,6,2024-03-26 02:00:00,3.88,CUST-1188,Germany
100456,SKU-SNK-003,Dark Chocolate 70% Bar 100g,3,29-10-2024 07:00,2.97,CUST-1428,Canada
100456,SKU-BEV-002,Organic Green Tea 500ml,7,2024-01-31 02:00:00,2.5,CUST-1405,United Kingdom
100457,SKU-DRY-001,Basmati Long Grain Rice 5kg,5,2024-07-07 12:00:00,11.21,CUST-1187,United Kingdom
100457,SKU-HOU-003,Microfiber Cleaning Towels 4-Pack,4,14-03-2024 20:00,5.91,CUST-1236,Germany
100457,SKU-BEV-001,Cold Brew Coffee 250ml,6,15-07-2024 10:00,3.98,CUST-1100,Australia
100458,SKU-SNK-003,Dark Chocolate 70% Bar 100g,8,28-12-2024 23:00,3.38,CUST-1170,France
100458,SKU-HOU-002,Multi-Surface Disinfectant Wipes 80ct,5,2024/05/16,5.65,CUST-1223,United States
100458,SKU-BEV-002,Organic Green Tea 500ml,3,12/24/2024 03:00,2.47,CUST-1217,Germany
100459,SKU-BEV-001,Cold Brew Coffee 250ml,6,2024-02-16 07:00:00,4.19,,Australia
100459,SKU-HOU-002,Multi-Surface Disinfectant Wipes 80ct,4,16-02-2024 09:00,5.24,CUST-1130,Australia
100459,SKU-PER-001,Antibacterial Hand Soap 300ml,1,2024/07/22,4.39,CUST-1101,Canada
100460,SKU-HOU-003,Microfiber Cleaning Towels 4-Pack,4,2024/10/10,5.72,CUST-1248,United States
100460,SKU-PER-001,Antibacterial Hand Soap 300ml,10,06/30/2024 16:00,4.02,CUST-1342,Germany
100460,SKU-FRZ-001,Frozen Organic Mixed Berries 400g,5,2024/03/18,5.25,CUST-1489,United States
100461,SKU-BEV-001,Cold Brew Coffee 250ml,6,2024/12/17,3.6,CUST-1340,France
100461,SKU-PER-002,Moisturizing Face Cleanser 150ml,5,2024-06-26 03:00:00,10.13,CUST-1359,Australia
100461,SKU-DRY-003,Whole Grain Pasta 500g,3,11/02/2024 05:00,2.15,CUST-1300,France
100462,SKU-HOU-003,Microfiber Cleaning Towels 4-Pack,4,2024/02/18,5.79,CUST-1182,France
100462,SKU-PER-001,Antibacterial Hand Soap 300ml,5,27-10-2024 14:00,3.83,,Canada
100462,SKU-HOU-003,Microfiber Cleaning Towels 4-Pack,6,05/02/2024 18:00,6.69,CUST-1080,Canada
100463,SKU-PER-001,Antibacterial Hand Soap 300ml,5,07/03/2024 14:00,4.76,CUST-1482,Canada
100463,SKU-BEV-001,Cold Brew Coffee 250ml,6,2024-07-01 08:00:00,3.53,CUST-1057,United States
100463,SKU-DRY-003,Whole Grain Pasta 500g,5,06/18/2024 09:00,2.39,CUST-1181,Canada
100464,SKU-HOU-003,Microfiber Cleaning Towels 4-Pack,5,09/28/2024 19:00,6.7,CUST-1192,United Kingdom
100464,SKU-FRZ-001,Frozen Organic Mixed Berries 400g,6,2024-10-20 01:00:00,4.29,CUST-1197,Germany
100464,SKU-SNK-001,Artisan Sea Salt Potato Chips 150g,6,04-10-2024 14:00,2.99,CUST-1273,France
100465,SKU-PER-001,Antibacterial Hand Soap 300ml,4,2024/01/29,4.22,CUST-1294,United States
100465,SKU-BEV-002,Organic Green Tea 500ml,4,01-03-2024 21:00,2.2,CUST-1338,Australia
100465,SKU-BEV-003,Sparkling Mineral Water 1L,3,2024/05/19,1.91,CUST-1022,Germany
100466,SKU-BEV-002,Organic Green Tea 500ml,2,30-09-2024 11:00,2.8,CUST-1253,United States
100466,SKU-DRY-001,Basmati Long Grain Rice 5kg,7,2024-08-05 00:00:00,12.11,CUST-1240,Canada
100466,SKU-FRZ-001,Frozen Organic Mixed Berries 400g,4,02/14/2024 14:00,4.9,CUST-1464,Canada
100467,SKU-DRY-003,Whole Grain Pasta 500g,4,2024-04-09 07:00:00,2.13,CUST-1167,Canada
100467,SKU-SNK-002,Roasted Almonds & Cranberry Mix 200g,4,10/15/2024 05:00,5.81,CUST-1290,United States
100467,SKU-PER-001,Antibacterial Hand Soap 300ml,6,27-06-2024 07:00,3.77,CUST-1432,Canada
100468,SKU-SNK-001,Artisan Sea Salt Potato Chips 150g,5,2024-09-17 10:00:00,2.61,CUST-1275,Australia
100468,  SKU-SNK-001  ,Artisan Sea Salt Potato Chips 150g,7,14-10-2024 13:00,3.12,CUST-1306,Canada
100468,SKU-BEV-001,Cold Brew Coffee 250ml,4,07/24/2024 13:00,3.69,CUST-1349,France
100469,SKU-PER-001,Antibacterial Hand Soap 300ml,2,2024/10/23,4.62,CUST-1159,Germany
100469,SKU-DRY-002,Extra Virgin Olive Oil 750ml,4,2024-08-20 01:00:00,13.67,CUST-1412,Canada
100469,SKU-HOU-003,Microfiber Cleaning Towels 4-Pack,8,09-09-2024 06:00,7.05,CUST-1358,United States
100470,SKU-SNK-003,Dark Chocolate 70% Bar 100g,6,08/24/2024 21:00,3.72,CUST-1077,Canada
100470,SKU-FRZ-001,Frozen Organic Mixed Berries 400g,5,2024/11/22,4.53,,United States
100470,SKU-FRZ-001,Frozen Organic Mixed Berries 400g,7,09-12-2024 15:00,4.63,CUST-1007,Australia
100471,SKU-DRY-001,Basmati Long Grain Rice 5kg,7,2024/11/24,14.45,CUST-1227,United States
100471,SKU-SNK-002,Roasted Almonds & Cranberry Mix 200g,3,10/31/2024 13:00,5.1,,United Kingdom
100471,SKU-DRY-003,Whole Grain Pasta 500g,4,06/20/2024 12:00,2.09,CUST-1443,United States
100472,SKU-SNK-003,Dark Chocolate 70% Bar 100g,7,25-04-2024 05:00,2.97,CUST-1119,Germany
100472,SKU-HOU-002,Multi-Surface Disinfectant Wipes 80ct,5,2024-07-02 04:00:00,4.62,CUST-1378,United Kingdom
100472,SKU-BEV-002,Organic Green Tea 500ml,2,03/17/2024 01:00,2.65,CUST-1377,Canada
100473,SKU-PER-001,Antibacterial Hand Soap 300ml,3,2024/02/27,4.59,CUST-1380,United Kingdom
100473,SKU-HOU-003,Microfiber Cleaning Towels 4-Pack,6,09/16/2024 01:00,6.21,CUST-1034,Canada
100473,SKU-HOU-003,Microfiber Cleaning Towels 4-Pack,4,29-01-2024 11:00,5.59,CUST-1368,United Kingdom
100474,SKU-FRZ-001,Frozen Organic Mixed Berries 400g,6,05-06-2024 15:00,4.09,CUST-1379,United States
100474,SKU-DRY-001,Basmati Long Grain Rice 5kg,5,2024/10/27,11.3,CUST-1130,Germany
100474,SKU-DRY-001,Basmati Long Grain Rice 5kg,6,02/06/2024 12:00,13.72,CUST-1401,United States
100475,SKU-PER-002,Moisturizing Face Cleanser 150ml,6,08/06/2024 19:00,10.1,CUST-1275,Australia
100475,SKU-DRY-001,Basmati Long Grain Rice 5kg,4,12/26/2024 05:00,13.38,CUST-1359,Canada
100475,SKU-HOU-003,Microfiber Cleaning Towels 4-Pack,7,11/02/2024 19:00,7.1,CUST-1493,Germany
100476,SKU-BEV-003,Sparkling Mineral Water 1L,7,05/19/2024 01:00,1.65,CUST-1330,Canada
100476,SKU-FRZ-001,Frozen Organic Mixed Berries 400g,5,04/17/2024 06:00,4.81,CUST-1085,United States
100476,SKU-BEV-001,Cold Brew Coffee 250ml,500,05/06/2024 08:00,4.22,CUST-1465,France
100477,SKU-HOU-003,Microfiber Cleaning Towels 4-Pack,4,2024/11/24,7.12,CUST-1031,United Kingdom
100477,SKU-SNK-002,Roasted Almonds & Cranberry Mix 200g,6,08/05/2024 23:00,5.51,CUST-1384,Australia
100477,SKU-SNK-001,Artisan Sea Salt Potato Chips 150g,6,02-08-2024 22:00,2.83,,United States
C100478,SKU-HOU-002,Multi-Surface Disinfectant Wipes 80ct,-4,10/02/2024 23:00,4.66,CUST-1427,United States
100478,SKU-BEV-001,Cold Brew Coffee 250ml,4,2024/10/24,3.9,CUST-1469,United States
C100478,SKU-HOU-001,Eco-Friendly Dishwashing Liquid 1L,-4,02-06-2024 11:00,3.68,CUST-1137,Canada
100479,SKU-PER-001,Antibacterial Hand Soap 300ml,3,11-01-2024 06:00,4.16,CUST-1273,Australia
100479,SKU-BEV-003,Sparkling Mineral Water 1L,5,2024/09/22,1.81,CUST-1060,France
100479,SKU-DRY-002,Extra Virgin Olive Oil 750ml,2,19-02-2024 14:00,14.19,CUST-1459,France
100480,SKU-BEV-003,Sparkling Mineral Water 1L,7,2024-01-16 04:00:00,1.93,CUST-1295,United Kingdom
100480,SKU-SNK-002,Roasted Almonds & Cranberry Mix 200g,6,2024-02-23 16:00:00,5.61,CUST-1184,Germany
100480,SKU-BEV-002,Organic Green Tea 500ml,5,2024/11/10,2.62,CUST-1401,Australia
100481,SKU-HOU-003,Microfiber Cleaning Towels 4-Pack,3,08-04-2024 18:00,6.31,CUST-1308,Germany
100481,SKU-BEV-002,Organic Green Tea 500ml,5,2024-11-02 16:00:00,2.8,CUST-1067,Australia
100481,SKU-SNK-002,Roasted Almonds & Cranberry Mix 200g,6,2024/09/11,5.38,CUST-1064,Germany
100482,SKU-BEV-001,Cold Brew Coffee 250ml,6,2024-01-13 07:00:00,4.5,CUST-1235,United Kingdom
100482,SKU-HOU-003,Microfiber Cleaning Towels 4-Pack,6,11/16/2024 20:00,6.72,CUST-1029,Australia
100482,SKU-FRZ-001,Frozen Organic Mixed Berries 400g,7,12/18/2024 17:00,4.72,,Australia
100483,SKU-HOU-002,Multi-Surface Disinfectant Wipes 80ct,7,2024-09-11 17:00:00,4.77,CUST-1046,Germany
100483,SKU-PER-001,Antibacterial Hand Soap 300ml,5,2024/05/01,4.65,CUST-1450,Germany
100483,SKU-HOU-003,,5,2024-10-27 18:00:00,5.61,CUST-1348,Canada
100484,SKU-HOU-001,Eco-Friendly Dishwashing Liquid 1L,6,29-02-2024 03:00,3.65,CUST-1239,Australia
100484,SKU-HOU-003,Microfiber Cleaning Towels 4-Pack,7,08-10-2024 08:00,7.39,CUST-1491,France
100484,SKU-BEV-003,Sparkling Mineral Water 1L,5,11/19/2024 16:00,1.57,,United States
100485,SKU-HOU-002,Multi-Surface Disinfectant Wipes 80ct,7,10/02/2024 07:00,5.58,CUST-1184,Australia
100485,SKU-HOU-003,Microfiber Cleaning Towels 4-Pack,3,14-06-2024 04:00,6.56,CUST-1019,Canada
100485,SKU-DRY-003,Whole Grain Pasta 500g,4,29-05-2024 12:00,2.19,CUST-1116,France
100486,SKU-SNK-002,Roasted Almonds & Cranberry Mix 200g,5,10/04/2024 02:00,4.75,CUST-1201,Australia
100486,SKU-BEV-002,Organic Green Tea 500ml,6,2024/09/05,0.0,,Germany
100486,SKU-DRY-002,Extra Virgin Olive Oil 750ml,5,2024-07-30 06:00:00,16.19,CUST-1398,Canada
100487,SKU-PER-002,Moisturizing Face Cleanser 150ml,7,01/14/2024 00:00,11.32,CUST-1086,Canada
100487,SKU-SNK-003,Dark Chocolate 70% Bar 100g,3,08-06-2024 14:00,3.49,,United Kingdom
100487,SKU-FRZ-001,Frozen Organic Mixed Berries 400g,8,02-08-2024 04:00,4.3,CUST-1040,Germany
100488,SKU-HOU-001,Eco-Friendly Dishwashing Liquid 1L,3,04-05-2024 23:00,4.11,CUST-1016,United States
100488,SKU-DRY-002,Extra Virgin Olive Oil 750ml,4,2024/03/09,14.34,CUST-1302,France
C100488,SKU-SNK-001,Artisan Sea Salt Potato Chips 150g,-8,2024-02-14 21:00:00,3.4,CUST-1006,Australia
100489,SKU-SNK-002,Roasted Almonds & Cranberry Mix 200g,3,08/25/2024 17:00,5.37,CUST-1032,Germany
100489,SKU-FRZ-001,Frozen Organic Mixed Berries 400g,4,03/05/2024 00:00,4.96,CUST-1389,Germany
100489,SKU-SNK-003,,3,2024-04-10 00:00:00,2.86,CUST-1329,Australia
100490,SKU-FRZ-001,Frozen Organic Mixed Berries 400g,6,2024-02-10 03:00:00,4.76,CUST-1245,France
100490,SKU-HOU-001,Eco-Friendly Dishwashing Liquid 1L,2,05/28/2024 16:00,3.98,CUST-1001,Canada
100490,SKU-HOU-003,Microfiber Cleaning Towels 4-Pack,5,17-04-2024 07:00,6.76,CUST-1194,United Kingdom
100491,SKU-BEV-003,Sparkling Mineral Water 1L,3,2024-07-14 03:00:00,1.83,CUST-1398,United Kingdom
C100491,SKU-HOU-003,Microfiber Cleaning Towels 4-Pack,-5,2024-03-06 00:00:00,6.64,CUST-1023,United States
100491,SKU-DRY-003,Whole Grain Pasta 500g,5,09-10-2024 15:00,2.45,CUST-1069,United States
100492,SKU-PER-002,Moisturizing Face Cleanser 150ml,4,2024/08/16,10.18,CUST-1289,United States
100492,SKU-HOU-001,,4,16-10-2024 02:00,4.42,CUST-1408,France
100492,SKU-SNK-003,Dark Chocolate 70% Bar 100g,4,08/29/2024 11:00,3.25,,United States
100493,SKU-HOU-003,Microfiber Cleaning Towels 4-Pack,5,04/20/2024 15:00,5.88,CUST-1407,France
100493,SKU-SNK-003,Dark Chocolate 70% Bar 100g,5,2024-12-24 00:00:00,3.51,CUST-1395,Canada
100493,SKU-SNK-003,Dark Chocolate 70% Bar 100g,4,2024-08-14 20:00:00,3.36,CUST-1353,Australia
100494,SKU-HOU-001,Eco-Friendly Dishwashing Liquid 1L,6,04-02-2024 08:00,4.2,,Australia
100494,SKU-DRY-003,Whole Grain Pasta 500g,4,11/23/2024 09:00,2.49,CUST-1263,France
100494,SKU-BEV-003,Sparkling Mineral Water 1L,6,2024-01-01 19:00:00,1.68,CUST-1069,United Kingdom
100495,SKU-BEV-002,Organic Green Tea 500ml,2,08-07-2024 09:00,2.27,CUST-1056,Germany
100495,SKU-HOU-001,Eco-Friendly Dishwashing Liquid 1L,7,2024-05-13 23:00:00,4.16,CUST-1141,France
100495,SKU-HOU-003,Microfiber Cleaning Towels 4-Pack,7,03/30/2024 13:00,7.18,CUST-1367,United Kingdom
100496,SKU-DRY-001,Basmati Long Grain Rice 5kg,3,2024-08-17 00:00:00,11.05,CUST-1304,Canada
100496,SKU-SNK-003,Dark Chocolate 70% Bar 100g,7,2024-09-28 14:00:00,3.55,CUST-1045,France
100496,SKU-BEV-002,Organic Green Tea 500ml,7,16-11-2024 15:00,2.76,CUST-1061,United States
100497,SKU-HOU-003,Microfiber Cleaning Towels 4-Pack,5,2024-07-07 08:00:00,5.82,CUST-1214,Australia
100497,SKU-DRY-001,Basmati Long Grain Rice 5kg,3,2024/09/08,12.84,CUST-1358,United Kingdom
100497,SKU-DRY-003,Whole Grain Pasta 500g,4,25-09-2024 18:00,2.05,CUST-1225,Canada
100498,SKU-PER-002,Moisturizing Face Cleanser 150ml,6,07/28/2024 00:00,9.52,CUST-1097,United Kingdom
100498,SKU-DRY-001,Basmati Long Grain Rice 5kg,4,2024-03-21 04:00:00,11.88,CUST-1175,Australia
100498,SKU-SNK-002,Roasted Almonds & Cranberry Mix 200g,2,2024-04-13 06:00:00,5.71,CUST-1304,Australia
100499,SKU-PER-001,Antibacterial Hand Soap 300ml,4,10/05/2024 05:00,4.77,CUST-1194,United Kingdom
100499,SKU-HOU-002,Multi-Surface Disinfectant Wipes 80ct,5,06/12/2024 10:00,4.66,CUST-1341,Australia
100499,SKU-SNK-001,Artisan Sea Salt Potato Chips 150g,5,06/26/2024 23:00,3.16,CUST-1342,Canada
100500,SKU-HOU-001,Eco-Friendly Dishwashing Liquid 1L,6,01-07-2024 07:00,3.76,CUST-1407,Australia
100500,SKU-HOU-001,Eco-Friendly Dishwashing Liquid 1L,5,02-07-2024 03:00,3.59,CUST-1201,France
100500,SKU-DRY-003,Whole Grain Pasta 500g,2,2024-09-17 23:00:00,1.94,,United States
100501,SKU-FRZ-001,Frozen Organic Mixed Berries 400g,5,2024-07-28 03:00:00,4.65,CUST-1195,Canada
100501,SKU-HOU-003,Microfiber Cleaning Towels 4-Pack,3,2024-06-12 12:00:00,5.79,CUST-1136,United States
100501,SKU-SNK-002,Roasted Almonds & Cranberry Mix 200g,5,05-02-2024 22:00,5.07,CUST-1154,Germany
100502,SKU-HOU-002,Multi-Surface Disinfectant Wipes 80ct,3,2024/02/08,5.39,CUST-1009,France
100502,SKU-BEV-002,Organic Green Tea 500ml,4,04-12-2024 09:00,2.21,CUST-1477,Germany
100502,SKU-SNK-003,Dark Chocolate 70% Bar 100g,3,07/09/2024 17:00,3.58,CUST-1347,United States
100503,SKU-PER-002,Moisturizing Face Cleanser 150ml,5,2024-04-21 16:00:00,9.51,CUST-1236,Australia
100503,SKU-PER-002,Moisturizing Face Cleanser 150ml,4,2024/08/09,8.83,,France
C100503,SKU-BEV-003,Sparkling Mineral Water 1L,-7,2024-10-26 21:00:00,1.7,,Canada
100504,SKU-BEV-003,Sparkling Mineral Water 1L,4,2024-03-28 09:00:00,1.88,,Australia
100504,SKU-BEV-002,Organic Green Tea 500ml,7,2024/05/28,2.18,CUST-1101,Germany
100504,SKU-BEV-003,Sparkling Mineral Water 1L,3,2024/12/19,1.84,CUST-1401,United Kingdom
100505,SKU-PER-001,Antibacterial Hand Soap 300ml,6,08/28/2024 11:00,3.8,CUST-1315,Australia
100505,SKU-BEV-003,Sparkling Mineral Water 1L,5,01-01-2024 23:00,1.89,CUST-1115,Canada
100505,SKU-DRY-003,Whole Grain Pasta 500g,8,2024-08-26 22:00:00,1.89,CUST-1310,United States
100506,SKU-HOU-002,Multi-Surface Disinfectant Wipes 80ct,5,04/18/2024 03:00,4.98,CUST-1487,Australia
100506,SKU-DRY-003,Whole Grain Pasta 500g,3,2024-05-04 20:00:00,2.38,CUST-1273,Canada
100506,SKU-SNK-003,Dark Chocolate 70% Bar 100g,5,29-10-2024 03:00,3.75,CUST-1487,France
100507,SKU-PER-002,Moisturizing Face Cleanser 150ml,9,13-03-2024 10:00,10.17,CUST-1417,France
100507,SKU-BEV-003,Sparkling Mineral Water 1L,4,01-05-2024 22:00,1.96,CUST-1335,Canada
100507,SKU-FRZ-001,Frozen Organic Mixed Berries 400g,3,11/22/2024 20:00,4.84,CUST-1053,United States
100508,SKU-SNK-003,Dark Chocolate 70% Bar 100g,6,05-06-2024 09:00,3.12,CUST-1197,France
100508,SKU-HOU-002,Multi-Surface Disinfectant Wipes 80ct,5,2024/07/14,4.95,CUST-1404,Germany
100508,SKU-PER-001,Antibacterial Hand Soap 300ml,3,02/19/2024 15:00,4.08,,France
100509,SKU-DRY-001,Basmati Long Grain Rice 5kg,7,2024-07-04 10:00:00,13.29,CUST-1230,Germany
100509,SKU-BEV-001,Cold Brew Coffee 250ml,4,2024-11-21 17:00:00,3.59,,Canada
100509,SKU-HOU-001,Eco-Friendly Dishwashing Liquid 1L,3,03/02/2024 07:00,3.97,CUST-1206,Australia
100510,SKU-DRY-001,Basmati Long Grain Rice 5kg,9,2024/01/25,12.95,CUST-1394,Canada
100510,SKU-PER-002,Moisturizing Face Cleanser 150ml,6,2024/01/20,11.38,CUST-1180,France
100510,SKU-PER-002,Moisturizing Face Cleanser 150ml,5,07/29/2024 18:00,10.8,CUST-1344,Australia
100511,SKU-BEV-003,Sparkling Mineral Water 1L,3,2024-06-08 04:00:00,1.84,CUST-1413,Germany
C100511,SKU-DRY-002,Extra Virgin Olive Oil 750ml,-4,2024/07/12,12.94,CUST-1278,Canada
100511,SKU-SNK-002,Roasted Almonds & Cranberry Mix 200g,7,2024/11/01,4.81,CUST-1353,Germany
100512,SKU-BEV-001,Cold Brew Coffee 250ml,1,2024/01/16,3.66,CUST-1139,Australia
100512,SKU-DRY-002,Extra Virgin Olive Oil 750ml,4,2024-10-28 07:00:00,15.15,CUST-1105,Germany
100512,SKU-HOU-001,Eco-Friendly Dishwashing Liquid 1L,4,01/06/2024 10:00,3.92,CUST-1120,Germany
100513,SKU-FRZ-001,Frozen Organic Mixed Berries 400g,6,24-12-2024 01:00,4.48,CUST-1385,Germany
100513,SKU-SNK-002,Roasted Almonds & Cranberry Mix 200g,1,2024-06-24 17:00:00,4.87,CUST-1311,France
100513,SKU-SNK-002,Roasted Almonds & Cranberry Mix 200g,6,2024/07/07,5.11,CUST-1428,Australia
100514,SKU-SNK-001,Artisan Sea Salt Potato Chips 150g,5,02-02-2024 14:00,3.19,CUST-1418,Australia
100514,SKU-FRZ-001,Frozen Organic Mixed Berries 400g,3,2024-07-03 01:00:00,4.08,CUST-1353,Canada
100514,SKU-DRY-002,Extra Virgin Olive Oil 750ml,5,11-08-2024 02:00,13.16,CUST-1241,United Kingdom
C100515,SKU-BEV-003,Sparkling Mineral Water 1L,-7,01/26/2024 10:00,1.83,,United Kingdom
100515,SKU-HOU-003,Microfiber Cleaning Towels 4-Pack,9,01/19/2024 16:00,5.73,CUST-1170,Germany
100515,SKU-PER-001,Antibacterial Hand Soap 300ml,4,09/24/2024 08:00,4.48,CUST-1497,Australia
100516,SKU-BEV-002,Organic Green Tea 500ml,3,27-06-2024 05:00,2.64,,Australia
100516,SKU-FRZ-001,Frozen Organic Mixed Berries 400g,4,19-05-2024 17:00,4.66,,Germany
100516,SKU-BEV-003,Sparkling Mineral Water 1L,4,2024/06/29,1.68,CUST-1379,France
100517,SKU-HOU-003,Microfiber Cleaning Towels 4-Pack,3,2024-01-20 03:00:00,7.38,CUST-1440,Australia
100517,SKU-BEV-003,Sparkling Mineral Water 1L,2,2024/03/02,1.77,CUST-1163,United Kingdom
100517,SKU-HOU-002,Multi-Surface Disinfectant Wipes 80ct,8,2024-09-07 06:00:00,5.15,CUST-1384,United Kingdom
100518,SKU-BEV-003,Sparkling Mineral Water 1L,6,12/21/2024 04:00,1.59,CUST-1110,United States
100518,SKU-SNK-001,Artisan Sea Salt Potato Chips 150g,9,14-05-2024 16:00,3.2,CUST-1186,United States
100518,SKU-DRY-001,Basmati Long Grain Rice 5kg,4,2024/04/06,14.21,CUST-1328,United States
100519,SKU-FRZ-001,Frozen Organic Mixed Berries 400g,5,04/28/2024 03:00,4.44,CUST-1366,United Kingdom
100519,SKU-DRY-003,Whole Grain Pasta 500g,6,2024/07/21,2.24,CUST-1046,United Kingdom
100519,SKU-PER-002,Moisturizing Face Cleanser 150ml,8,31-03-2024 09:00,9.81,CUST-1338,Canada
100520,SKU-BEV-002,Organic Green Tea 500ml,6,2024/11/21,2.2,CUST-1473,Canada
100520,SKU-DRY-003,Whole Grain Pasta 500g,2,2024/06/04,2.27,,Australia
100520,SKU-PER-001,Antibacterial Hand Soap 300ml,4,2024/08/22,4.52,CUST-1126,France
100521,SKU-PER-001,Antibacterial Hand Soap 300ml,4,02/22/2024 02:00,4.86,CUST-1120,France
100521,SKU-HOU-002,Multi-Surface Disinfectant Wipes 80ct,8,2024-02-04 03:00:00,5.48,CUST-1115,Germany
100521,SKU-PER-001,Antibacterial Hand Soap 300ml,4,20-06-2024 21:00,4.74,CUST-1072,Canada
100522,SKU-SNK-001,Artisan Sea Salt Potato Chips 150g,5,2024/05/30,3.31,CUST-1347,Germany
100522,SKU-PER-002,Moisturizing Face Cleanser 150ml,1,09/18/2024 02:00,8.5,CUST-1150,United States
100522,SKU-HOU-003,Microfiber Cleaning Towels 4-Pack,5,2024/12/20,6.17,CUST-1440,France
100523,SKU-DRY-003,Whole Grain Pasta 500g,4,2024-08-26 11:00:00,1.99,CUST-1462,Canada
100523,SKU-SNK-001,Artisan Sea Salt Potato Chips 150g,5,19-04-2024 04:00,2.95,CUST-1466,United Kingdom
100523,SKU-BEV-002,Organic Green Tea 500ml,5,29-09-2024 15:00,2.57,CUST-1080,Germany
100524,SKU-SNK-003,Dark Chocolate 70% Bar 100g,3,10/07/2024 05:00,3.11,CUST-1125,France
100524,SKU-PER-002,Moisturizing Face Cleanser 150ml,7,10/05/2024 22:00,10.48,CUST-1171,Australia
100524,SKU-PER-002,Moisturizing Face Cleanser 150ml,6,2024-08-19 20:00:00,9.16,,United Kingdom
100525,SKU-BEV-003,Sparkling Mineral Water 1L,5,2024-02-13 20:00:00,2.03,CUST-1261,United States
100525,SKU-DRY-003,Whole Grain Pasta 500g,3,2024/04/14,2.51,CUST-1056,Germany
100525,SKU-BEV-001,Cold Brew Coffee 250ml,6,22-09-2024 20:00,4.39,CUST-1291,Canada
100526,SKU-DRY-003,Whole Grain Pasta 500g,2,11/23/2024 23:00,2.37,CUST-1445,Germany
100526,SKU-BEV-002,Organic Green Tea 500ml,5,10/24/2024 04:00,2.2,CUST-1091,United Kingdom
100526,SKU-HOU-001,Eco-Friendly Dishwashing Liquid 1L,6,2024-02-13 15:00:00,3.93,CUST-1480,Australia
100527,SKU-HOU-001,Eco-Friendly Dishwashing Liquid 1L,1,2024-03-17 09:00:00,3.49,CUST-1313,France
100527,SKU-PER-002,Moisturizing Face Cleanser 150ml,4,04/19/2024 19:00,8.66,,United Kingdom
100527,SKU-BEV-001,Cold Brew Coffee 250ml,2,04-01-2024 16:00,4.04,CUST-1001,United States
100528,SKU-BEV-003,Sparkling Mineral Water 1L,4,07/03/2024 10:00,0.0,CUST-1352,Canada
100528,SKU-PER-001,Antibacterial Hand Soap 300ml,4,2024-04-26 16:00:00,4.5,CUST-1124,United Kingdom
100528,SKU-FRZ-001,Frozen Organic Mixed Berries 400g,2,2024/05/21,4.36,CUST-1258,United States
100529,SKU-DRY-003,Whole Grain Pasta 500g,3,10/01/2024 18:00,2.15,,United Kingdom
100529,SKU-HOU-002,Multi-Surface Disinfectant Wipes 80ct,7,04/17/2024 01:00,4.47,CUST-1114,United Kingdom
100529,SKU-PER-001,Antibacterial Hand Soap 300ml,8,2024/02/13,4.55,CUST-1252,France
C100530,SKU-HOU-002,Multi-Surface Disinfectant Wipes 80ct,-3,09/09/2024 17:00,5.05,CUST-1394,United Kingdom
100530,SKU-DRY-002,Extra Virgin Olive Oil 750ml,6,2024-10-06 17:00:00,12.81,CUST-1329,France
100530,SKU-PER-002,Moisturizing Face Cleanser 150ml,4,12/05/2024 14:00,10.64,CUST-1356,Canada
100531,SKU-HOU-002,Multi-Surface Disinfectant Wipes 80ct,6,26-04-2024 14:00,4.73,CUST-1456,Germany
100531,SKU-PER-001,Antibacterial Hand Soap 300ml,1,2024/07/05,4.18,CUST-1011,France
100531,SKU-HOU-002,,6,2024/10/08,4.34,CUST-1287,Australia
100532,SKU-PER-002,Moisturizing Face Cleanser 150ml,3,05-12-2024 23:00,11.04,CUST-1099,Australia
100532,SKU-BEV-002,Organic Green Tea 500ml,2,2024/10/07,2.5,CUST-1274,United States
100532,SKU-SNK-002,,2,2024-12-30 08:00:00,5.97,CUST-1448,United Kingdom
100533,SKU-FRZ-001,Frozen Organic Mixed Berries 400g,5,01/22/2024 10:00,4.13,CUST-1009,United Kingdom
100533,SKU-HOU-003,Microfiber Cleaning Towels 4-Pack,2,21-06-2024 11:00,5.53,CUST-1340,Germany
100533,SKU-PER-002,Moisturizing Face Cleanser 150ml,5,2024/06/10,11.47,CUST-1007,Canada
C100534,SKU-FRZ-001,Frozen Organic Mixed Berries 400g,-5,2024-01-09 16:00:00,4.57,CUST-1454,Australia
100534,SKU-SNK-001,Artisan Sea Salt Potato Chips 150g,3,12-01-2024 19:00,2.78,CUST-1340,Germany
100534,SKU-PER-001,Antibacterial Hand Soap 300ml,4,2024/02/05,4.45,CUST-1411,United States
100535,SKU-SNK-001,Artisan Sea Salt Potato Chips 150g,4,18-10-2024 23:00,2.75,CUST-1067,United States
100535,SKU-SNK-002,Roasted Almonds & Cranberry Mix 200g,8,2024/08/22,6.01,,United Kingdom
100535,SKU-FRZ-001,Frozen Organic Mixed Berries 400g,6,2024/08/22,5.41,CUST-1063,Germany
100536,SKU-FRZ-001,Frozen Organic Mixed Berries 400g,6,2024/07/20,4.51,CUST-1402,Australia
100536,SKU-DRY-001,Basmati Long Grain Rice 5kg,3,08/10/2024 17:00,11.94,CUST-1496,Germany
100536,SKU-SNK-001,Artisan Sea Salt Potato Chips 150g,1,03/10/2024 09:00,0.0,CUST-1065,United States
100537,SKU-BEV-002,Organic Green Tea 500ml,4,11/18/2024 10:00,2.59,CUST-1274,France
100537,SKU-SNK-003,Dark Chocolate 70% Bar 100g,5,07-08-2024 03:00,3.37,CUST-1364,United States
100537,SKU-DRY-003,Whole Grain Pasta 500g,8,2024/08/11,1.91,CUST-1024,Australia
100538,SKU-DRY-002,Extra Virgin Olive Oil 750ml,4,06-11-2024 00:00,13.92,CUST-1447,France
100538,SKU-SNK-002,Roasted Almonds & Cranberry Mix 200g,6,2024/03/17,5.82,CUST-1433,United Kingdom
100538,SKU-SNK-001,Artisan Sea Salt Potato Chips 150g,4,2024-11-29 08:00:00,2.74,CUST-1122,Australia
100539,SKU-BEV-003,Sparkling Mineral Water 1L,6,2024-10-18 13:00:00,2.0,CUST-1089,Canada
100539,SKU-SNK-002,Roasted Almonds & Cranberry Mix 200g,4,10/23/2024 19:00,4.97,CUST-1338,Germany
100539,SKU-DRY-002,Extra Virgin Olive Oil 750ml,4,2024-12-15 10:00:00,12.79,CUST-1445,United States
100540,SKU-DRY-002,Extra Virgin Olive Oil 750ml,4,09/15/2024 15:00,16.38,CUST-1069,Australia
100540,SKU-DRY-001,Basmati Long Grain Rice 5kg,3,20-10-2024 13:00,13.42,CUST-1057,Australia
100540,SKU-DRY-002,Extra Virgin Olive Oil 750ml,2,2024-06-04 13:00:00,16.38,CUST-1276,France
100541,SKU-FRZ-001,Frozen Organic Mixed Berries 400g,7,07/15/2024 06:00,5.13,CUST-1480,France
100541,SKU-DRY-002,Extra Virgin Olive Oil 750ml,6,2024/09/10,13.94,CUST-1292,Australia
100541,SKU-DRY-003,Whole Grain Pasta 500g,7,2024-03-16 21:00:00,2.35,CUST-1339,United States
100542,SKU-SNK-002,Roasted Almonds & Cranberry Mix 200g,5,12/27/2024 00:00,5.41,CUST-1297,Germany
100542,SKU-HOU-002,Multi-Surface Disinfectant Wipes 80ct,3,08-03-2024 12:00,4.98,CUST-1267,United Kingdom
100542,SKU-PER-002,Moisturizing Face Cleanser 150ml,6,01/21/2024 06:00,9.79,CUST-1312,Canada
100543,SKU-BEV-002,Organic Green Tea 500ml,7,06-07-2024 19:00,2.13,CUST-1431,France
100543,SKU-HOU-003,Microfiber Cleaning Towels 4-Pack,7,2024/03/12,6.14,CUST-1106,Germany
100543,SKU-HOU-003,Microfiber Cleaning Towels 4-Pack,8,2024-08-01 17:00:00,6.99,CUST-1344,France
C100544,SKU-BEV-002,Organic Green Tea 500ml,-6,2024-06-13 14:00:00,2.51,CUST-1330,Germany
100544,SKU-HOU-001,Eco-Friendly Dishwashing Liquid 1L,3,2024-10-18 05:00:00,3.69,CUST-1062,Germany
100544,SKU-BEV-003,Sparkling Mineral Water 1L,4,07/23/2024 08:00,1.56,CUST-1254,Canada
100545,SKU-DRY-002,Extra Virgin Olive Oil 750ml,5,02/23/2024 20:00,14.93,CUST-1316,United States
100545,SKU-DRY-003,Whole Grain Pasta 500g,5,2024/08/07,2.05,CUST-1197,United Kingdom
100545,SKU-PER-001,Antibacterial Hand Soap 300ml,3,06-05-2024 22:00,3.74,CUST-1021,Australia
100546,SKU-DRY-002,Extra Virgin Olive Oil 750ml,6,11/27/2024 21:00,14.69,CUST-1002,United Kingdom
100546,SKU-DRY-003,Whole Grain Pasta 500g,5,2024/02/26,2.4,CUST-1319,Canada
100546,SKU-SNK-003,Dark Chocolate 70% Bar 100g,4,19-05-2024 18:00,3.7,CUST-1493,United Kingdom
100547,SKU-DRY-003,Whole Grain Pasta 500g,5,01/01/2024 20:00,2.03,CUST-1438,United States
100547,SKU-SNK-002,Roasted Almonds & Cranberry Mix 200g,7,2024/07/03,5.05,,United States
100547,SKU-DRY-001,Basmati Long Grain Rice 5kg,4,2024-06-26 13:00:00,13.13,CUST-1391,Germany
100548,SKU-SNK-003,Dark Chocolate 70% Bar 100g,3,03/17/2024 09:00,3.33,CUST-1232,United Kingdom
100548,SKU-DRY-001,Basmati Long Grain Rice 5kg,6,2024-03-22 19:00:00,14.24,,United Kingdom
100548,SKU-HOU-002,Multi-Surface Disinfectant Wipes 80ct,6,2024-12-22 20:00:00,4.94,CUST-1374,Canada
100549,SKU-DRY-002,Extra Virgin Olive Oil 750ml,6,2024-11-02 20:00:00,15.45,CUST-1487,Australia
100549,SKU-HOU-003,Microfiber Cleaning Towels 4-Pack,4,2024-10-13 03:00:00,5.78,,France
100549,SKU-HOU-003,,8,2024-06-07 19:00:00,6.22,CUST-1033,France
100550,SKU-HOU-001,Eco-Friendly Dishwashing Liquid 1L,4,2024-07-04 18:00:00,3.74,CUST-1030,France
100550,SKU-BEV-002,Organic Green Tea 500ml,4,04/08/2024 14:00,2.46,CUST-1381,Germany
100550,SKU-PER-001,Antibacterial Hand Soap 300ml,3,10/04/2024 18:00,4.88,CUST-1007,France
100551,SKU-SNK-001,Artisan Sea Salt Potato Chips 150g,6,2024/04/27,3.1,CUST-1050,United Kingdom
100551,SKU-BEV-001,Cold Brew Coffee 250ml,4,2024/04/11,3.46,,United Kingdom
100551,SKU-HOU-002,Multi-Surface Disinfectant Wipes 80ct,5,10/09/2024 16:00,4.85,CUST-1243,United States
100552,SKU-DRY-002,Extra Virgin Olive Oil 750ml,5,06/15/2024 03:00,16.53,CUST-1045,United States
100552,SKU-BEV-003,Sparkling Mineral Water 1L,5,2024-04-19 09:00:00,1.73,CUST-1335,United Kingdom
100552,SKU-BEV-001,Cold Brew Coffee 250ml,5,22-06-2024 07:00,3.73,CUST-1291,United States
100553,SKU-BEV-001,Cold Brew Coffee 250ml,6,06-11-2024 11:00,4.57,CUST-1438,United Kingdom
C100553,SKU-BEV-003,Sparkling Mineral Water 1L,-5,2024/03/04,1.64,CUST-1375,France
100553,SKU-PER-001,Antibacterial Hand Soap 300ml,7,04-07-2024 09:00,4.69,,Canada
100554,SKU-SNK-003,Dark Chocolate 70% Bar 100g,5,2024-08-03 14:00:00,3.2,CUST-1285,France
100554,SKU-SNK-003,Dark Chocolate 70% Bar 100g,2,02-09-2024 03:00,2.9,CUST-1274,United States
100554,SKU-DRY-001,Basmati Long Grain Rice 5kg,2,03-10-2024 05:00,14.49,CUST-1465,France
100555,SKU-SNK-001,Artisan Sea Salt Potato Chips 150g,4,2024/11/12,2.99,,Canada
100555,SKU-DRY-003,Whole Grain Pasta 500g,7,2024-03-01 11:00:00,2.27,CUST-1025,France
100555,SKU-DRY-003,Whole Grain Pasta 500g,5,2024/05/17,1.95,CUST-1276,Canada
100556,SKU-BEV-001,,2,12/10/2024 04:00,4.02,CUST-1438,United States
100556,SKU-SNK-001,Artisan Sea Salt Potato Chips 150g,6,12/01/2024 15:00,2.84,,Australia
100556,SKU-SNK-001,Artisan Sea Salt Potato Chips 150g,2,2024/07/18,0.0,CUST-1393,United States
C100557,SKU-BEV-002,Organic Green Tea 500ml,-4,2024-10-04 07:00:00,2.75,CUST-1420,France
100557,SKU-FRZ-001,Frozen Organic Mixed Berries 400g,6,2024/11/07,4.63,CUST-1431,Australia
100557,SKU-SNK-002,Roasted Almonds & Cranberry Mix 200g,4,09/22/2024 05:00,5.65,CUST-1112,United States
100558,SKU-HOU-001,Eco-Friendly Dishwashing Liquid 1L,5,2024/06/15,4.34,CUST-1189,Germany
100558,SKU-HOU-002,Multi-Surface Disinfectant Wipes 80ct,6,07/29/2024 23:00,4.63,CUST-1165,Germany
100558,SKU-BEV-001,Cold Brew Coffee 250ml,6,31-10-2024 19:00,4.11,CUST-1207,United Kingdom
100559,SKU-BEV-002,Organic Green Tea 500ml,3,02/09/2024 23:00,2.13,CUST-1352,United Kingdom
100559,SKU-DRY-003,Whole Grain Pasta 500g,5,31-10-2024 23:00,2.45,CUST-1035,France
100559,  SKU-BEV-003  ,Sparkling Mineral Water 1L,5,11/15/2024 04:00,2.04,CUST-1176,United States
100560,SKU-BEV-002,Organic Green Tea 500ml,8,2024-04-18 20:00:00,2.22,CUST-1214,France
100560,SKU-PER-002,Moisturizing Face Cleanser 150ml,3,11-08-2024 11:00,11.09,,United Kingdom
100560,SKU-DRY-001,Basmati Long Grain Rice 5kg,2,2024-10-05 19:00:00,11.99,CUST-1450,United Kingdom
100561,SKU-FRZ-001,Frozen Organic Mixed Berries 400g,6,2024/03/27,4.11,CUST-1005,Canada
100561,SKU-SNK-003,Dark Chocolate 70% Bar 100g,4,02-06-2024 04:00,3.75,CUST-1225,United Kingdom
100561,SKU-SNK-002,Roasted Almonds & Cranberry Mix 200g,4,2024-09-18 08:00:00,5.06,CUST-1104,Germany
100562,SKU-BEV-003,Sparkling Mineral Water 1L,8,06/26/2024 03:00,1.57,CUST-1162,France
100562,SKU-HOU-003,Microfiber Cleaning Towels 4-Pack,5,11/09/2024 05:00,6.52,CUST-1179,Canada
100562,SKU-HOU-003,Microfiber Cleaning Towels 4-Pack,6,29-03-2024 18:00,6.74,CUST-1226,Germany
100563,SKU-SNK-002,Roasted Almonds & Cranberry Mix 200g,6,2024/11/19,5.62,,United States
100563,SKU-SNK-002,Roasted Almonds & Cranberry Mix 200g,3,2024/12/07,4.87,CUST-1027,Canada
100563,SKU-HOU-002,Multi-Surface Disinfectant Wipes 80ct,5,09/15/2024 07:00,4.74,CUST-1384,Germany
100564,SKU-HOU-002,Multi-Surface Disinfectant Wipes 80ct,8,2024-04-27 11:00:00,4.66,CUST-1051,Australia
100564,SKU-SNK-001,Artisan Sea Salt Potato Chips 150g,0,02/24/2024 19:00,2.75,CUST-1256,Australia
100564,SKU-HOU-001,Eco-Friendly Dishwashing Liquid 1L,7,14-02-2024 05:00,3.33,CUST-1177,United States
100565,SKU-BEV-003,Sparkling Mineral Water 1L,9,03/03/2024 04:00,1.63,CUST-1126,United States
C100565,SKU-BEV-001,Cold Brew Coffee 250ml,-7,2024/07/31,3.99,CUST-1197,United States
100565,SKU-BEV-001,Cold Brew Coffee 250ml,4,2024-05-17 15:00:00,4.1,CUST-1413,United States
100566,SKU-FRZ-001,Frozen Organic Mixed Berries 400g,5,2024-11-20 03:00:00,4.78,CUST-1284,France
100566,SKU-PER-002,Moisturizing Face Cleanser 150ml,3,09/21/2024 20:00,10.54,,United States
100566,SKU-SNK-002,Roasted Almonds & Cranberry Mix 200g,4,14-11-2024 13:00,5.7,CUST-1172,France
100567,SKU-DRY-002,Extra Virgin Olive Oil 750ml,1000,2024/04/23,15.72,CUST-1057,United States
100567,SKU-DRY-003,Whole Grain Pasta 500g,5,2024-12-15 12:00:00,2.41,CUST-1388,Canada
100567,SKU-DRY-002,,3,03/23/2024 08:00,12.5,CUST-1462,Germany
100568,SKU-PER-002,Moisturizing Face Cleanser 150ml,5,07-09-2024 02:00,8.59,CUST-1099,United Kingdom
100568,SKU-DRY-001,Basmati Long Grain Rice 5kg,7,05/07/2024 03:00,13.32,CUST-1195,Canada
100568,SKU-PER-002,Moisturizing Face Cleanser 150ml,7,2024-11-18 07:00:00,10.54,CUST-1295,Germany
100569,SKU-FRZ-001,Frozen Organic Mixed Berries 400g,9,2024-04-06 23:00:00,5.28,CUST-1002,United States
100569,SKU-SNK-003,Dark Chocolate 70% Bar 100g,1,01-02-2024 16:00,3.63,CUST-1443,United Kingdom
100569,SKU-HOU-003,,6,2024-07-18 21:00:00,7.31,CUST-1416,United Kingdom
100570,SKU-BEV-002,Organic Green Tea 500ml,3,2024-09-08 10:00:00,2.69,CUST-1206,United Kingdom
100570,SKU-HOU-003,Microfiber Cleaning Towels 4-Pack,6,08/13/2024 06:00,5.53,CUST-1466,Germany
100570,SKU-BEV-003,Sparkling Mineral Water 1L,2,2024/11/30,1.78,CUST-1442,Australia
100571,SKU-FRZ-001,Frozen Organic Mixed Berries 400g,3,2024/11/02,4.41,CUST-1174,United Kingdom
100571,SKU-PER-002,Moisturizing Face Cleanser 150ml,4,2024/02/01,8.55,CUST-1431,Germany
100571,SKU-DRY-002,Extra Virgin Olive Oil 750ml,5,11/15/2024 20:00,12.77,CUST-1062,Germany
100572,SKU-DRY-002,Extra Virgin Olive Oil 750ml,2,12/28/2024 21:00,13.27,CUST-1008,Canada
100572,SKU-BEV-002,Organic Green Tea 500ml,4,24-07-2024 23:00,2.4,CUST-1384,Australia
100572,SKU-BEV-003,Sparkling Mineral Water 1L,6,11/03/2024 19:00,2.06,CUST-1228,Canada
100573,SKU-BEV-003,Sparkling Mineral Water 1L,4,2024-11-22 11:00:00,2.03,CUST-1243,United Kingdom
100573,SKU-BEV-003,Sparkling Mineral Water 1L,6,2024/05/28,1.85,,Australia
100573,SKU-PER-001,Antibacterial Hand Soap 300ml,8,06/08/2024 13:00,4.08,CUST-1351,Australia
100574,SKU-DRY-002,Extra Virgin Olive Oil 750ml,4,2024/05/16,13.75,CUST-1004,France
100574,SKU-SNK-003,Dark Chocolate 70% Bar 100g,4,2024/10/07,3.38,CUST-1081,United States
100574,SKU-HOU-003,Microfiber Cleaning Towels 4-Pack,7,01/19/2024 20:00,5.81,CUST-1428,France
100575,SKU-BEV-001,Cold Brew Coffee 250ml,6,04/30/2024 04:00,3.52,CUST-1333,Canada
100575,SKU-DRY-002,Extra Virgin Olive Oil 750ml,4,2024/03/13,13.01,CUST-1428,Australia
100575,SKU-BEV-001,Cold Brew Coffee 250ml,4,09/12/2024 20:00,0.0,CUST-1412,United States
100576,SKU-HOU-001,Eco-Friendly Dishwashing Liquid 1L,6,2024-10-09 02:00:00,3.62,CUST-1031,United States
100576,SKU-DRY-002,Extra Virgin Olive Oil 750ml,4,2024-11-13 03:00:00,12.67,CUST-1454,United States
100576,SKU-SNK-002,Roasted Almonds & Cranberry Mix 200g,2,05/15/2024 08:00,4.97,CUST-1057,Canada
100577,SKU-SNK-002,Roasted Almonds & Cranberry Mix 200g,6,2024/10/29,4.68,CUST-1387,Germany
100577,SKU-FRZ-001,Frozen Organic Mixed Berries 400g,8,26-08-2024 19:00,5.13,CUST-1388,Australia
100577,SKU-BEV-003,Sparkling Mineral Water 1L,4,2024/03/21,1.68,,France
100578,SKU-DRY-001,Basmati Long Grain Rice 5kg,2,08/14/2024 01:00,13.55,CUST-1319,Australia
100578,SKU-DRY-002,Extra Virgin Olive Oil 750ml,0,2024/01/01,16.65,,United States
100578,SKU-FRZ-001,Frozen Organic Mixed Berries 400g,5,03/11/2024 12:00,5.18,CUST-1451,Australia
100579,SKU-SNK-002,Roasted Almonds & Cranberry Mix 200g,9,01/24/2024 14:00,6.24,CUST-1125,United States
100579,SKU-SNK-003,Dark Chocolate 70% Bar 100g,4,14-08-2024 05:00,3.41,CUST-1407,United States
100579,SKU-DRY-001,Basmati Long Grain Rice 5kg,5,10-12-2024 06:00,11.8,CUST-1435,United Kingdom
100580,SKU-BEV-003,Sparkling Mineral Water 1L,5,2024-01-05 22:00:00,1.81,CUST-1403,Germany
100580,SKU-FRZ-001,Frozen Organic Mixed Berries 400g,9,2024/02/09,4.64,CUST-1487,United Kingdom
100580,SKU-DRY-002,Extra Virgin Olive Oil 750ml,4,10/01/2024 01:00,14.88,,Germany
100581,SKU-PER-001,Antibacterial Hand Soap 300ml,3,2024/05/18,3.74,,Canada
100581,SKU-HOU-001,Eco-Friendly Dishwashing Liquid 1L,4,09/30/2024 14:00,3.63,CUST-1469,Canada
100581,SKU-FRZ-001,Frozen Organic Mixed Berries 400g,6,2024-04-06 20:00:00,4.72,CUST-1081,Australia
100582,SKU-SNK-003,Dark Chocolate 70% Bar 100g,6,03-04-2024 19:00,2.9,CUST-1005,Germany
100582,SKU-HOU-002,Multi-Surface Disinfectant Wipes 80ct,7,2024-04-05 06:00:00,4.6,CUST-1469,France
100582,SKU-DRY-002,Extra Virgin Olive Oil 750ml,6,27-03-2024 14:00,12.9,CUST-1419,France
100583,SKU-FRZ-001,Frozen Organic Mixed Berries 400g,6,03/15/2024 17:00,4.51,CUST-1324,Australia
100583,SKU-SNK-001,Artisan Sea Salt Potato Chips 150g,7,06/09/2024 01:00,2.93,CUST-1084,France
100583,SKU-SNK-002,Roasted Almonds & Cranberry Mix 200g,1,22-10-2024 19:00,5.71,CUST-1098,Australia
100584,SKU-HOU-002,Multi-Surface Disinfectant Wipes 80ct,4,2024/08/06,4.85,CUST-1246,Australia
100584,SKU-SNK-003,Dark Chocolate 70% Bar 100g,2,07/27/2024 07:00,3.11,CUST-1284,United Kingdom
100584,SKU-BEV-001,Cold Brew Coffee 250ml,7,03/13/2024 13:00,4.51,CUST-1228,Canada
100585,SKU-HOU-002,Multi-Surface Disinfectant Wipes 80ct,2,06/20/2024 23:00,5.66,CUST-1147,United Kingdom
100585,SKU-HOU-002,Multi-Surface Disinfectant Wipes 80ct,8,2024/01/10,4.91,CUST-1425,United States
100585,SKU-SNK-003,Dark Chocolate 70% Bar 100g,4,10/20/2024 18:00,3.08,CUST-1025,United States
100586,SKU-SNK-001,Artisan Sea Salt Potato Chips 150g,4,09/10/2024 02:00,2.69,CUST-1113,United States
100586,SKU-DRY-001,Basmati Long Grain Rice 5kg,4,01/15/2024 12:00,12.29,CUST-1214,United States
100586,SKU-DRY-001,Basmati Long Grain Rice 5kg,4,2024/03/29,13.82,CUST-1237,Germany
100587,SKU-DRY-002,Extra Virgin Olive Oil 750ml,5,10/17/2024 13:00,13.22,CUST-1006,Australia
100587,SKU-HOU-001,Eco-Friendly Dishwashing Liquid 1L,6,2024/03/04,4.14,CUST-1059,United Kingdom
100587,SKU-DRY-002,Extra Virgin Olive Oil 750ml,5,2024/11/16,14.15,CUST-1106,Australia
100588,SKU-PER-001,Antibacterial Hand Soap 300ml,3,31-01-2024 17:00,4.22,CUST-1010,Canada
100588,SKU-PER-001,Antibacterial Hand Soap 300ml,4,05/08/2024 21:00,4.74,CUST-1395,Canada
100588,SKU-SNK-002,Roasted Almonds & Cranberry Mix 200g,5,2024/08/23,5.49,CUST-1005,Germany
100589,SKU-SNK-003,Dark Chocolate 70% Bar 100g,3,2024/06/02,3.35,CUST-1264,France
100589,SKU-PER-002,Moisturizing Face Cleanser 150ml,4,2024-01-09 06:00:00,11.11,CUST-1137,Canada
100589,SKU-SNK-001,Artisan Sea Salt Potato Chips 150g,1,2024-08-07 07:00:00,3.24,CUST-1025,France
100590,SKU-HOU-001,Eco-Friendly Dishwashing Liquid 1L,9,05-03-2024 01:00,4.36,,United States
100590,SKU-DRY-002,Extra Virgin Olive Oil 750ml,5,2024/08/27,14.36,CUST-1283,United States
100590,SKU-SNK-002,Roasted Almonds & Cranberry Mix 200g,4,29-02-2024 11:00,5.61,CUST-1356,United States
100591,SKU-DRY-003,Whole Grain Pasta 500g,9,29-07-2024 07:00,2.41,CUST-1186,Canada
100591,SKU-FRZ-001,Frozen Organic Mixed Berries 400g,6,01/25/2024 22:00,5.39,,Canada
100591,SKU-BEV-001,Cold Brew Coffee 250ml,4,2024/10/03,3.54,CUST-1210,Canada
100592,SKU-PER-002,Moisturizing Face Cleanser 150ml,6,2024-07-10 23:00:00,9.85,CUST-1389,Australia
100592,SKU-BEV-001,Cold Brew Coffee 250ml,2,2024/09/21,3.64,CUST-1316,Australia
100592,SKU-DRY-001,Basmati Long Grain Rice 5kg,5,17-01-2024 10:00,14.35,CUST-1071,France
100593,SKU-SNK-002,Roasted Almonds & Cranberry Mix 200g,4,2024-10-15 11:00:00,5.86,CUST-1031,Canada
100593,SKU-PER-001,Antibacterial Hand Soap 300ml,2,2024/01/11,4.35,CUST-1344,Australia
100593,SKU-DRY-002,Extra Virgin Olive Oil 750ml,4,03/22/2024 22:00,16.17,CUST-1234,United States
100594,SKU-HOU-003,Microfiber Cleaning Towels 4-Pack,5,29-07-2024 05:00,5.83,CUST-1488,United States
100594,SKU-SNK-001,Artisan Sea Salt Potato Chips 150g,2,11-08-2024 02:00,3.16,CUST-1500,United States
100594,SKU-PER-001,Antibacterial Hand Soap 300ml,7,2024-05-02 15:00:00,0.0,CUST-1310,Germany
100595,SKU-FRZ-001,Frozen Organic Mixed Berries 400g,3,15-12-2024 22:00,4.15,CUST-1379,France
100595,SKU-DRY-001,Basmati Long Grain Rice 5kg,5,2024-11-17 20:00:00,13.54,CUST-1330,United States
100595,SKU-PER-002,Moisturizing Face Cleanser 150ml,5,06/21/2024 10:00,0.0,CUST-1396,Canada
100596,SKU-PER-001,Antibacterial Hand Soap 300ml,7,2024/04/16,4.73,CUST-1265,United States
100596,SKU-DRY-001,Basmati Long Grain Rice 5kg,4,04/12/2024 13:00,11.72,CUST-1269,United States
100596,SKU-BEV-001,Cold Brew Coffee 250ml,4,11/08/2024 10:00,4.55,CUST-1323,United States
100597,SKU-BEV-001,,3,2024-10-15 18:00:00,3.85,CUST-1067,United States
100597,SKU-HOU-003,Microfiber Cleaning Towels 4-Pack,8,01/12/2024 10:00,6.76,CUST-1344,Germany
100597,SKU-SNK-001,,3,2024/08/10,2.77,CUST-1460,United Kingdom
100598,SKU-HOU-001,Eco-Friendly Dishwashing Liquid 1L,5,07/20/2024 13:00,3.74,CUST-1474,United Kingdom
100598,SKU-SNK-001,Artisan Sea Salt Potato Chips 150g,6,01/07/2024 02:00,2.95,,France
100598,SKU-BEV-001,Cold Brew Coffee 250ml,3,31-03-2024 00:00,4.4,CUST-1113,Canada
100599,SKU-HOU-002,Multi-Surface Disinfectant Wipes 80ct,6,2024/02/24,4.66,CUST-1359,Australia
100599,SKU-BEV-002,Organic Green Tea 500ml,6,2024/08/28,2.39,CUST-1101,United Kingdom
100599,SKU-DRY-001,Basmati Long Grain Rice 5kg,4,2024/10/02,13.1,CUST-1158,Canada
100600,SKU-HOU-003,Microfiber Cleaning Towels 4-Pack,5,04/28/2024 21:00,5.89,CUST-1288,United States
100600,SKU-DRY-001,Basmati Long Grain Rice 5kg,5,2024/02/19,12.63,CUST-1302,Australia
100600,SKU-BEV-003,Sparkling Mineral Water 1L,3,06/18/2024 06:00,1.78,CUST-1253,United Kingdom
100601,SKU-HOU-002,Multi-Surface Disinfectant Wipes 80ct,4,2024-10-23 03:00:00,5.03,CUST-1458,United Kingdom
100601,SKU-SNK-001,Artisan Sea Salt Potato Chips 150g,4,12/26/2024 08:00,2.68,,Germany
100601,SKU-PER-002,Moisturizing Face Cleanser 150ml,4,2024/11/14,10.73,CUST-1338,United States
100602,SKU-HOU-001,Eco-Friendly Dishwashing Liquid 1L,7,02/18/2024 06:00,3.91,CUST-1431,United Kingdom
100602,SKU-PER-001,,2,23-10-2024 19:00,3.82,CUST-1465,Australia
100602,SKU-PER-002,Moisturizing Face Cleanser 150ml,3,2024-04-13 07:00:00,10.98,CUST-1219,United States
100603,SKU-SNK-002,Roasted Almonds & Cranberry Mix 200g,4,09/30/2024 12:00,6.28,CUST-1017,Germany
100603,SKU-BEV-003,Sparkling Mineral Water 1L,2,2024-01-03 22:00:00,0.0,CUST-1209,Australia
100603,SKU-SNK-003,Dark Chocolate 70% Bar 100g,7,11/23/2024 21:00,3.52,CUST-1158,Germany
100604,SKU-BEV-002,Organic Green Tea 500ml,5,21-04-2024 12:00,2.26,CUST-1006,Canada
100604,SKU-PER-002,Moisturizing Face Cleanser 150ml,4,2024-04-25 18:00:00,8.68,CUST-1091,United Kingdom
100604,SKU-HOU-003,Microfiber Cleaning Towels 4-Pack,10,02/18/2024 10:00,6.42,CUST-1436,Germany
100605,SKU-SNK-002,Roasted Almonds & Cranberry Mix 200g,6,01-01-2024 01:00,5.9,CUST-1161,United States
100605,SKU-DRY-002,Extra Virgin Olive Oil 750ml,7,09-10-2024 07:00,12.64,CUST-1285,Germany
100605,SKU-HOU-001,Eco-Friendly Dishwashing Liquid 1L,6,06/12/2024 02:00,3.4,CUST-1309,Australia
100606,SKU-DRY-003,Whole Grain Pasta 500g,4,01-01-2024 23:00,2.34,CUST-1133,Australia
100606,SKU-SNK-003,Dark Chocolate 70% Bar 100g,5,2024-06-18 21:00:00,3.28,,United States
100606,SKU-SNK-003,Dark Chocolate 70% Bar 100g,6,2024-07-31 19:00:00,3.78,CUST-1076,Australia
100607,SKU-SNK-001,Artisan Sea Salt Potato Chips 150g,8,2024/09/18,3.2,CUST-1278,France
100607,SKU-PER-002,Moisturizing Face Cleanser 150ml,2,2024/01/15,9.67,CUST-1461,France
100607,SKU-PER-001,Antibacterial Hand Soap 300ml,7,05/21/2024 01:00,4.14,CUST-1239,United States
100608,SKU-DRY-003,Whole Grain Pasta 500g,4,2024/02/06,2.5,,France
100608,SKU-PER-001,Antibacterial Hand Soap 300ml,6,04-03-2024 06:00,3.87,CUST-1051,Australia
100608,SKU-SNK-003,Dark Chocolate 70% Bar 100g,4,02-02-2024 02:00,2.98,CUST-1151,France
100609,SKU-BEV-003,Sparkling Mineral Water 1L,6,2024-04-10 04:00:00,0.0,CUST-1139,Germany
100609,SKU-HOU-001,Eco-Friendly Dishwashing Liquid 1L,5,02/08/2024 17:00,3.4,CUST-1421,Germany
100609,SKU-PER-001,Antibacterial Hand Soap 300ml,7,2024/07/04,4.11,CUST-1167,Australia
100610,  SKU-BEV-001  ,Cold Brew Coffee 250ml,5,09/05/2024 00:00,3.85,CUST-1248,Canada
100610,SKU-FRZ-001,,7,2024/09/22,4.15,CUST-1424,United States
100610,SKU-DRY-003,Whole Grain Pasta 500g,6,2024/02/29,2.22,CUST-1303,United Kingdom
100611,SKU-HOU-001,Eco-Friendly Dishwashing Liquid 1L,3,2024-06-10 23:00:00,4.02,CUST-1235,Australia
100611,SKU-PER-001,Antibacterial Hand Soap 300ml,2,09/07/2024 07:00,4.66,CUST-1273,United Kingdom
100611,SKU-DRY-002,Extra Virgin Olive Oil 750ml,2,2024/08/26,13.45,CUST-1022,France
100612,SKU-PER-001,Antibacterial Hand Soap 300ml,4,11-07-2024 04:00,3.73,CUST-1280,Germany
100612,SKU-DRY-003,Whole Grain Pasta 500g,6,24-05-2024 06:00,2.36,CUST-1305,Germany
100612,SKU-DRY-002,Extra Virgin Olive Oil 750ml,4,2024-12-03 22:00:00,12.38,CUST-1430,Australia
100613,SKU-DRY-002,Extra Virgin Olive Oil 750ml,6,08-01-2024 03:00,15.62,CUST-1180,United States
100613,SKU-SNK-003,Dark Chocolate 70% Bar 100g,5,2024-01-19 13:00:00,2.8,CUST-1046,United States
100613,SKU-BEV-001,Cold Brew Coffee 250ml,4,2024/08/24,3.61,CUST-1157,Germany
100614,SKU-DRY-001,Basmati Long Grain Rice 5kg,7,29-06-2024 08:00,12.29,CUST-1163,United States
100614,SKU-HOU-001,Eco-Friendly Dishwashing Liquid 1L,6,2024/02/24,3.66,CUST-1198,Australia
100614,SKU-FRZ-001,Frozen Organic Mixed Berries 400g,7,2024/08/08,4.73,CUST-1025,United Kingdom
100615,SKU-HOU-001,Eco-Friendly Dishwashing Liquid 1L,3,2024/11/22,3.62,CUST-1095,Australia
100615,SKU-DRY-002,Extra Virgin Olive Oil 750ml,6,06/14/2024 03:00,15.33,CUST-1068,Canada
100615,SKU-BEV-001,Cold Brew Coffee 250ml,7,05/07/2024 00:00,4.37,CUST-1316,France
100616,SKU-BEV-003,Sparkling Mineral Water 1L,4,2024/10/26,1.9,CUST-1072,United Kingdom
100616,SKU-BEV-001,Cold Brew Coffee 250ml,0,05-03-2024 02:00,4.13,CUST-1150,Germany
100616,SKU-BEV-002,Organic Green Tea 500ml,6,12/24/2024 14:00,2.62,CUST-1431,Germany
100617,SKU-DRY-001,,7,2024/02/09,13.42,CUST-1015,Canada
100617,SKU-SNK-001,Artisan Sea Salt Potato Chips 150g,4,05/25/2024 17:00,3.43,CUST-1230,United Kingdom
100617,SKU-BEV-002,Organic Green Tea 500ml,7,2024-10-09 17:00:00,2.34,CUST-1106,United States
100618,SKU-HOU-002,Multi-Surface Disinfectant Wipes 80ct,12,24-01-2024 14:00,5.0,CUST-1421,Canada
100618,SKU-SNK-002,Roasted Almonds & Cranberry Mix 200g,6,02/06/2024 14:00,5.78,CUST-1259,Canada
100618,SKU-SNK-003,Dark Chocolate 70% Bar 100g,7,2024/01/02,2.84,CUST-1182,Canada
100619,SKU-HOU-002,Multi-Surface Disinfectant Wipes 80ct,6,2024/06/28,4.91,CUST-1053,United Kingdom
100619,SKU-HOU-001,Eco-Friendly Dishwashing Liquid 1L,6,26-11-2024 16:00,3.4,CUST-1301,Germany
100619,SKU-BEV-001,Cold Brew Coffee 250ml,3,07/11/2024 13:00,4.44,CUST-1499,Canada
100620,SKU-BEV-002,,11,2024-04-17 03:00:00,2.36,CUST-1008,United States
100620,SKU-DRY-002,Extra Virgin Olive Oil 750ml,3,10/25/2024 06:00,14.9,CUST-1153,France
100620,SKU-DRY-001,Basmati Long Grain Rice 5kg,3,2024/11/10,12.99,CUST-1269,France
100621,SKU-SNK-003,Dark Chocolate 70% Bar 100g,3,2024-07-17 01:00:00,3.48,CUST-1294,Canada
C100621,SKU-HOU-001,Eco-Friendly Dishwashing Liquid 1L,-4,2024/07/04,3.91,CUST-1407,France
100621,  SKU-BEV-001  ,Cold Brew Coffee 250ml,4,10/30/2024 15:00,3.45,CUST-1042,United Kingdom
100622,SKU-DRY-001,Basmati Long Grain Rice 5kg,4,08-08-2024 06:00,13.71,CUST-1474,Canada
100622,SKU-HOU-002,Multi-Surface Disinfectant Wipes 80ct,4,2024/09/01,4.5,,Canada
100622,SKU-HOU-002,Multi-Surface Disinfectant Wipes 80ct,8,10/10/2024 06:00,4.35,CUST-1089,Germany
100623,SKU-HOU-002,Multi-Surface Disinfectant Wipes 80ct,1000,2024/12/15,4.54,CUST-1262,Germany
100623,SKU-HOU-003,Microfiber Cleaning Towels 4-Pack,7,2024-01-29 14:00:00,6.32,CUST-1137,United Kingdom
100623,SKU-DRY-001,Basmati Long Grain Rice 5kg,2,02/11/2024 11:00,13.89,CUST-1311,Germany
100624,SKU-SNK-001,Artisan Sea Salt Potato Chips 150g,5,2024-07-02 17:00:00,2.6,CUST-1470,Australia
100624,SKU-BEV-003,Sparkling Mineral Water 1L,4,05-07-2024 04:00,1.58,CUST-1152,United States
100624,SKU-SNK-003,Dark Chocolate 70% Bar 100g,8,2024/09/14,3.77,CUST-1114,France
100625,SKU-SNK-003,Dark Chocolate 70% Bar 100g,5,01/31/2024 19:00,2.96,CUST-1414,United Kingdom
100625,SKU-SNK-003,Dark Chocolate 70% Bar 100g,4,12/28/2024 02:00,3.63,CUST-1020,Australia
100625,SKU-PER-002,Moisturizing Face Cleanser 150ml,8,2024/11/09,9.58,CUST-1034,Canada
100626,SKU-FRZ-001,Frozen Organic Mixed Berries 400g,2,12/22/2024 19:00,5.16,CUST-1266,France
100626,SKU-SNK-002,Roasted Almonds & Cranberry Mix 200g,5,2024/03/13,5.03,CUST-1184,Canada
100626,SKU-HOU-002,Multi-Surface Disinfectant Wipes 80ct,4,07/10/2024 02:00,4.68,CUST-1098,Canada
100627,SKU-HOU-003,Microfiber Cleaning Towels 4-Pack,6,2024-05-25 20:00:00,6.56,CUST-1256,United Kingdom
100627,SKU-HOU-003,Microfiber Cleaning Towels 4-Pack,3,03-09-2024 23:00,6.6,CUST-1120,France
100627,SKU-PER-002,Moisturizing Face Cleanser 150ml,5,2024-11-19 10:00:00,10.23,CUST-1347,United States
100628,SKU-HOU-003,Microfiber Cleaning Towels 4-Pack,5,19-10-2024 11:00,6.92,CUST-1282,Canada
100628,SKU-PER-001,Antibacterial Hand Soap 300ml,5,08-08-2024 11:00,4.15,CUST-1419,Australia
100628,SKU-PER-002,Moisturizing Face Cleanser 150ml,7,2024/01/28,8.69,CUST-1285,Germany
100629,SKU-PER-001,Antibacterial Hand Soap 300ml,9,09/23/2024 15:00,4.26,CUST-1011,United States
100629,SKU-DRY-001,Basmati Long Grain Rice 5kg,6,02/24/2024 02:00,11.47,CUST-1014,Germany
100629,SKU-DRY-003,Whole Grain Pasta 500g,4,03/09/2024 02:00,2.22,CUST-1050,United Kingdom
100630,SKU-BEV-001,Cold Brew Coffee 250ml,5,2024-11-29 10:00:00,4.3,CUST-1232,United Kingdom
100630,SKU-BEV-003,Sparkling Mineral Water 1L,5,2024/04/08,1.64,CUST-1223,Australia
100630,SKU-FRZ-001,Frozen Organic Mixed Berries 400g,5,02/01/2024 13:00,4.78,CUST-1400,United Kingdom
100631,SKU-SNK-001,Artisan Sea Salt Potato Chips 150g,8,18-08-2024 23:00,2.98,CUST-1412,United Kingdom
100631,SKU-SNK-003,Dark Chocolate 70% Bar 100g,6,2024-08-20 06:00:00,3.23,CUST-1268,Australia
100631,SKU-HOU-001,Eco-Friendly Dishwashing Liquid 1L,6,31-05-2024 23:00,3.36,CUST-1497,United States
100632,SKU-DRY-002,Extra Virgin Olive Oil 750ml,7,2024-02-05 02:00:00,16.58,CUST-1274,United States
100632,SKU-HOU-002,Multi-Surface Disinfectant Wipes 80ct,3,2024-09-25 15:00:00,4.9,CUST-1447,United Kingdom
100632,SKU-SNK-002,Roasted Almonds & Cranberry Mix 200g,8,01-07-2024 06:00,5.35,,United Kingdom
100633,SKU-DRY-001,Basmati Long Grain Rice 5kg,4,18-10-2024 16:00,11.89,CUST-1255,United Kingdom
100633,SKU-SNK-003,Dark Chocolate 70% Bar 100g,6,06-12-2024 02:00,3.39,CUST-1053,Australia
100633,SKU-SNK-001,Artisan Sea Salt Potato Chips 150g,3,01/26/2024 18:00,3.04,CUST-1420,United Kingdom
100634,SKU-DRY-001,Basmati Long Grain Rice 5kg,5,2024-09-11 12:00:00,12.03,CUST-1484,United Kingdom
100634,SKU-HOU-002,Multi-Surface Disinfectant Wipes 80ct,7,2024/09/19,5.33,CUST-1145,France
100634,SKU-HOU-001,Eco-Friendly Dishwashing Liquid 1L,500,2024/03/19,4.41,CUST-1207,United States
100635,SKU-SNK-002,Roasted Almonds & Cranberry Mix 200g,1,03/08/2024 12:00,5.12,,Australia
C100635,SKU-DRY-002,Extra Virgin Olive Oil 750ml,-1,03-11-2024 00:00,14.9,CUST-1340,United Kingdom
100635,SKU-HOU-002,Multi-Surface Disinfectant Wipes 80ct,3,01/20/2024 13:00,4.76,CUST-1299,United Kingdom
100636,SKU-FRZ-001,,5,2024/05/08,4.93,CUST-1039,Germany
100636,SKU-FRZ-001,Frozen Organic Mixed Berries 400g,4,13-06-2024 04:00,4.12,CUST-1357,Germany
100636,SKU-DRY-003,Whole Grain Pasta 500g,5,2024-01-28 01:00:00,2.15,CUST-1183,United States
100637,SKU-HOU-003,Microfiber Cleaning Towels 4-Pack,4,2024-11-04 19:00:00,6.06,,United Kingdom
100637,SKU-SNK-003,Dark Chocolate 70% Bar 100g,9,2024/02/12,3.15,CUST-1416,Australia
100637,SKU-DRY-002,Extra Virgin Olive Oil 750ml,7,2024/03/28,15.73,CUST-1313,Germany
100638,SKU-BEV-003,Sparkling Mineral Water 1L,4,2024/05/04,1.99,,Australia
100638,SKU-BEV-003,Sparkling Mineral Water 1L,1,16-08-2024 08:00,1.63,CUST-1473,Australia
100638,SKU-BEV-003,Sparkling Mineral Water 1L,3,05/03/2024 06:00,1.93,CUST-1141,France
100639,SKU-SNK-003,Dark Chocolate 70% Bar 100g,4,25-11-2024 04:00,3.15,CUST-1269,Australia
100639,SKU-SNK-001,Artisan Sea Salt Potato Chips 150g,7,02/13/2024 08:00,2.55,CUST-1222,Australia
100639,SKU-HOU-001,Eco-Friendly Dishwashing Liquid 1L,4,26-12-2024 16:00,4.15,CUST-1105,Germany
100640,SKU-BEV-002,Organic Green Tea 500ml,5,06/19/2024 18:00,2.24,CUST-1280,Canada
100640,SKU-PER-001,,10,03-10-2024 17:00,4.58,CUST-1428,Canada
100640,SKU-PER-002,Moisturizing Face Cleanser 150ml,8,05/15/2024 02:00,9.61,CUST-1206,United Kingdom
100641,SKU-BEV-003,Sparkling Mineral Water 1L,4,2024/12/08,1.89,CUST-1468,United Kingdom
100641,SKU-BEV-002,Organic Green Tea 500ml,3,06-03-2024 10:00,2.42,CUST-1378,United Kingdom
100641,SKU-HOU-003,Microfiber Cleaning Towels 4-Pack,3,2024/10/01,6.97,CUST-1019,Germany
100642,SKU-PER-001,Antibacterial Hand Soap 300ml,3,03/30/2024 01:00,4.09,CUST-1314,United States
100642,SKU-SNK-001,Artisan Sea Salt Potato Chips 150g,5,23-06-2024 18:00,2.71,CUST-1489,United Kingdom
100642,SKU-HOU-001,Eco-Friendly Dishwashing Liquid 1L,7,22-06-2024 12:00,3.64,CUST-1152,Germany
100643,SKU-DRY-001,Basmati Long Grain Rice 5kg,4,01/04/2024 09:00,12.71,CUST-1298,United Kingdom
100643,SKU-DRY-002,Extra Virgin Olive Oil 750ml,4,11/19/2024 06:00,15.1,CUST-1182,United States
100643,SKU-BEV-003,Sparkling Mineral Water 1L,6,2024/09/18,1.98,CUST-1080,United Kingdom
100644,SKU-DRY-003,Whole Grain Pasta 500g,6,2024/02/11,2.17,CUST-1297,United Kingdom
100644,SKU-DRY-002,Extra Virgin Olive Oil 750ml,6,2024/07/03,13.34,CUST-1474,France
100644,SKU-PER-001,Antibacterial Hand Soap 300ml,8,08/19/2024 11:00,4.77,CUST-1077,Germany
100645,SKU-BEV-003,Sparkling Mineral Water 1L,4,2024/11/08,1.82,CUST-1146,Germany
100645,SKU-DRY-001,Basmati Long Grain Rice 5kg,3,2024-06-17 04:00:00,13.89,CUST-1121,Australia
100645,SKU-BEV-002,Organic Green Tea 500ml,2,2024-10-10 11:00:00,2.82,CUST-1335,Canada
100646,SKU-SNK-001,Artisan Sea Salt Potato Chips 150g,7,2024/01/16,2.88,CUST-1002,Germany
100646,SKU-DRY-001,Basmati Long Grain Rice 5kg,5,2024-11-25 00:00:00,13.89,CUST-1146,United Kingdom
100646,SKU-SNK-002,Roasted Almonds & Cranberry Mix 200g,5,2024/10/28,6.05,CUST-1198,Germany
100647,SKU-DRY-001,,7,05/20/2024 00:00,13.96,CUST-1153,Canada
100647,SKU-SNK-002,Roasted Almonds & Cranberry Mix 200g,2,2024-12-11 04:00:00,5.72,CUST-1235,Canada
100647,SKU-PER-002,Moisturizing Face Cleanser 150ml,5,2024/01/18,9.15,CUST-1199,Germany
100648,SKU-PER-001,Antibacterial Hand Soap 300ml,4,2024-01-19 19:00:00,4.34,CUST-1041,United Kingdom
100648,SKU-SNK-002,Roasted Almonds & Cranberry Mix 200g,5,2024/05/27,5.46,CUST-1406,United States
100648,SKU-DRY-003,Whole Grain Pasta 500g,5,2024-06-30 02:00:00,2.43,,Australia
100649,SKU-DRY-001,Basmati Long Grain Rice 5kg,5,08-01-2024 02:00,13.62,CUST-1335,United Kingdom
100649,SKU-BEV-001,Cold Brew Coffee 250ml,3,2024/04/12,3.88,CUST-1448,United States
100649,SKU-BEV-003,Sparkling Mineral Water 1L,3,03/24/2024 06:00,2.02,CUST-1030,United Kingdom
100650,SKU-BEV-001,Cold Brew Coffee 250ml,8,2024-11-22 08:00:00,4.1,,Canada
100650,SKU-HOU-001,,8,2024/02/28,4.22,CUST-1418,United Kingdom
100650,SKU-DRY-002,Extra Virgin Olive Oil 750ml,3,01/03/2024 22:00,15.82,CUST-1273,France
100651,SKU-BEV-003,Sparkling Mineral Water 1L,6,2024-11-26 19:00:00,2.04,CUST-1150,United Kingdom
100651,SKU-SNK-001,Artisan Sea Salt Potato Chips 150g,4,2024-02-24 09:00:00,3.09,CUST-1295,United Kingdom
100651,SKU-BEV-003,Sparkling Mineral Water 1L,5,22-03-2024 05:00,1.9,CUST-1210,Canada
100652,  SKU-BEV-003  ,Sparkling Mineral Water 1L,2,2024-09-22 05:00:00,1.71,CUST-1254,United States
100652,SKU-PER-002,Moisturizing Face Cleanser 150ml,4,05-09-2024 00:00,11.29,CUST-1141,Germany
100652,SKU-PER-001,Antibacterial Hand Soap 300ml,6,07/11/2024 17:00,3.75,CUST-1231,France
100653,SKU-SNK-001,Artisan Sea Salt Potato Chips 150g,3,06-09-2024 14:00,2.67,CUST-1233,Canada
100653,SKU-PER-002,Moisturizing Face Cleanser 150ml,5,2024/09/03,11.11,CUST-1439,Germany
100653,SKU-SNK-001,Artisan Sea Salt Potato Chips 150g,6,2024/01/04,2.92,CUST-1227,United States
100654,SKU-BEV-001,Cold Brew Coffee 250ml,3,2024/10/08,3.72,CUST-1274,Canada
100654,SKU-SNK-001,Artisan Sea Salt Potato Chips 150g,6,2024-12-08 08:00:00,3.13,CUST-1089,Germany
100654,SKU-SNK-002,Roasted Almonds & Cranberry Mix 200g,5,17-11-2024 13:00,5.26,,United States
100655,SKU-DRY-003,Whole Grain Pasta 500g,4,2024/07/01,2.11,CUST-1177,Germany
100655,SKU-HOU-002,Multi-Surface Disinfectant Wipes 80ct,5,10/29/2024 10:00,5.13,CUST-1148,France
100655,SKU-SNK-003,Dark Chocolate 70% Bar 100g,6,2024-11-30 01:00:00,3.03,CUST-1012,United States
100656,SKU-FRZ-001,Frozen Organic Mixed Berries 400g,6,08/12/2024 21:00,5.32,CUST-1048,Germany
100656,SKU-DRY-003,Whole Grain Pasta 500g,7,2024/10/06,1.95,CUST-1284,United Kingdom
100656,SKU-SNK-001,Artisan Sea Salt Potato Chips 150g,1,2024/08/23,3.18,CUST-1299,France
100657,SKU-SNK-001,Artisan Sea Salt Potato Chips 150g,4,30-10-2024 12:00,3.28,CUST-1169,Germany
100657,SKU-HOU-002,Multi-Surface Disinfectant Wipes 80ct,5,11-09-2024 00:00,5.38,,Canada
100657,SKU-BEV-001,Cold Brew Coffee 250ml,3,22-07-2024 11:00,4.35,CUST-1198,Canada
100658,SKU-DRY-002,Extra Virgin Olive Oil 750ml,7,05-07-2024 14:00,14.06,CUST-1214,United States
100658,SKU-FRZ-001,Frozen Organic Mixed Berries 400g,4,02/09/2024 23:00,4.81,CUST-1082,Canada
100658,SKU-SNK-002,Roasted Almonds & Cranberry Mix 200g,6,2024/11/09,5.99,CUST-1123,Germany
100659,SKU-SNK-002,Roasted Almonds & Cranberry Mix 200g,2,2024-12-15 17:00:00,5.41,CUST-1126,Canada
100659,SKU-SNK-003,Dark Chocolate 70% Bar 100g,3,30-12-2024 22:00,3.74,CUST-1288,United States
100659,SKU-BEV-003,Sparkling Mineral Water 1L,4,2024/09/08,1.64,CUST-1307,United Kingdom
100660,SKU-HOU-003,Microfiber Cleaning Towels 4-Pack,4,26-02-2024 08:00,5.8,,Australia
100660,SKU-BEV-003,Sparkling Mineral Water 1L,4,2024/03/02,2.03,,Canada
100660,SKU-HOU-002,,4,2024-04-30 17:00:00,4.51,CUST-1427,United Kingdom
100661,SKU-HOU-003,Microfiber Cleaning Towels 4-Pack,5,2024-08-30 07:00:00,5.97,CUST-1480,United States
100661,SKU-BEV-001,Cold Brew Coffee 250ml,8,2024-10-12 08:00:00,4.08,CUST-1250,United States
100661,SKU-BEV-001,Cold Brew Coffee 250ml,5,2024-02-09 16:00:00,3.8,CUST-1192,France
100662,SKU-DRY-002,Extra Virgin Olive Oil 750ml,7,13-02-2024 16:00,12.34,CUST-1073,Germany
100662,SKU-SNK-003,Dark Chocolate 70% Bar 100g,6,05/28/2024 06:00,3.18,CUST-1393,Germany
100662,SKU-DRY-002,Extra Virgin Olive Oil 750ml,2,07/15/2024 13:00,12.84,CUST-1314,United States
100663,SKU-PER-002,Moisturizing Face Cleanser 150ml,3,2024/11/04,9.77,CUST-1458,United States
100663,SKU-HOU-002,Multi-Surface Disinfectant Wipes 80ct,7,2024-04-19 07:00:00,4.96,CUST-1319,United Kingdom
100663,SKU-PER-002,Moisturizing Face Cleanser 150ml,4,2024/03/18,11.27,CUST-1218,United Kingdom
100664,SKU-SNK-001,Artisan Sea Salt Potato Chips 150g,7,2024-11-27 23:00:00,2.61,CUST-1145,Germany
100664,SKU-FRZ-001,Frozen Organic Mixed Berries 400g,8,2024-12-05 22:00:00,4.94,CUST-1125,Germany
100664,SKU-SNK-001,Artisan Sea Salt Potato Chips 150g,6,04/11/2024 09:00,2.67,CUST-1435,Australia
100665,SKU-DRY-002,Extra Virgin Olive Oil 750ml,8,2024-06-25 00:00:00,15.81,,United Kingdom
100665,SKU-BEV-003,Sparkling Mineral Water 1L,3,2024-01-29 03:00:00,1.99,CUST-1219,United Kingdom
100665,SKU-HOU-003,Microfiber Cleaning Towels 4-Pack,9,30-05-2024 09:00,5.88,CUST-1413,Canada
100666,SKU-SNK-003,Dark Chocolate 70% Bar 100g,8,24-09-2024 18:00,3.26,CUST-1301,United Kingdom
100666,SKU-HOU-002,Multi-Surface Disinfectant Wipes 80ct,5,15-07-2024 14:00,4.85,CUST-1066,Canada
100666,SKU-DRY-003,Whole Grain Pasta 500g,6,2024-08-15 21:00:00,2.43,CUST-1364,Australia
100667,SKU-HOU-001,Eco-Friendly Dishwashing Liquid 1L,2,2024-08-06 03:00:00,3.56,CUST-1067,Germany
100667,SKU-HOU-002,Multi-Surface Disinfectant Wipes 80ct,4,2024-09-10 10:00:00,4.68,CUST-1478,France
100667,SKU-BEV-001,Cold Brew Coffee 250ml,4,14-07-2024 20:00,3.95,CUST-1149,United States
100668,SKU-SNK-001,Artisan Sea Salt Potato Chips 150g,3,06/06/2024 03:00,3.15,CUST-1124,France
100668,SKU-BEV-003,Sparkling Mineral Water 1L,6,08-02-2024 07:00,1.73,,France
100668,SKU-BEV-003,Sparkling Mineral Water 1L,6,2024/12/21,2.05,,United States
100669,SKU-HOU-001,Eco-Friendly Dishwashing Liquid 1L,3,19-12-2024 14:00,3.76,CUST-1104,United Kingdom
100669,SKU-DRY-002,Extra Virgin Olive Oil 750ml,7,2024-09-17 02:00:00,16.41,CUST-1378,France
100669,SKU-BEV-001,Cold Brew Coffee 250ml,2,17-08-2024 01:00,3.91,CUST-1189,Germany
100670,SKU-HOU-003,Microfiber Cleaning Towels 4-Pack,5,2024-02-05 11:00:00,6.74,CUST-1110,France
100670,SKU-HOU-003,Microfiber Cleaning Towels 4-Pack,2,2024-01-01 14:00:00,6.29,CUST-1353,France
100670,SKU-FRZ-001,Frozen Organic Mixed Berries 400g,2,02/03/2024 07:00,4.9,CUST-1326,Germany
100671,SKU-SNK-001,Artisan Sea Salt Potato Chips 150g,4,13-02-2024 14:00,2.85,CUST-1324,Germany
100671,SKU-SNK-001,Artisan Sea Salt Potato Chips 150g,4,21-11-2024 20:00,2.59,CUST-1206,Germany
100671,SKU-DRY-002,Extra Virgin Olive Oil 750ml,2,2024/03/16,13.47,,France
100672,SKU-FRZ-001,Frozen Organic Mixed Berries 400g,6,12/25/2024 20:00,4.21,CUST-1409,Canada
100672,SKU-PER-001,Antibacterial Hand Soap 300ml,7,2024/11/16,4.52,CUST-1243,France
100672,SKU-BEV-001,Cold Brew Coffee 250ml,1,08/15/2024 05:00,4.16,CUST-1361,Germany
100673,SKU-SNK-001,Artisan Sea Salt Potato Chips 150g,3,06/17/2024 22:00,3.13,CUST-1171,United States
100673,SKU-DRY-003,,6,2024/07/01,0.0,CUST-1103,Australia
100673,SKU-BEV-003,Sparkling Mineral Water 1L,4,11/11/2024 09:00,1.84,CUST-1326,France
100674,SKU-BEV-003,Sparkling Mineral Water 1L,6,08/06/2024 09:00,1.68,CUST-1239,United States
100674,SKU-PER-001,Antibacterial Hand Soap 300ml,3,11/18/2024 03:00,4.43,CUST-1432,Canada
100674,  SKU-DRY-002  ,Extra Virgin Olive Oil 750ml,7,2024-11-07 05:00:00,13.6,CUST-1258,United Kingdom
100675,SKU-PER-001,Antibacterial Hand Soap 300ml,5,2024-02-11 23:00:00,3.71,CUST-1099,Germany
100675,SKU-FRZ-001,Frozen Organic Mixed Berries 400g,3,05-02-2024 09:00,5.25,CUST-1316,France
100675,SKU-FRZ-001,Frozen Organic Mixed Berries 400g,5,2024/03/23,4.95,CUST-1208,Australia
100676,SKU-PER-002,Moisturizing Face Cleanser 150ml,7,09/14/2024 19:00,8.54,CUST-1421,United Kingdom
100676,SKU-DRY-001,Basmati Long Grain Rice 5kg,6,09/05/2024 20:00,14.77,CUST-1389,Australia
100676,SKU-DRY-002,Extra Virgin Olive Oil 750ml,6,15-01-2024 12:00,13.38,CUST-1327,United States
100677,SKU-SNK-003,Dark Chocolate 70% Bar 100g,7,2024-01-26 08:00:00,3.61,CUST-1068,Australia
100677,SKU-SNK-001,Artisan Sea Salt Potato Chips 150g,5,2024/06/27,3.32,CUST-1259,United Kingdom
100677,SKU-FRZ-001,Frozen Organic Mixed Berries 400g,9,03/01/2024 22:00,4.75,CUST-1458,Canada
100678,SKU-DRY-001,Basmati Long Grain Rice 5kg,1,07/12/2024 15:00,11.85,CUST-1418,Canada
100678,  SKU-HOU-002  ,Multi-Surface Disinfectant Wipes 80ct,3,12/19/2024 22:00,4.64,CUST-1255,Germany
C100678,SKU-HOU-002,Multi-Surface Disinfectant Wipes 80ct,-2,01/24/2024 11:00,4.32,CUST-1163,United States
100679,SKU-SNK-003,Dark Chocolate 70% Bar 100g,2,07/10/2024 00:00,2.91,,France
100679,SKU-SNK-001,Artisan Sea Salt Potato Chips 150g,7,2024/08/06,2.88,CUST-1006,United States
100679,SKU-BEV-001,Cold Brew Coffee 250ml,9,02/05/2024 18:00,0.0,CUST-1437,United States
100680,SKU-PER-002,Moisturizing Face Cleanser 150ml,4,06-06-2024 10:00,9.5,CUST-1349,France
100680,SKU-FRZ-001,Frozen Organic Mixed Berries 400g,4,06/28/2024 04:00,4.2,CUST-1329,United States
100680,SKU-BEV-003,Sparkling Mineral Water 1L,9,2024-10-19 22:00:00,1.93,CUST-1131,United States
100681,  SKU-FRZ-001  ,Frozen Organic Mixed Berries 400g,5,2024-05-30 09:00:00,4.2,CUST-1345,United Kingdom
100681,SKU-PER-001,Antibacterial Hand Soap 300ml,4,2024/10/22,4.4,CUST-1063,United Kingdom
100681,SKU-PER-001,Antibacterial Hand Soap 300ml,10,2024/06/07,4.07,CUST-1248,France
100682,SKU-DRY-003,Whole Grain Pasta 500g,3,2024/12/04,2.29,CUST-1120,Australia
100682,SKU-PER-002,Moisturizing Face Cleanser 150ml,6,2024-09-01 01:00:00,11.13,CUST-1088,United Kingdom
100682,SKU-DRY-001,Basmati Long Grain Rice 5kg,6,2024-10-30 00:00:00,12.79,CUST-1166,Australia
100683,SKU-PER-001,Antibacterial Hand Soap 300ml,5,2024/01/01,4.64,CUST-1318,Canada
100683,SKU-SNK-003,Dark Chocolate 70% Bar 100g,4,2024/12/04,2.98,CUST-1162,United States
100683,SKU-FRZ-001,Frozen Organic Mixed Berries 400g,7,2024-07-17 14:00:00,5.43,CUST-1292,United Kingdom
100684,SKU-HOU-003,Microfiber Cleaning Towels 4-Pack,4,2024/08/28,6.56,CUST-1269,United States
100684,SKU-SNK-003,Dark Chocolate 70% Bar 100g,3,2024-01-30 18:00:00,3.06,CUST-1287,Canada
100684,SKU-DRY-002,Extra Virgin Olive Oil 750ml,2,02/03/2024 23:00,14.89,CUST-1174,United States
100685,SKU-DRY-001,Basmati Long Grain Rice 5kg,3,2024/01/25,14.82,CUST-1092,United Kingdom
100685,SKU-SNK-001,Artisan Sea Salt Potato Chips 150g,2,2024-03-22 06:00:00,2.55,,Germany
100685,SKU-FRZ-001,Frozen Organic Mixed Berries 400g,4,2024/09/19,4.9,CUST-1325,United States
100686,SKU-SNK-003,Dark Chocolate 70% Bar 100g,9,2024-12-03 19:00:00,3.1,CUST-1208,Canada
100686,SKU-HOU-001,Eco-Friendly Dishwashing Liquid 1L,2,2024/09/16,3.66,CUST-1033,France
100686,SKU-DRY-003,Whole Grain Pasta 500g,5,12-10-2024 22:00,2.3,CUST-1287,United Kingdom
100687,SKU-FRZ-001,Frozen Organic Mixed Berries 400g,9,2024/08/29,5.27,CUST-1265,United Kingdom
100687,SKU-PER-002,Moisturizing Face Cleanser 150ml,4,2024/11/10,11.26,CUST-1452,Australia
100687,SKU-PER-002,Moisturizing Face Cleanser 150ml,4,20-06-2024 21:00,9.78,CUST-1182,France
100688,SKU-SNK-003,Dark Chocolate 70% Bar 100g,8,10-02-2024 16:00,2.97,CUST-1004,United Kingdom
100688,SKU-FRZ-001,Frozen Organic Mixed Berries 400g,5,2024-05-13 21:00:00,5.39,CUST-1161,Germany
100688,SKU-PER-002,Moisturizing Face Cleanser 150ml,3,01/04/2024 06:00,9.76,CUST-1019,France
C100689,SKU-BEV-001,Cold Brew Coffee 250ml,-2,23-07-2024 17:00,4.06,CUST-1071,Australia
100689,SKU-PER-002,Moisturizing Face Cleanser 150ml,8,06/07/2024 17:00,10.99,CUST-1463,United Kingdom
100689,SKU-SNK-003,Dark Chocolate 70% Bar 100g,6,20-01-2024 22:00,3.15,CUST-1222,Canada
100690,SKU-HOU-002,Multi-Surface Disinfectant Wipes 80ct,3,2024-08-22 19:00:00,4.98,CUST-1178,United States
100690,SKU-HOU-002,Multi-Surface Disinfectant Wipes 80ct,7,2024-10-21 11:00:00,5.18,,Germany
100690,SKU-SNK-003,Dark Chocolate 70% Bar 100g,4,08/01/2024 10:00,3.71,CUST-1055,United Kingdom
100691,SKU-SNK-002,Roasted Almonds & Cranberry Mix 200g,4,2024-09-20 00:00:00,4.81,CUST-1368,France
100691,SKU-DRY-001,Basmati Long Grain Rice 5kg,2,2024-06-24 16:00:00,13.04,CUST-1226,United States
100691,SKU-FRZ-001,Frozen Organic Mixed Berries 400g,6,2024/02/10,5.27,CUST-1316,United States
100692,SKU-DRY-002,Extra Virgin Olive Oil 750ml,4,10-02-2024 11:00,15.46,CUST-1064,France
100692,SKU-DRY-002,Extra Virgin Olive Oil 750ml,5,2024-06-04 08:00:00,13.26,CUST-1284,United States
100692,SKU-SNK-003,Dark Chocolate 70% Bar 100g,5,02-03-2024 17:00,3.16,CUST-1439,Australia
100693,SKU-HOU-001,Eco-Friendly Dishwashing Liquid 1L,8,2024-06-11 03:00:00,3.73,CUST-1312,France
100693,SKU-PER-001,Antibacterial Hand Soap 300ml,5,17-01-2024 13:00,3.72,CUST-1223,Germany
100693,SKU-HOU-002,Multi-Surface Disinfectant Wipes 80ct,4,2024-02-27 17:00:00,5.24,CUST-1054,Canada
100694,SKU-PER-001,Antibacterial Hand Soap 300ml,3,2024/03/19,4.61,CUST-1438,United States
100694,SKU-BEV-003,Sparkling Mineral Water 1L,3,2024-02-26 22:00:00,1.96,CUST-1203,United States
100694,SKU-DRY-002,,3,2024/05/28,15.69,CUST-1249,France
100695,SKU-HOU-003,Microfiber Cleaning Towels 4-Pack,5,25-02-2024 06:00,6.06,CUST-1067,Canada
100695,SKU-DRY-003,Whole Grain Pasta 500g,5,2024/06/15,2.0,CUST-1087,Australia
100695,SKU-HOU-002,Multi-Surface Disinfectant Wipes 80ct,5,2024-09-27 17:00:00,4.65,CUST-1208,Canada
100696,SKU-SNK-002,Roasted Almonds & Cranberry Mix 200g,5,02/16/2024 23:00,5.5,CUST-1340,United Kingdom
100696,SKU-HOU-003,Microfiber Cleaning Towels 4-Pack,6,2024-08-02 01:00:00,5.64,,France
100696,SKU-SNK-003,Dark Chocolate 70% Bar 100g,4,06/10/2024 03:00,2.99,CUST-1267,France
100697,SKU-DRY-001,Basmati Long Grain Rice 5kg,4,01/07/2024 04:00,13.69,CUST-1377,United States
100697,SKU-DRY-003,Whole Grain Pasta 500g,2,2024/07/28,1.89,CUST-1051,Canada
100697,SKU-DRY-002,Extra Virgin Olive Oil 750ml,7,2024/03/18,16.12,CUST-1310,United Kingdom
100698,SKU-BEV-001,Cold Brew Coffee 250ml,7,27-12-2024 04:00,4.33,CUST-1155,Germany
100698,SKU-DRY-002,Extra Virgin Olive Oil 750ml,6,2024/04/06,12.82,,France
100698,SKU-BEV-002,Organic Green Tea 500ml,5,2024/12/08,2.3,CUST-1391,Canada
100699,SKU-BEV-001,Cold Brew Coffee 250ml,4,11-09-2024 03:00,3.63,CUST-1421,United Kingdom
100699,SKU-SNK-001,Artisan Sea Salt Potato Chips 150g,3,2024/07/16,3.25,CUST-1372,Germany
100699,SKU-BEV-002,Organic Green Tea 500ml,4,2024/02/18,2.34,CUST-1261,Australia
100700,SKU-DRY-003,Whole Grain Pasta 500g,5,10/14/2024 17:00,2.18,CUST-1500,Australia
100700,SKU-DRY-002,Extra Virgin Olive Oil 750ml,5,01/15/2024 21:00,0.0,CUST-1112,Australia
100700,SKU-SNK-001,Artisan Sea Salt Potato Chips 150g,5,10/01/2024 03:00,2.85,CUST-1488,Australia
100701,SKU-PER-002,Moisturizing Face Cleanser 150ml,9,2024/04/24,10.28,CUST-1193,France
100701,SKU-BEV-002,Organic Green Tea 500ml,4,2024/02/25,2.33,CUST-1058,Australia
100701,SKU-DRY-001,Basmati Long Grain Rice 5kg,5,2024/02/06,13.43,CUST-1426,Germany
100702,SKU-DRY-002,Extra Virgin Olive Oil 750ml,4,08-02-2024 19:00,12.79,CUST-1404,Canada
100702,SKU-HOU-001,Eco-Friendly Dishwashing Liquid 1L,6,2024-03-05 19:00:00,3.32,CUST-1437,France
100702,SKU-HOU-003,Microfiber Cleaning Towels 4-Pack,7,2024-06-15 01:00:00,5.71,CUST-1180,United Kingdom
100703,SKU-HOU-002,Multi-Surface Disinfectant Wipes 80ct,8,2024-10-09 21:00:00,4.86,,United Kingdom
100703,SKU-HOU-001,Eco-Friendly Dishwashing Liquid 1L,8,2024/02/06,4.12,CUST-1255,Canada
100703,SKU-HOU-002,Multi-Surface Disinfectant Wipes 80ct,4,2024-04-27 05:00:00,5.28,CUST-1039,Australia
100704,SKU-PER-001,Antibacterial Hand Soap 300ml,4,2024-01-26 00:00:00,3.68,CUST-1151,Germany
100704,SKU-SNK-003,Dark Chocolate 70% Bar 100g,4,10/14/2024 11:00,3.34,CUST-1375,France
100704,SKU-FRZ-001,Frozen Organic Mixed Berries 400g,4,07-08-2024 22:00,4.17,CUST-1450,France
100705,SKU-FRZ-001,Frozen Organic Mixed Berries 400g,8,2024/06/22,5.37,CUST-1096,United States
100705,SKU-DRY-003,Whole Grain Pasta 500g,5,09/26/2024 18:00,2.03,CUST-1162,Germany
C100705,SKU-HOU-002,Multi-Surface Disinfectant Wipes 80ct,-6,02/05/2024 23:00,4.95,CUST-1490,France
100706,SKU-HOU-001,Eco-Friendly Dishwashing Liquid 1L,3,27-07-2024 19:00,3.85,,Australia
100706,SKU-BEV-003,Sparkling Mineral Water 1L,6,2024/03/14,1.62,CUST-1205,United States
100706,SKU-SNK-001,Artisan Sea Salt Potato Chips 150g,7,11/17/2024 04:00,2.97,CUST-1150,France
100707,SKU-SNK-002,Roasted Almonds & Cranberry Mix 200g,11,03/31/2024 12:00,6.22,CUST-1429,United States
100707,SKU-FRZ-001,Frozen Organic Mixed Berries 400g,3,06/16/2024 16:00,4.51,CUST-1404,Germany
100707,SKU-HOU-002,Multi-Surface Disinfectant Wipes 80ct,7,07/03/2024 19:00,4.48,CUST-1003,Germany
100708,SKU-SNK-003,Dark Chocolate 70% Bar 100g,8,2024-03-03 00:00:00,3.45,CUST-1313,Germany
100708,SKU-DRY-002,Extra Virgin Olive Oil 750ml,4,08/27/2024 23:00,12.61,CUST-1325,Germany
100708,SKU-PER-002,Moisturizing Face Cleanser 150ml,6,02/08/2024 02:00,11.19,CUST-1196,Germany
100709,SKU-PER-001,Antibacterial Hand Soap 300ml,3,2024-04-29 18:00:00,4.22,CUST-1216,United Kingdom
100709,SKU-SNK-001,Artisan Sea Salt Potato Chips 150g,5,2024/06/07,3.29,CUST-1311,Australia
100709,SKU-HOU-002,Multi-Surface Disinfectant Wipes 80ct,4,07/27/2024 14:00,0.0,CUST-1090,United Kingdom
100710,SKU-SNK-001,Artisan Sea Salt Potato Chips 150g,4,17-05-2024 14:00,2.75,CUST-1480,Australia
100710,SKU-FRZ-001,Frozen Organic Mixed Berries 400g,2,2024-06-22 16:00:00,4.59,CUST-1090,Australia
C100710,SKU-DRY-003,Whole Grain Pasta 500g,-7,13-08-2024 02:00,2.08,CUST-1498,Australia
100711,SKU-FRZ-001,Frozen Organic Mixed Berries 400g,4,23-12-2024 01:00,5.4,CUST-1218,Australia
100711,SKU-DRY-001,Basmati Long Grain Rice 5kg,8,12-07-2024 10:00,14.31,CUST-1063,Australia
100711,SKU-BEV-001,Cold Brew Coffee 250ml,7,20-08-2024 06:00,3.94,CUST-1312,France
100712,SKU-DRY-001,Basmati Long Grain Rice 5kg,4,2024/10/20,12.05,CUST-1436,United States
100712,SKU-HOU-003,Microfiber Cleaning Towels 4-Pack,4,2024-10-22 18:00:00,6.38,CUST-1408,France
100712,SKU-DRY-002,Extra Virgin Olive Oil 750ml,3,11-03-2024 01:00,1450.0,CUST-1277,Canada
100713,SKU-PER-002,Moisturizing Face Cleanser 150ml,5,2024/03/06,10.18,CUST-1106,Germany
C100713,SKU-PER-002,Moisturizing Face Cleanser 150ml,-6,23-10-2024 22:00,11.27,CUST-1400,France
100713,SKU-SNK-001,Artisan Sea Salt Potato Chips 150g,7,26-11-2024 17:00,3.18,CUST-1222,France
100714,SKU-BEV-003,Sparkling Mineral Water 1L,6,2024/08/14,1.97,CUST-1123,France
100714,SKU-DRY-001,Basmati Long Grain Rice 5kg,2,2024/04/27,14.91,CUST-1264,Australia
100714,SKU-HOU-001,Eco-Friendly Dishwashing Liquid 1L,9,2024-10-04 23:00:00,3.9,CUST-1394,United Kingdom
100715,SKU-PER-001,Antibacterial Hand Soap 300ml,9,14-09-2024 14:00,0.0,CUST-1471,Germany
100715,SKU-HOU-003,Microfiber Cleaning Towels 4-Pack,4,2024/11/30,6.45,CUST-1026,France
100715,SKU-SNK-002,Roasted Almonds & Cranberry Mix 200g,7,26-07-2024 13:00,5.33,CUST-1125,Australia
100716,SKU-BEV-003,Sparkling Mineral Water 1L,5,05/13/2024 22:00,1.57,,United States
100716,SKU-SNK-002,Roasted Almonds & Cranberry Mix 200g,4,10-07-2024 02:00,4.95,CUST-1200,Germany
100716,SKU-DRY-003,Whole Grain Pasta 500g,8,2024/11/29,2.37,CUST-1122,Australia
100717,SKU-BEV-003,Sparkling Mineral Water 1L,4,08/29/2024 18:00,1.66,CUST-1122,Canada
100717,SKU-DRY-002,Extra Virgin Olive Oil 750ml,5,2024-07-11 02:00:00,16.49,CUST-1305,United Kingdom
100717,SKU-BEV-002,Organic Green Tea 500ml,8,2024/08/04,2.27,,Australia
100718,SKU-HOU-001,Eco-Friendly Dishwashing Liquid 1L,5,2024/01/23,3.9,CUST-1125,Germany
100718,SKU-DRY-001,Basmati Long Grain Rice 5kg,7,09/06/2024 11:00,11.82,CUST-1016,France
100718,SKU-HOU-003,Microfiber Cleaning Towels 4-Pack,6,26-01-2024 03:00,6.64,CUST-1157,France
100719,SKU-DRY-001,Basmati Long Grain Rice 5kg,12,2024-02-23 02:00:00,13.0,CUST-1041,United States
100719,SKU-SNK-003,Dark Chocolate 70% Bar 100g,4,12/08/2024 23:00,3.71,CUST-1240,United States
100719,SKU-HOU-002,Multi-Surface Disinfectant Wipes 80ct,5,2024/10/05,4.93,CUST-1400,Australia
100720,SKU-HOU-001,Eco-Friendly Dishwashing Liquid 1L,3,11-01-2024 19:00,3.71,CUST-1316,France
100720,SKU-SNK-001,Artisan Sea Salt Potato Chips 150g,4,2024-06-07 01:00:00,2.71,,Canada
100720,SKU-PER-001,Antibacterial Hand Soap 300ml,1,10/15/2024 07:00,3.68,CUST-1192,Canada
100721,SKU-HOU-003,Microfiber Cleaning Towels 4-Pack,6,06/15/2024 07:00,6.02,CUST-1233,Germany
100721,SKU-BEV-001,Cold Brew Coffee 250ml,6,08-05-2024 07:00,3.41,CUST-1369,Australia
100721,SKU-SNK-001,Artisan Sea Salt Potato Chips 150g,3,2024-08-31 22:00:00,3.17,CUST-1442,Germany
100722,SKU-BEV-002,Organic Green Tea 500ml,4,18-05-2024 23:00,2.12,CUST-1483,Germany
100722,SKU-BEV-002,Organic Green Tea 500ml,7,08/26/2024 10:00,2.7,CUST-1281,Germany
100722,SKU-HOU-002,Multi-Surface Disinfectant Wipes 80ct,4,09-02-2024 12:00,5.7,CUST-1192,Australia
100723,SKU-HOU-003,Microfiber Cleaning Towels 4-Pack,5,2024/03/16,5.87,CUST-1112,Australia
100723,SKU-FRZ-001,Frozen Organic Mixed Berries 400g,6,2024-01-29 00:00:00,4.16,CUST-1360,United Kingdom
100723,SKU-BEV-003,Sparkling Mineral Water 1L,3,11-03-2024 04:00,1.65,CUST-1472,United States
100724,SKU-BEV-003,Sparkling Mineral Water 1L,5,11/18/2024 08:00,1.68,CUST-1451,Germany
100724,SKU-BEV-001,Cold Brew Coffee 250ml,5,12-02-2024 20:00,4.36,CUST-1343,United States
100724,SKU-FRZ-001,Frozen Organic Mixed Berries 400g,7,05-10-2024 00:00,5.18,CUST-1221,Germany
100725,SKU-FRZ-001,Frozen Organic Mixed Berries 400g,4,2024-07-26 05:00:00,4.34,CUST-1439,Germany
100725,SKU-BEV-001,Cold Brew Coffee 250ml,4,11-10-2024 15:00,4.49,CUST-1469,Canada
100725,SKU-DRY-001,Basmati Long Grain Rice 5kg,6,2024-03-04 16:00:00,14.32,CUST-1340,France
100726,SKU-DRY-003,Whole Grain Pasta 500g,5,2024/04/06,1.96,CUST-1326,France
100726,SKU-HOU-003,,6,09/17/2024 09:00,6.05,CUST-1001,Australia
100726,SKU-PER-002,Moisturizing Face Cleanser 150ml,7,2024/08/28,10.37,CUST-1023,France
100727,SKU-HOU-003,Microfiber Cleaning Towels 4-Pack,6,01-07-2024 11:00,6.02,CUST-1312,Germany
100727,SKU-FRZ-001,Frozen Organic Mixed Berries 400g,2,31-01-2024 12:00,5.4,CUST-1323,Canada
100727,SKU-DRY-001,Basmati Long Grain Rice 5kg,6,30-01-2024 23:00,14.69,CUST-1433,Canada
100728,SKU-HOU-002,Multi-Surface Disinfectant Wipes 80ct,5,29-09-2024 11:00,4.63,CUST-1258,Canada
100728,SKU-SNK-002,Roasted Almonds & Cranberry Mix 200g,1,2024-05-19 10:00:00,5.7,CUST-1286,Australia
100728,SKU-DRY-002,Extra Virgin Olive Oil 750ml,6,17-09-2024 00:00,16.57,CUST-1337,Canada
100729,SKU-FRZ-001,Frozen Organic Mixed Berries 400g,4,2024-04-04 05:00:00,5.22,,Australia
100729,SKU-HOU-002,Multi-Surface Disinfectant Wipes 80ct,5,2024-11-01 07:00:00,4.56,CUST-1373,Australia
100729,SKU-HOU-002,Multi-Surface Disinfectant Wipes 80ct,5,08/08/2024 06:00,5.09,CUST-1132,Australia
100730,SKU-SNK-003,Dark Chocolate 70% Bar 100g,7,08-06-2024 07:00,3.38,CUST-1110,Australia
100730,SKU-SNK-001,Artisan Sea Salt Potato Chips 150g,6,2024/03/27,2.77,CUST-1270,Canada
100730,SKU-SNK-003,Dark Chocolate 70% Bar 100g,3,09/16/2024 09:00,3.56,CUST-1453,United Kingdom
100731,SKU-FRZ-001,Frozen Organic Mixed Berries 400g,3,2024-01-02 02:00:00,4.61,CUST-1218,Germany
100731,SKU-HOU-003,Microfiber Cleaning Towels 4-Pack,5,2024/10/15,6.5,CUST-1282,Germany
100731,SKU-PER-001,Antibacterial Hand Soap 300ml,7,2024/08/10,4.07,CUST-1176,France
100732,SKU-PER-002,Moisturizing Face Cleanser 150ml,6,2024/04/18,11.38,CUST-1149,Canada
100732,SKU-FRZ-001,Frozen Organic Mixed Berries 400g,6,2024/04/16,5.28,CUST-1217,United Kingdom
100732,SKU-DRY-001,Basmati Long Grain Rice 5kg,7,30-08-2024 18:00,13.54,CUST-1271,United Kingdom
100733,SKU-BEV-001,Cold Brew Coffee 250ml,5,02/04/2024 00:00,3.61,CUST-1019,France
100733,SKU-DRY-002,Extra Virgin Olive Oil 750ml,4,04/15/2024 23:00,14.61,CUST-1395,United Kingdom
100733,SKU-DRY-001,,4,03-02-2024 07:00,14.76,CUST-1140,United Kingdom
100734,SKU-SNK-002,Roasted Almonds & Cranberry Mix 200g,6,2024-01-04 10:00:00,5.03,CUST-1204,France
100734,SKU-FRZ-001,Frozen Organic Mixed Berries 400g,5,24-08-2024 03:00,4.09,CUST-1314,Canada
100734,SKU-FRZ-001,Frozen Organic Mixed Berries 400g,5,10/02/2024 01:00,4.55,CUST-1153,United States
100735,SKU-HOU-001,Eco-Friendly Dishwashing Liquid 1L,4,14-04-2024 13:00,4.39,CUST-1087,Germany
100735,SKU-HOU-001,Eco-Friendly Dishwashing Liquid 1L,4,05/28/2024 11:00,3.84,CUST-1081,Canada
100735,SKU-PER-001,Antibacterial Hand Soap 300ml,2,2024/09/10,3.98,CUST-1426,Canada
100736,SKU-BEV-002,Organic Green Tea 500ml,3,2024-03-09 07:00:00,2.17,CUST-1406,United Kingdom
100736,SKU-PER-002,Moisturizing Face Cleanser 150ml,8,2024/03/09,9.02,CUST-1329,Australia
100736,SKU-DRY-002,Extra Virgin Olive Oil 750ml,3,2024/10/30,14.86,CUST-1371,France
100737,SKU-SNK-001,Artisan Sea Salt Potato Chips 150g,5,07/27/2024 20:00,2.96,CUST-1288,United Kingdom
100737,SKU-HOU-003,Microfiber Cleaning Towels 4-Pack,4,2024-06-30 08:00:00,6.88,CUST-1303,United States
100737,SKU-PER-002,Moisturizing Face Cleanser 150ml,4,2024-02-02 14:00:00,9.25,CUST-1492,France
100738,SKU-FRZ-001,Frozen Organic Mixed Berries 400g,8,2024/06/28,4.6,CUST-1114,France
100738,SKU-PER-002,Moisturizing Face Cleanser 150ml,4,29-11-2024 00:00,11.12,CUST-1077,United Kingdom
100738,SKU-SNK-003,Dark Chocolate 70% Bar 100g,3,2024-08-26 14:00:00,3.37,CUST-1154,Germany
100739,SKU-BEV-002,Organic Green Tea 500ml,2,2024/10/06,2.8,CUST-1397,United Kingdom
C100739,SKU-HOU-001,Eco-Friendly Dishwashing Liquid 1L,-5,2024/07/25,3.43,CUST-1324,Germany
100739,SKU-DRY-002,Extra Virgin Olive Oil 750ml,3,11/29/2024 22:00,13.84,,Canada
100740,SKU-SNK-003,Dark Chocolate 70% Bar 100g,5,2024-10-01 17:00:00,3.4,CUST-1315,France
100740,SKU-HOU-002,Multi-Surface Disinfectant Wipes 80ct,8,2024/03/12,4.93,,France
100740,SKU-DRY-003,Whole Grain Pasta 500g,5,01-08-2024 09:00,2.32,CUST-1399,Australia
100741,SKU-FRZ-001,Frozen Organic Mixed Berries 400g,6,2024/10/16,5.51,CUST-1450,Germany
100741,SKU-PER-001,Antibacterial Hand Soap 300ml,9,2024-10-05 04:00:00,3.78,CUST-1109,Germany
100741,SKU-HOU-002,Multi-Surface Disinfectant Wipes 80ct,5,2024-05-12 08:00:00,5.15,CUST-1158,United Kingdom
100742,SKU-HOU-003,Microfiber Cleaning Towels 4-Pack,4,02-06-2024 14:00,6.63,,Australia
100742,SKU-SNK-001,Artisan Sea Salt Potato Chips 150g,8,2024-01-08 12:00:00,2.75,CUST-1287,Canada
100742,SKU-DRY-003,Whole Grain Pasta 500g,5,28-04-2024 20:00,2.13,CUST-1135,United States
100743,SKU-DRY-003,Whole Grain Pasta 500g,6,2024/12/23,1.92,CUST-1410,Germany
100743,SKU-BEV-003,Sparkling Mineral Water 1L,9,08/08/2024 00:00,1.58,CUST-1500,Germany
100743,SKU-HOU-003,Microfiber Cleaning Towels 4-Pack,5,2024/07/27,6.41,CUST-1190,United Kingdom
100744,SKU-HOU-003,Microfiber Cleaning Towels 4-Pack,4,04-08-2024 10:00,6.54,CUST-1391,Germany
100744,SKU-DRY-001,Basmati Long Grain Rice 5kg,2,11/03/2024 07:00,12.36,CUST-1276,Australia
100744,SKU-HOU-003,Microfiber Cleaning Towels 4-Pack,2,19-10-2024 18:00,7.28,CUST-1343,United States
100745,SKU-SNK-002,Roasted Almonds & Cranberry Mix 200g,9,12/22/2024 12:00,6.27,CUST-1277,Canada
100745,SKU-BEV-001,Cold Brew Coffee 250ml,6,2024/12/12,3.74,CUST-1215,Canada
100745,SKU-DRY-003,Whole Grain Pasta 500g,4,2024/06/10,2.11,CUST-1033,United Kingdom
100746,SKU-DRY-002,Extra Virgin Olive Oil 750ml,6,2024-04-10 13:00:00,14.57,CUST-1199,United Kingdom
100746,SKU-FRZ-001,Frozen Organic Mixed Berries 400g,5,2024/04/20,5.22,CUST-1301,Canada
100746,SKU-HOU-001,Eco-Friendly Dishwashing Liquid 1L,4,2024-06-06 11:00:00,4.24,CUST-1384,United States
100747,SKU-BEV-003,Sparkling Mineral Water 1L,2,2024-08-17 13:00:00,1.89,CUST-1286,United Kingdom
100747,SKU-DRY-003,Whole Grain Pasta 500g,6,2024/04/07,2.04,CUST-1306,Canada
100747,SKU-HOU-002,Multi-Surface Disinfectant Wipes 80ct,1000,08/20/2024 17:00,4.41,,Canada
100748,SKU-SNK-002,Roasted Almonds & Cranberry Mix 200g,5,2024-12-17 03:00:00,5.66,CUST-1387,Germany
100748,SKU-HOU-003,Microfiber Cleaning Towels 4-Pack,10,2024-02-26 10:00:00,7.25,CUST-1470,Australia
C100748,SKU-HOU-001,Eco-Friendly Dishwashing Liquid 1L,-8,2024-08-23 15:00:00,3.4,CUST-1466,United Kingdom
100749,SKU-SNK-003,Dark Chocolate 70% Bar 100g,6,2024/09/07,3.01,CUST-1252,United States
100749,SKU-HOU-001,Eco-Friendly Dishwashing Liquid 1L,5,01/19/2024 07:00,3.83,,France
100749,SKU-SNK-003,Dark Chocolate 70% Bar 100g,2,2024/03/04,3.55,CUST-1229,Germany
100750,SKU-DRY-003,Whole Grain Pasta 500g,8,2024/11/05,2.15,CUST-1166,France
100750,SKU-FRZ-001,Frozen Organic Mixed Berries 400g,3,11/06/2024 15:00,4.75,CUST-1297,France
100750,SKU-HOU-001,Eco-Friendly Dishwashing Liquid 1L,8,04-11-2024 00:00,4.35,CUST-1000,Germany
100751,SKU-HOU-003,Microfiber Cleaning Towels 4-Pack,5,30-01-2024 11:00,6.94,CUST-1176,Germany
100751,SKU-BEV-003,Sparkling Mineral Water 1L,7,2024-11-26 04:00:00,1.83,CUST-1153,Canada
100751,SKU-BEV-002,Organic Green Tea 500ml,6,2024-03-14 09:00:00,2.47,CUST-1380,Germany
100752,SKU-DRY-003,Whole Grain Pasta 500g,7,11/07/2024 05:00,2.0,CUST-1012,Australia
100752,SKU-DRY-003,Whole Grain Pasta 500g,7,2024/06/25,2.14,CUST-1305,France
100752,SKU-DRY-001,Basmati Long Grain Rice 5kg,3,02/16/2024 04:00,14.09,CUST-1452,Canada
100753,SKU-SNK-003,Dark Chocolate 70% Bar 100g,6,2024-11-15 18:00:00,3.35,CUST-1239,France
100753,SKU-FRZ-001,Frozen Organic Mixed Berries 400g,6,2024-10-30 03:00:00,5.43,CUST-1283,United Kingdom
100753,SKU-HOU-002,Multi-Surface Disinfectant Wipes 80ct,8,2024/01/23,5.61,CUST-1482,United States
100754,SKU-SNK-001,Artisan Sea Salt Potato Chips 150g,4,05-06-2024 20:00,2.9,CUST-1485,Germany
100754,SKU-PER-002,Moisturizing Face Cleanser 150ml,3,2024/01/02,9.06,CUST-1071,United States
100754,SKU-SNK-003,Dark Chocolate 70% Bar 100g,6,2024/06/14,3.57,CUST-1423,Germany
100755,SKU-HOU-002,Multi-Surface Disinfectant Wipes 80ct,8,08/20/2024 13:00,5.19,,Germany
100755,SKU-FRZ-001,Frozen Organic Mixed Berries 400g,5,2024-04-07 17:00:00,4.66,CUST-1409,Australia
100755,SKU-DRY-001,Basmati Long Grain Rice 5kg,6,2024/12/27,11.74,CUST-1062,United States
100756,SKU-BEV-001,Cold Brew Coffee 250ml,5,04-03-2024 12:00,4.5,CUST-1276,Australia
100756,SKU-DRY-002,Extra Virgin Olive Oil 750ml,7,2024/04/18,12.66,CUST-1408,Australia
100756,SKU-DRY-002,,3,24-09-2024 19:00,13.34,CUST-1241,Germany
100757,SKU-BEV-001,Cold Brew Coffee 250ml,6,2024/05/02,3.57,CUST-1335,United States
100757,SKU-DRY-002,Extra Virgin Olive Oil 750ml,4,03-09-2024 08:00,14.06,CUST-1356,Germany
100757,SKU-BEV-003,Sparkling Mineral Water 1L,7,14-11-2024 10:00,1.57,CUST-1129,United States
100758,SKU-HOU-001,,5,2024-09-28 20:00:00,3.71,CUST-1103,Germany
100758,SKU-DRY-002,Extra Virgin Olive Oil 750ml,5,04/06/2024 18:00,14.65,CUST-1442,Canada
100758,SKU-BEV-003,Sparkling Mineral Water 1L,8,06/05/2024 09:00,1.92,CUST-1324,United States
100759,SKU-HOU-001,Eco-Friendly Dishwashing Liquid 1L,2,2024/03/13,4.44,CUST-1037,United States
100759,SKU-DRY-003,Whole Grain Pasta 500g,3,15-04-2024 15:00,1.96,CUST-1294,United Kingdom
100759,SKU-PER-001,Antibacterial Hand Soap 300ml,6,08/20/2024 10:00,4.3,CUST-1415,Canada
100760,SKU-HOU-002,Multi-Surface Disinfectant Wipes 80ct,3,2024-10-29 20:00:00,4.27,CUST-1154,United States
100760,SKU-SNK-002,Roasted Almonds & Cranberry Mix 200g,6,05-05-2024 06:00,5.06,CUST-1040,Australia
100760,SKU-BEV-002,Organic Green Tea 500ml,5,01-05-2024 09:00,2.84,CUST-1473,France
100761,SKU-DRY-002,Extra Virgin Olive Oil 750ml,1,27-04-2024 07:00,13.18,CUST-1236,United Kingdom
100761,SKU-HOU-003,Microfiber Cleaning Towels 4-Pack,4,13-09-2024 22:00,6.32,CUST-1443,United States
100761,SKU-PER-001,Antibacterial Hand Soap 300ml,4,02/02/2024 00:00,3.64,CUST-1214,France
100762,SKU-BEV-001,Cold Brew Coffee 250ml,2,2024-07-14 23:00:00,3.82,CUST-1085,France
100762,SKU-HOU-001,Eco-Friendly Dishwashing Liquid 1L,4,04/04/2024 11:00,4.38,CUST-1304,France
100762,SKU-FRZ-001,Frozen Organic Mixed Berries 400g,6,2024-02-10 00:00:00,4.42,CUST-1419,Germany
100763,SKU-SNK-002,Roasted Almonds & Cranberry Mix 200g,7,01-12-2024 10:00,4.69,CUST-1470,United Kingdom
100763,SKU-SNK-003,Dark Chocolate 70% Bar 100g,3,26-12-2024 02:00,2.95,CUST-1389,Germany
100763,SKU-PER-002,Moisturizing Face Cleanser 150ml,4,2024/10/10,8.74,,Canada
100764,SKU-BEV-003,Sparkling Mineral Water 1L,5,2024/07/24,1.7,CUST-1008,France
100764,SKU-BEV-001,Cold Brew Coffee 250ml,5,22-10-2024 03:00,4.43,CUST-1250,France
100764,SKU-SNK-003,Dark Chocolate 70% Bar 100g,5,2024-06-26 08:00:00,3.43,CUST-1370,United States
100765,SKU-DRY-002,Extra Virgin Olive Oil 750ml,6,05-09-2024 06:00,13.18,CUST-1009,United Kingdom
100765,SKU-PER-002,Moisturizing Face Cleanser 150ml,1,05-05-2024 01:00,10.57,CUST-1422,United Kingdom
100765,SKU-FRZ-001,Frozen Organic Mixed Berries 400g,4,11/24/2024 15:00,5.36,CUST-1216,United Kingdom
C100766,SKU-HOU-002,Multi-Surface Disinfectant Wipes 80ct,-6,20-11-2024 17:00,4.8,,United States
100766,SKU-BEV-002,Organic Green Tea 500ml,7,2024-09-29 21:00:00,2.36,CUST-1484,Australia
100766,SKU-BEV-001,Cold Brew Coffee 250ml,9,2024-07-01 02:00:00,4.17,CUST-1156,Australia
100767,SKU-SNK-003,Dark Chocolate 70% Bar 100g,4,2024-09-11 03:00:00,3.59,CUST-1300,United Kingdom
100767,SKU-HOU-001,Eco-Friendly Dishwashing Liquid 1L,5,2024-08-23 16:00:00,4.16,CUST-1498,France
100767,SKU-BEV-002,Organic Green Tea 500ml,4,2024/08/15,2.49,CUST-1118,Australia
100768,SKU-BEV-003,Sparkling Mineral Water 1L,5,2024/07/08,1.75,CUST-1343,Australia
100768,SKU-FRZ-001,Frozen Organic Mixed Berries 400g,5,10/22/2024 07:00,5.19,CUST-1148,Germany
100768,SKU-PER-002,Moisturizing Face Cleanser 150ml,6,20-09-2024 02:00,9.83,CUST-1354,United States
100769,SKU-DRY-003,Whole Grain Pasta 500g,4,2024-01-29 16:00:00,2.05,CUST-1375,United Kingdom
100769,SKU-DRY-003,Whole Grain Pasta 500g,3,2024-12-24 00:00:00,2.05,CUST-1480,Australia
100769,SKU-DRY-003,Whole Grain Pasta 500g,6,18-11-2024 23:00,2.09,CUST-1321,Australia
100770,SKU-DRY-001,Basmati Long Grain Rice 5kg,7,2024/04/19,11.09,CUST-1000,Australia
100770,SKU-PER-002,Moisturizing Face Cleanser 150ml,2,2024/07/17,9.12,CUST-1372,United States
100770,SKU-SNK-001,Artisan Sea Salt Potato Chips 150g,7,2024/02/03,3.01,CUST-1052,Germany
100771,SKU-PER-001,Antibacterial Hand Soap 300ml,7,2024/05/19,4.11,CUST-1269,Canada
100771,SKU-BEV-002,Organic Green Tea 500ml,6,2024/08/18,2.34,CUST-1187,United Kingdom
100771,SKU-SNK-001,Artisan Sea Salt Potato Chips 150g,4,2024-03-02 00:00:00,2.73,,Germany
100772,SKU-HOU-002,Multi-Surface Disinfectant Wipes 80ct,4,05/26/2024 00:00,4.96,CUST-1253,Canada
100772,SKU-HOU-002,Multi-Surface Disinfectant Wipes 80ct,5,2024/04/19,4.96,CUST-1340,Germany
C100772,SKU-SNK-002,Roasted Almonds & Cranberry Mix 200g,-4,18-08-2024 01:00,5.23,CUST-1368,Australia
100773,SKU-DRY-003,,4,2024/05/22,2.2,CUST-1109,Germany
C100773,SKU-SNK-001,Artisan Sea Salt Potato Chips 150g,-2,2024-02-10 13:00:00,2.74,CUST-1009,France
100773,SKU-DRY-002,Extra Virgin Olive Oil 750ml,7,08-10-2024 18:00,14.01,CUST-1051,Canada
100774,SKU-SNK-003,Dark Chocolate 70% Bar 100g,6,2024/04/15,2.85,CUST-1459,United States
100774,SKU-HOU-001,Eco-Friendly Dishwashing Liquid 1L,7,2024/11/15,3.43,CUST-1377,Germany
100774,SKU-DRY-003,Whole Grain Pasta 500g,5,2024-04-23 07:00:00,2.14,CUST-1111,Canada
100775,SKU-SNK-002,Roasted Almonds & Cranberry Mix 200g,7,2024/07/07,5.58,CUST-1242,Germany
100775,SKU-HOU-002,Multi-Surface Disinfectant Wipes 80ct,6,11-07-2024 09:00,4.48,CUST-1274,Canada
100775,SKU-BEV-002,Organic Green Tea 500ml,4,2024/06/15,2.39,CUST-1056,United States
100776,SKU-DRY-001,Basmati Long Grain Rice 5kg,5,2024-09-16 20:00:00,13.4,,Germany
100776,SKU-HOU-002,Multi-Surface Disinfectant Wipes 80ct,3,2024-03-04 03:00:00,5.45,CUST-1193,France
100776,SKU-FRZ-001,Frozen Organic Mixed Berries 400g,2,2024/07/26,5.19,CUST-1040,United Kingdom
100777,SKU-DRY-003,Whole Grain Pasta 500g,6,2024-03-11 18:00:00,2.23,CUST-1471,France
100777,SKU-SNK-003,Dark Chocolate 70% Bar 100g,4,2024/03/20,3.1,CUST-1293,United States
100777,SKU-FRZ-001,Frozen Organic Mixed Berries 400g,8,2024/09/20,4.79,CUST-1134,Germany
100778,SKU-DRY-001,Basmati Long Grain Rice 5kg,9,04-07-2024 12:00,11.64,CUST-1404,France
100778,SKU-SNK-001,Artisan Sea Salt Potato Chips 150g,8,2024/05/26,3.06,,United Kingdom
100778,SKU-HOU-001,,7,2024/06/05,3.64,CUST-1036,Canada
100779,SKU-BEV-003,Sparkling Mineral Water 1L,1,2024/10/18,1.9,CUST-1203,France
100779,SKU-BEV-002,Organic Green Tea 500ml,4,2024/01/19,2.7,,United States
100779,SKU-DRY-002,Extra Virgin Olive Oil 750ml,3,2024/07/17,14.77,CUST-1302,Germany
100780,SKU-DRY-002,Extra Virgin Olive Oil 750ml,7,01/09/2024 06:00,16.62,CUST-1385,Canada
100780,SKU-HOU-002,Multi-Surface Disinfectant Wipes 80ct,7,2024/05/31,5.13,CUST-1227,United States
100780,SKU-BEV-002,Organic Green Tea 500ml,8,2024-10-28 23:00:00,2.74,,Germany
100781,SKU-BEV-002,Organic Green Tea 500ml,3,31-08-2024 11:00,2.33,CUST-1339,Canada
100781,SKU-FRZ-001,Frozen Organic Mixed Berries 400g,8,21-08-2024 18:00,5.49,CUST-1372,United Kingdom
100781,SKU-FRZ-001,Frozen Organic Mixed Berries 400g,2,07-02-2024 19:00,4.91,CUST-1368,United States
100782,SKU-PER-001,Antibacterial Hand Soap 300ml,4,2024/11/22,3.89,CUST-1467,Australia
100782,SKU-HOU-001,Eco-Friendly Dishwashing Liquid 1L,4,04/13/2024 22:00,4.27,CUST-1338,Australia
100782,SKU-DRY-002,Extra Virgin Olive Oil 750ml,3,2024/09/21,12.67,CUST-1405,Canada
100783,SKU-DRY-001,Basmati Long Grain Rice 5kg,3,2024-10-27 14:00:00,13.22,CUST-1236,United States
100783,SKU-BEV-002,Organic Green Tea 500ml,2,09/22/2024 06:00,2.72,CUST-1384,Germany
100783,SKU-HOU-003,Microfiber Cleaning Towels 4-Pack,4,2024-11-01 17:00:00,7.43,,Australia
100784,SKU-SNK-002,Roasted Almonds & Cranberry Mix 200g,8,2024/03/31,5.86,CUST-1494,Germany
C100784,SKU-HOU-003,Microfiber Cleaning Towels 4-Pack,-8,07-02-2024 09:00,6.28,CUST-1490,United States
100784,SKU-HOU-001,Eco-Friendly Dishwashing Liquid 1L,3,2024-02-07 19:00:00,3.79,CUST-1403,France
100785,SKU-DRY-003,Whole Grain Pasta 500g,1,02/25/2024 21:00,1.86,CUST-1391,Germany
100785,SKU-DRY-001,Basmati Long Grain Rice 5kg,4,2024/02/04,14.67,CUST-1063,Canada
100785,SKU-SNK-001,Artisan Sea Salt Potato Chips 150g,7,08-10-2024 17:00,2.6,CUST-1271,United Kingdom
100786,SKU-SNK-001,Artisan Sea Salt Potato Chips 150g,10,2024/02/25,2.89,CUST-1424,United Kingdom
100786,SKU-HOU-002,Multi-Surface Disinfectant Wipes 80ct,3,2024/03/20,4.52,,Canada
100786,SKU-HOU-003,Microfiber Cleaning Towels 4-Pack,3,06/15/2024 10:00,5.66,CUST-1175,Australia
100787,SKU-FRZ-001,Frozen Organic Mixed Berries 400g,5,2024/10/01,5.35,CUST-1319,United Kingdom
100787,SKU-SNK-003,Dark Chocolate 70% Bar 100g,5,2024/05/06,3.47,CUST-1382,France
100787,SKU-DRY-001,Basmati Long Grain Rice 5kg,3,2024-12-12 07:00:00,11.33,,Australia
100788,SKU-BEV-001,Cold Brew Coffee 250ml,7,2024/08/06,3.77,CUST-1028,Canada
100788,SKU-BEV-003,Sparkling Mineral Water 1L,5,2024/11/24,2.02,,Canada
100788,SKU-DRY-002,Extra Virgin Olive Oil 750ml,3,2024-04-24 21:00:00,16.53,CUST-1165,United States
100789,SKU-BEV-001,Cold Brew Coffee 250ml,7,29-04-2024 14:00,4.07,CUST-1496,Australia
100789,SKU-HOU-003,Microfiber Cleaning Towels 4-Pack,4,2024/09/02,6.2,CUST-1368,France
100789,SKU-BEV-002,Organic Green Tea 500ml,4,11/23/2024 07:00,2.46,CUST-1181,France
100790,SKU-DRY-001,,4,2024-03-12 01:00:00,12.18,,United States
100790,SKU-SNK-001,Artisan Sea Salt Potato Chips 150g,6,01/22/2024 21:00,2.77,CUST-1492,United Kingdom
100790,  SKU-BEV-001  ,Cold Brew Coffee 250ml,3,11/18/2024 00:00,3.67,CUST-1278,United Kingdom
100791,SKU-BEV-003,Sparkling Mineral Water 1L,7,2024-01-05 11:00:00,1.82,CUST-1035,France
100791,SKU-PER-001,Antibacterial Hand Soap 300ml,4,10/20/2024 11:00,3.81,CUST-1350,United States
100791,SKU-FRZ-001,Frozen Organic Mixed Berries 400g,4,2024-02-25 03:00:00,5.06,CUST-1449,France
100792,SKU-SNK-001,Artisan Sea Salt Potato Chips 150g,2,2024-10-12 14:00:00,2.76,CUST-1001,United Kingdom
100792,SKU-PER-002,Moisturizing Face Cleanser 150ml,5,07-04-2024 04:00,10.91,CUST-1072,Australia
100792,SKU-PER-001,Antibacterial Hand Soap 300ml,8,2024/03/17,4.15,CUST-1285,France
100793,SKU-SNK-001,Artisan Sea Salt Potato Chips 150g,5,2024-05-20 20:00:00,2.77,CUST-1135,United States
100793,SKU-DRY-003,Whole Grain Pasta 500g,2,15-07-2024 04:00,1.88,CUST-1153,Canada
100793,SKU-BEV-003,Sparkling Mineral Water 1L,2,2024-12-18 01:00:00,0.0,CUST-1334,Canada
100794,SKU-HOU-001,Eco-Friendly Dishwashing Liquid 1L,3,2024-10-10 18:00:00,3.45,CUST-1357,United Kingdom
100794,SKU-HOU-002,Multi-Surface Disinfectant Wipes 80ct,5,02-02-2024 18:00,5.71,CUST-1471,United States
100794,SKU-HOU-003,Microfiber Cleaning Towels 4-Pack,9,2024/07/27,6.19,CUST-1395,United States
100795,SKU-HOU-002,Multi-Surface Disinfectant Wipes 80ct,4,18-04-2024 15:00,5.49,CUST-1090,United Kingdom
100795,SKU-DRY-002,,5,2024-07-07 15:00:00,16.28,CUST-1259,Australia
100795,SKU-HOU-003,Microfiber Cleaning Towels 4-Pack,4,2024-10-21 18:00:00,6.13,CUST-1112,France
100796,SKU-HOU-001,Eco-Friendly Dishwashing Liquid 1L,5,20-07-2024 09:00,3.69,CUST-1227,Australia
100796,SKU-BEV-002,Organic Green Tea 500ml,3,03/14/2024 00:00,2.71,CUST-1239,United Kingdom
100796,SKU-SNK-002,Roasted Almonds & Cranberry Mix 200g,5,2024-08-09 23:00:00,5.57,CUST-1292,United States
100797,SKU-BEV-002,Organic Green Tea 500ml,4,08/25/2024 23:00,2.27,CUST-1003,United Kingdom
100797,SKU-DRY-001,Basmati Long Grain Rice 5kg,8,02/18/2024 00:00,14.5,,Canada
100797,SKU-FRZ-001,Frozen Organic Mixed Berries 400g,4,2024-03-13 05:00:00,4.89,CUST-1432,Canada
100798,SKU-FRZ-001,Frozen Organic Mixed Berries 400g,6,2024/08/12,5.3,CUST-1276,France
100798,SKU-HOU-003,Microfiber Cleaning Towels 4-Pack,4,09-04-2024 08:00,6.62,CUST-1279,Germany
100798,SKU-PER-001,Antibacterial Hand Soap 300ml,1,2024/11/15,4.77,CUST-1254,Australia
100799,SKU-PER-001,Antibacterial Hand Soap 300ml,7,21-07-2024 21:00,4.43,CUST-1435,Canada
100799,SKU-FRZ-001,Frozen Organic Mixed Berries 400g,8,2024/04/26,5.4,CUST-1425,Australia
100799,SKU-DRY-001,Basmati Long Grain Rice 5kg,6,22-01-2024 03:00,14.63,CUST-1320,Australia
100800,SKU-DRY-002,Extra Virgin Olive Oil 750ml,5,19-10-2024 23:00,14.53,CUST-1340,Australia
100800,SKU-DRY-002,Extra Virgin Olive Oil 750ml,2,25-12-2024 06:00,13.66,CUST-1029,France
100800,SKU-HOU-002,Multi-Surface Disinfectant Wipes 80ct,9,2024/11/14,5.62,CUST-1328,Canada
100801,SKU-SNK-001,Artisan Sea Salt Potato Chips 150g,5,09/21/2024 19:00,3.18,CUST-1209,Australia
100801,SKU-DRY-003,Whole Grain Pasta 500g,1,2024-08-15 08:00:00,2.36,CUST-1201,United Kingdom
100801,SKU-SNK-003,Dark Chocolate 70% Bar 100g,4,2024-08-13 23:00:00,3.06,CUST-1125,Canada
100802,SKU-DRY-001,Basmati Long Grain Rice 5kg,4,2024-08-13 02:00:00,12.27,CUST-1467,United States
100802,SKU-BEV-002,Organic Green Tea 500ml,4,17-11-2024 00:00,2.35,CUST-1409,Canada
100802,SKU-BEV-003,Sparkling Mineral Water 1L,4,03/14/2024 13:00,2.04,CUST-1007,Germany
100803,SKU-HOU-001,Eco-Friendly Dishwashing Liquid 1L,4,2024-10-03 15:00:00,3.48,CUST-1323,Canada
100803,SKU-DRY-001,Basmati Long Grain Rice 5kg,6,08/28/2024 18:00,12.49,CUST-1026,Canada
100803,SKU-SNK-003,Dark Chocolate 70% Bar 100g,10,2024-10-19 15:00:00,3.33,CUST-1118,Canada
100804,SKU-SNK-001,Artisan Sea Salt Potato Chips 150g,5,12-02-2024 03:00,2.57,CUST-1289,France
100804,SKU-HOU-003,Microfiber Cleaning Towels 4-Pack,2,2024/04/07,5.88,CUST-1191,France
100804,SKU-BEV-002,Organic Green Tea 500ml,2,2024-11-08 14:00:00,2.46,CUST-1055,United States
100805,SKU-HOU-003,Microfiber Cleaning Towels 4-Pack,4,22-05-2024 12:00,6.38,CUST-1093,Australia
100805,SKU-PER-002,Moisturizing Face Cleanser 150ml,3,06/11/2024 05:00,11.01,CUST-1400,United Kingdom
C100805,SKU-HOU-003,Microfiber Cleaning Towels 4-Pack,-4,08/18/2024 04:00,5.86,CUST-1064,Australia
100806,SKU-DRY-002,Extra Virgin Olive Oil 750ml,2,30-10-2024 10:00,13.7,CUST-1274,United Kingdom
100806,SKU-FRZ-001,Frozen Organic Mixed Berries 400g,6,2024-04-09 04:00:00,5.07,CUST-1491,United Kingdom
100806,SKU-PER-001,Antibacterial Hand Soap 300ml,5,06-02-2024 04:00,4.08,CUST-1251,Australia
100807,SKU-HOU-001,Eco-Friendly Dishwashing Liquid 1L,11,2024/01/14,3.82,CUST-1175,Canada
100807,SKU-DRY-003,Whole Grain Pasta 500g,5,13-11-2024 23:00,2.21,CUST-1310,Germany
100807,SKU-DRY-002,Extra Virgin Olive Oil 750ml,4,2024/02/06,14.56,CUST-1156,Australia
100808,SKU-PER-001,,6,04/03/2024 01:00,3.7,CUST-1013,United Kingdom
100808,SKU-BEV-002,Organic Green Tea 500ml,3,2024/12/18,2.65,CUST-1353,France
100808,SKU-SNK-002,Roasted Almonds & Cranberry Mix 200g,4,18-11-2024 04:00,5.63,CUST-1390,United Kingdom
100809,SKU-SNK-003,Dark Chocolate 70% Bar 100g,5,11-06-2024 15:00,3.62,CUST-1500,France
C100809,SKU-BEV-001,Cold Brew Coffee 250ml,-3,2024/12/22,3.96,CUST-1248,United States
100809,SKU-BEV-001,Cold Brew Coffee 250ml,2,2024/11/23,3.46,CUST-1217,Australia
100810,SKU-DRY-002,Extra Virgin Olive Oil 750ml,6,2024/09/15,13.6,CUST-1046,Australia
100810,SKU-BEV-001,Cold Brew Coffee 250ml,7,2024-11-16 03:00:00,4.27,CUST-1076,Germany
100810,SKU-BEV-003,Sparkling Mineral Water 1L,8,06/05/2024 18:00,1.88,CUST-1319,Canada
100811,SKU-DRY-002,Extra Virgin Olive Oil 750ml,3,08/15/2024 20:00,14.91,CUST-1425,Germany
100811,SKU-PER-002,Moisturizing Face Cleanser 150ml,6,06/25/2024 01:00,9.34,CUST-1020,France
100811,SKU-BEV-002,Organic Green Tea 500ml,6,05/08/2024 02:00,2.57,CUST-1384,Australia
100812,SKU-PER-002,Moisturizing Face Cleanser 150ml,8,2024/11/01,11.19,CUST-1175,United States
100812,SKU-DRY-002,Extra Virgin Olive Oil 750ml,6,2024-07-24 14:00:00,15.0,CUST-1301,Australia
100812,SKU-HOU-003,Microfiber Cleaning Towels 4-Pack,5,2024/08/18,6.84,,Australia
100813,SKU-BEV-003,Sparkling Mineral Water 1L,8,25-06-2024 10:00,2.04,CUST-1046,United States
100813,SKU-DRY-003,Whole Grain Pasta 500g,10,2024-09-10 21:00:00,2.31,CUST-1372,United Kingdom
100813,SKU-BEV-002,Organic Green Tea 500ml,4,14-06-2024 17:00,2.49,CUST-1355,Germany
100814,SKU-HOU-003,Microfiber Cleaning Towels 4-Pack,6,2024-12-29 02:00:00,5.83,CUST-1315,Canada
100814,SKU-BEV-003,Sparkling Mineral Water 1L,4,06-01-2024 21:00,1.97,CUST-1247,Australia
100814,SKU-HOU-001,Eco-Friendly Dishwashing Liquid 1L,2,2024-04-06 04:00:00,3.86,CUST-1228,United States
100815,SKU-PER-001,Antibacterial Hand Soap 300ml,6,2024/06/18,4.31,CUST-1092,Canada
100815,SKU-BEV-003,Sparkling Mineral Water 1L,4,06-12-2024 16:00,1.71,CUST-1228,Canada
100815,SKU-DRY-003,Whole Grain Pasta 500g,5,2024/12/19,2.16,CUST-1132,Germany
100816,SKU-SNK-001,Artisan Sea Salt Potato Chips 150g,7,2024-07-08 12:00:00,3.43,CUST-1109,United States
100816,SKU-PER-001,Antibacterial Hand Soap 300ml,4,10/23/2024 22:00,4.88,CUST-1458,Australia
100816,SKU-BEV-003,Sparkling Mineral Water 1L,5,09-07-2024 07:00,1.65,CUST-1471,Germany
100817,SKU-HOU-002,Multi-Surface Disinfectant Wipes 80ct,9,10/01/2024 11:00,4.6,CUST-1014,Germany
100817,SKU-DRY-003,Whole Grain Pasta 500g,7,21-01-2024 15:00,1.88,CUST-1123,United Kingdom
100817,SKU-PER-002,Moisturizing Face Cleanser 150ml,3,2024/04/30,10.44,CUST-1214,United States
100818,SKU-BEV-002,Organic Green Tea 500ml,4,2024-03-29 18:00:00,2.48,CUST-1388,Canada
100818,SKU-SNK-003,Dark Chocolate 70% Bar 100g,7,22-07-2024 23:00,3.3,CUST-1426,Australia
100818,SKU-BEV-003,Sparkling Mineral Water 1L,2,12/22/2024 12:00,1.61,CUST-1299,Germany
100819,SKU-PER-001,Antibacterial Hand Soap 300ml,3,2024/07/05,4.28,CUST-1354,Germany
100819,SKU-BEV-001,Cold Brew Coffee 250ml,5,08/12/2024 03:00,3.66,CUST-1443,United States
100819,SKU-HOU-002,Multi-Surface Disinfectant Wipes 80ct,1,04/24/2024 09:00,4.55,CUST-1150,Canada
100820,SKU-HOU-001,Eco-Friendly Dishwashing Liquid 1L,3,2024/11/24,4.13,CUST-1236,United States
100820,SKU-BEV-003,Sparkling Mineral Water 1L,5,2024/01/05,1.67,,Australia
100820,SKU-SNK-001,Artisan Sea Salt Potato Chips 150g,8,30-06-2024 13:00,3.42,CUST-1456,United Kingdom
100821,SKU-BEV-003,Sparkling Mineral Water 1L,4,2024/11/05,1.55,CUST-1299,United States
100821,SKU-HOU-002,Multi-Surface Disinfectant Wipes 80ct,4,11/11/2024 14:00,4.43,CUST-1472,Germany
100821,SKU-HOU-002,Multi-Surface Disinfectant Wipes 80ct,4,2024-06-22 18:00:00,4.74,CUST-1371,France
100822,SKU-PER-001,Antibacterial Hand Soap 300ml,7,2024/11/03,3.75,CUST-1035,Australia
100822,SKU-HOU-002,,6,2024/07/13,5.03,CUST-1311,Germany
100822,SKU-FRZ-001,Frozen Organic Mixed Berries 400g,5,2024/06/29,4.34,CUST-1083,Australia
C100823,SKU-DRY-003,Whole Grain Pasta 500g,-3,2024/11/13,2.14,CUST-1160,Australia
100823,SKU-SNK-002,Roasted Almonds & Cranberry Mix 200g,6,2024/04/18,4.71,,France
100823,SKU-HOU-003,Microfiber Cleaning Towels 4-Pack,7,2024-06-16 05:00:00,7.37,CUST-1278,Germany
100824,SKU-PER-001,Antibacterial Hand Soap 300ml,3,06-02-2024 09:00,4.89,CUST-1187,United Kingdom
100824,SKU-HOU-003,Microfiber Cleaning Towels 4-Pack,5,14-05-2024 23:00,6.76,CUST-1036,Canada
100824,SKU-DRY-001,Basmati Long Grain Rice 5kg,3,2024/09/08,14.54,CUST-1313,Germany
100825,SKU-SNK-003,Dark Chocolate 70% Bar 100g,4,08/09/2024 07:00,3.35,CUST-1186,Germany
100825,SKU-DRY-003,Whole Grain Pasta 500g,7,02-06-2024 02:00,1.95,CUST-1477,Canada
100825,SKU-HOU-002,Multi-Surface Disinfectant Wipes 80ct,4,12/27/2024 12:00,5.21,CUST-1094,Germany
100826,SKU-HOU-001,Eco-Friendly Dishwashing Liquid 1L,2,20-07-2024 23:00,3.35,CUST-1391,Germany
100826,SKU-BEV-001,Cold Brew Coffee 250ml,4,12/16/2024 03:00,4.38,CUST-1479,United Kingdom
100826,SKU-SNK-002,Roasted Almonds & Cranberry Mix 200g,8,2024-07-14 01:00:00,5.0,CUST-1406,Australia
100827,SKU-BEV-003,Sparkling Mineral Water 1L,7,2024-03-01 10:00:00,1.61,CUST-1362,Canada
100827,SKU-SNK-002,Roasted Almonds & Cranberry Mix 200g,2,03/01/2024 10:00,6.16,CUST-1460,United States
100827,SKU-SNK-002,Roasted Almonds & Cranberry Mix 200g,4,08-06-2024 05:00,5.45,CUST-1221,Canada
100828,SKU-DRY-001,Basmati Long Grain Rice 5kg,8,02/29/2024 12:00,11.54,CUST-1317,France
100828,SKU-DRY-003,Whole Grain Pasta 500g,5,02/27/2024 01:00,2.43,CUST-1308,Australia
100828,SKU-HOU-001,Eco-Friendly Dishwashing Liquid 1L,4,2024/02/17,3.73,CUST-1294,United States
100829,SKU-BEV-002,Organic Green Tea 500ml,1,05/28/2024 02:00,2.66,CUST-1119,France
100829,SKU-BEV-001,Cold Brew Coffee 250ml,7,2024-07-24 01:00:00,4.42,CUST-1316,Australia
100829,SKU-DRY-002,Extra Virgin Olive Oil 750ml,5,2024-07-17 08:00:00,12.81,,United Kingdom
100830,SKU-HOU-002,Multi-Surface Disinfectant Wipes 80ct,7,28-06-2024 21:00,4.36,CUST-1029,Canada
100830,SKU-HOU-002,Multi-Surface Disinfectant Wipes 80ct,7,14-04-2024 18:00,4.47,CUST-1060,United Kingdom
100830,SKU-PER-002,Moisturizing Face Cleanser 150ml,3,2024-12-09 22:00:00,10.5,CUST-1353,United States
100831,SKU-HOU-002,Multi-Surface Disinfectant Wipes 80ct,6,09/15/2024 19:00,4.93,CUST-1467,Canada
100831,SKU-PER-001,Antibacterial Hand Soap 300ml,5,06/16/2024 15:00,4.49,CUST-1162,United States
100831,SKU-PER-001,Antibacterial Hand Soap 300ml,7,2024-12-04 05:00:00,4.15,CUST-1015,Canada
100832,SKU-DRY-003,Whole Grain Pasta 500g,5,01-12-2024 03:00,2.32,CUST-1124,Australia
100832,SKU-HOU-003,Microfiber Cleaning Towels 4-Pack,5,12/02/2024 11:00,6.16,CUST-1281,France
100832,SKU-SNK-003,Dark Chocolate 70% Bar 100g,3,03/17/2024 20:00,3.37,CUST-1159,United Kingdom
100833,SKU-SNK-001,Artisan Sea Salt Potato Chips 150g,6,2024/10/19,3.03,CUST-1325,United Kingdom
100833,SKU-BEV-001,Cold Brew Coffee 250ml,6,06/25/2024 04:00,4.01,CUST-1220,France
100833,SKU-DRY-001,Basmati Long Grain Rice 5kg,4,2024/06/06,12.6,CUST-1294,Canada
C100834,SKU-SNK-002,Roasted Almonds & Cranberry Mix 200g,-5,01-09-2024 15:00,5.9,CUST-1091,France
100834,SKU-SNK-001,Artisan Sea Salt Potato Chips 150g,6,2024-09-15 21:00:00,2.65,CUST-1449,United States
100834,SKU-BEV-003,Sparkling Mineral Water 1L,7,2024-09-29 20:00:00,1.9,CUST-1089,Australia
100835,SKU-DRY-001,Basmati Long Grain Rice 5kg,6,11-12-2024 19:00,14.83,CUST-1136,United Kingdom
100835,SKU-HOU-002,Multi-Surface Disinfectant Wipes 80ct,8,05-07-2024 03:00,5.09,,United States
100835,SKU-BEV-002,Organic Green Tea 500ml,6,10/09/2024 09:00,2.83,CUST-1464,United Kingdom
100836,SKU-PER-002,Moisturizing Face Cleanser 150ml,3,10/30/2024 19:00,10.1,CUST-1166,France
C100836,SKU-HOU-002,Multi-Surface Disinfectant Wipes 80ct,-8,12-05-2024 05:00,5.1,CUST-1278,United Kingdom
100836,SKU-HOU-001,Eco-Friendly Dishwashing Liquid 1L,2,2024-06-26 05:00:00,4.04,CUST-1242,United States
100837,SKU-DRY-001,Basmati Long Grain Rice 5kg,6,2024/04/27,13.62,CUST-1092,Germany
100837,SKU-PER-001,Antibacterial Hand Soap 300ml,7,2024/09/21,4.68,CUST-1356,Germany
100837,SKU-BEV-003,Sparkling Mineral Water 1L,5,20-11-2024 00:00,1.53,CUST-1454,United States
100838,SKU-DRY-002,Extra Virgin Olive Oil 750ml,5,19-05-2024 17:00,15.73,CUST-1160,Canada
100838,SKU-DRY-003,Whole Grain Pasta 500g,5,06/04/2024 14:00,2.2,CUST-1436,United States
100838,SKU-DRY-002,Extra Virgin Olive Oil 750ml,1,03/11/2024 14:00,15.09,,United States
100839,SKU-HOU-003,Microfiber Cleaning Towels 4-Pack,7,24-07-2024 23:00,6.09,CUST-1409,France
100839,SKU-BEV-003,Sparkling Mineral Water 1L,4,05/17/2024 21:00,1.96,CUST-1293,United States
100839,SKU-BEV-001,Cold Brew Coffee 250ml,4,2024/04/04,4.15,CUST-1174,United Kingdom
100840,SKU-HOU-001,Eco-Friendly Dishwashing Liquid 1L,6,2024/02/14,3.92,CUST-1001,Australia
100840,SKU-DRY-001,Basmati Long Grain Rice 5kg,6,2024-03-22 09:00:00,12.03,CUST-1298,United Kingdom
100840,SKU-PER-001,Antibacterial Hand Soap 300ml,4,08-11-2024 07:00,4.59,CUST-1416,Australia
100841,SKU-HOU-003,Microfiber Cleaning Towels 4-Pack,3,08/17/2024 16:00,6.83,CUST-1372,United States
100841,SKU-DRY-003,Whole Grain Pasta 500g,4,03/23/2024 14:00,2.47,CUST-1284,Australia
100841,SKU-HOU-002,Multi-Surface Disinfectant Wipes 80ct,4,2024/04/23,4.33,CUST-1075,Germany
100842,SKU-HOU-003,Microfiber Cleaning Towels 4-Pack,5,05/18/2024 18:00,6.23,CUST-1342,United States
100842,SKU-BEV-001,Cold Brew Coffee 250ml,2,01/10/2024 11:00,3.4,CUST-1228,United Kingdom
100842,SKU-HOU-002,Multi-Surface Disinfectant Wipes 80ct,7,2024/02/11,4.89,CUST-1255,France
100843,SKU-FRZ-001,Frozen Organic Mixed Berries 400g,7,12/17/2024 11:00,4.29,CUST-1276,Canada
100843,SKU-BEV-003,Sparkling Mineral Water 1L,6,06-10-2024 18:00,1.68,CUST-1226,Canada
100843,SKU-PER-002,Moisturizing Face Cleanser 150ml,6,2024-07-07 12:00:00,10.0,CUST-1295,United States
100844,SKU-SNK-003,Dark Chocolate 70% Bar 100g,4,03/31/2024 08:00,2.97,,France
100844,SKU-FRZ-001,Frozen Organic Mixed Berries 400g,2,23-06-2024 13:00,5.44,CUST-1388,Canada
100844,SKU-HOU-003,Microfiber Cleaning Towels 4-Pack,1,2024-06-25 01:00:00,5.69,CUST-1238,Canada
100845,SKU-BEV-003,Sparkling Mineral Water 1L,4,08/21/2024 21:00,1.84,CUST-1429,Canada
100845,SKU-HOU-002,Multi-Surface Disinfectant Wipes 80ct,2,10/05/2024 15:00,4.59,CUST-1181,United Kingdom
100845,SKU-HOU-002,Multi-Surface Disinfectant Wipes 80ct,5,12/20/2024 17:00,5.49,CUST-1172,United Kingdom
100846,SKU-SNK-001,Artisan Sea Salt Potato Chips 150g,2,2024/06/05,3.18,CUST-1072,Germany
C100846,SKU-BEV-001,Cold Brew Coffee 250ml,-5,2024/05/19,3.67,CUST-1275,Australia
100846,SKU-SNK-002,Roasted Almonds & Cranberry Mix 200g,6,2024/09/07,4.88,CUST-1006,United Kingdom
100847,SKU-PER-001,Antibacterial Hand Soap 300ml,8,23-12-2024 13:00,3.76,CUST-1008,France
100847,SKU-SNK-002,Roasted Almonds & Cranberry Mix 200g,8,09-09-2024 06:00,5.8,CUST-1405,Australia
100847,SKU-DRY-001,Basmati Long Grain Rice 5kg,5,2024-07-16 12:00:00,13.49,CUST-1308,Australia
100848,SKU-SNK-001,Artisan Sea Salt Potato Chips 150g,4,06/28/2024 14:00,3.11,CUST-1466,France
100848,SKU-HOU-003,Microfiber Cleaning Towels 4-Pack,4,05/28/2024 14:00,5.99,CUST-1422,Germany
100848,SKU-HOU-002,Multi-Surface Disinfectant Wipes 80ct,6,2024-02-25 02:00:00,4.89,CUST-1326,United States
100849,SKU-DRY-002,Extra Virgin Olive Oil 750ml,8,01-06-2024 08:00,16.11,CUST-1126,Australia
100849,SKU-PER-001,Antibacterial Hand Soap 300ml,3,2024-03-01 18:00:00,4.01,CUST-1166,Canada
100849,SKU-PER-002,Moisturizing Face Cleanser 150ml,6,28-10-2024 13:00,9.73,CUST-1305,United Kingdom
100850,SKU-SNK-003,Dark Chocolate 70% Bar 100g,8,06-08-2024 17:00,3.45,,United States
100850,SKU-HOU-001,Eco-Friendly Dishwashing Liquid 1L,5,2024-03-03 03:00:00,4.41,CUST-1349,United Kingdom
100850,SKU-DRY-001,Basmati Long Grain Rice 5kg,3,11/10/2024 20:00,11.7,CUST-1137,Australia
100851,SKU-DRY-001,Basmati Long Grain Rice 5kg,6,2024-09-24 05:00:00,11.17,CUST-1368,United States
100851,SKU-SNK-001,Artisan Sea Salt Potato Chips 150g,6,2024/04/15,2.94,CUST-1101,Australia
100851,SKU-SNK-003,Dark Chocolate 70% Bar 100g,4,2024-07-09 17:00:00,2.85,CUST-1253,Canada
C100852,SKU-HOU-002,Multi-Surface Disinfectant Wipes 80ct,-9,2024-09-06 16:00:00,4.98,CUST-1294,Germany
100852,SKU-HOU-002,Multi-Surface Disinfectant Wipes 80ct,3,05/25/2024 16:00,5.56,CUST-1166,Australia
100852,SKU-SNK-003,Dark Chocolate 70% Bar 100g,5,2024/09/22,3.34,CUST-1230,Australia
100853,SKU-HOU-002,Multi-Surface Disinfectant Wipes 80ct,5,12/09/2024 00:00,5.46,CUST-1163,Australia
100853,SKU-BEV-003,Sparkling Mineral Water 1L,7,2024-08-08 18:00:00,1.98,CUST-1201,France
100853,SKU-FRZ-001,Frozen Organic Mixed Berries 400g,5,31-05-2024 18:00,4.43,CUST-1095,France
100854,SKU-BEV-001,Cold Brew Coffee 250ml,2,2024/06/09,3.45,CUST-1195,Germany
100854,SKU-BEV-001,Cold Brew Coffee 250ml,3,2024/05/24,3.94,CUST-1451,United States
100854,SKU-BEV-002,Organic Green Tea 500ml,7,2024-08-18 18:00:00,2.55,CUST-1282,France
100855,SKU-FRZ-001,Frozen Organic Mixed Berries 400g,6,2024-02-17 21:00:00,4.25,CUST-1067,Canada
100855,SKU-PER-002,Moisturizing Face Cleanser 150ml,9,2024-09-30 19:00:00,9.43,,Canada
100855,SKU-DRY-003,Whole Grain Pasta 500g,5,2024-01-08 21:00:00,1.91,CUST-1048,United States
100856,SKU-DRY-003,Whole Grain Pasta 500g,5,2024/02/07,1.92,CUST-1097,France
100856,SKU-SNK-003,Dark Chocolate 70% Bar 100g,5,25-01-2024 16:00,3.46,CUST-1295,Canada
100856,SKU-DRY-001,Basmati Long Grain Rice 5kg,4,2024-12-02 04:00:00,13.54,CUST-1362,Australia
100857,SKU-HOU-002,Multi-Surface Disinfectant Wipes 80ct,4,2024-09-06 14:00:00,4.39,CUST-1106,United States
100857,SKU-SNK-002,Roasted Almonds & Cranberry Mix 200g,8,08/28/2024 23:00,6.1,,United Kingdom
100857,SKU-PER-002,Moisturizing Face Cleanser 150ml,4,2024/02/19,9.54,CUST-1198,United States
100858,SKU-FRZ-001,Frozen Organic Mixed Berries 400g,4,2024/05/03,5.11,CUST-1303,Germany
100858,SKU-DRY-001,Basmati Long Grain Rice 5kg,7,2024/08/05,11.5,,United States
100858,SKU-BEV-003,Sparkling Mineral Water 1L,4,06/06/2024 00:00,1.71,CUST-1368,United States
100859,SKU-BEV-003,Sparkling Mineral Water 1L,4,2024-05-30 23:00:00,1.7,CUST-1309,United States
100859,SKU-FRZ-001,Frozen Organic Mixed Berries 400g,3,2024-09-21 03:00:00,4.86,CUST-1045,United States
100859,SKU-HOU-002,Multi-Surface Disinfectant Wipes 80ct,6,2024-10-15 05:00:00,4.65,CUST-1006,France
100860,SKU-DRY-001,Basmati Long Grain Rice 5kg,6,2024-01-30 00:00:00,11.44,CUST-1139,Germany
100860,SKU-PER-001,Antibacterial Hand Soap 300ml,7,2024-08-28 13:00:00,4.48,CUST-1256,United Kingdom
100860,SKU-DRY-002,Extra Virgin Olive Oil 750ml,4,28-06-2024 01:00,13.28,CUST-1292,Canada
100861,SKU-PER-001,Antibacterial Hand Soap 300ml,7,2024-07-06 04:00:00,4.45,CUST-1333,Canada
100861,SKU-HOU-003,Microfiber Cleaning Towels 4-Pack,3,10-05-2024 01:00,6.7,CUST-1049,Germany
100861,SKU-DRY-003,Whole Grain Pasta 500g,5,2024-09-30 15:00:00,2.33,CUST-1068,France
100862,SKU-PER-001,Antibacterial Hand Soap 300ml,10,2024/10/31,4.11,CUST-1393,Australia
100862,SKU-SNK-002,Roasted Almonds & Cranberry Mix 200g,5,2024/09/30,5.32,CUST-1420,United States
100862,SKU-FRZ-001,Frozen Organic Mixed Berries 400g,5,2024/09/05,5.1,CUST-1103,Germany
100863,SKU-DRY-001,Basmati Long Grain Rice 5kg,2,2024-01-24 02:00:00,13.08,CUST-1231,Germany
C100863,SKU-BEV-001,Cold Brew Coffee 250ml,-1,08/19/2024 18:00,4.27,CUST-1368,Germany
100863,SKU-DRY-001,Basmati Long Grain Rice 5kg,5,12-01-2024 08:00,11.94,CUST-1367,United States
100864,SKU-FRZ-001,Frozen Organic Mixed Berries 400g,3,10-04-2024 06:00,4.4,CUST-1328,Germany
100864,SKU-HOU-002,Multi-Surface Disinfectant Wipes 80ct,5,11/27/2024 10:00,5.53,CUST-1246,Australia
100864,SKU-HOU-003,Microfiber Cleaning Towels 4-Pack,3,2024-07-26 08:00:00,5.75,CUST-1251,Australia
100865,SKU-FRZ-001,Frozen Organic Mixed Berries 400g,4,2024-12-18 23:00:00,5.45,CUST-1159,Canada
100865,SKU-DRY-002,Extra Virgin Olive Oil 750ml,5,2024/12/20,13.9,CUST-1445,United Kingdom
100865,SKU-HOU-002,Multi-Surface Disinfectant Wipes 80ct,5,07/24/2024 03:00,4.98,CUST-1095,Germany
100866,SKU-BEV-002,Organic Green Tea 500ml,5,2024/02/16,2.68,CUST-1128,United Kingdom
100866,SKU-DRY-003,Whole Grain Pasta 500g,5,2024/05/07,2.15,CUST-1022,Australia
100866,SKU-DRY-002,Extra Virgin Olive Oil 750ml,5,23-07-2024 06:00,14.27,CUST-1160,France
100867,SKU-SNK-001,Artisan Sea Salt Potato Chips 150g,7,23-09-2024 06:00,3.24,CUST-1335,Germany
100867,SKU-BEV-002,Organic Green Tea 500ml,6,24-06-2024 09:00,2.21,CUST-1182,Australia
100867,SKU-SNK-002,Roasted Almonds & Cranberry Mix 200g,5,2024/08/28,5.02,CUST-1415,Germany
100868,SKU-HOU-003,Microfiber Cleaning Towels 4-Pack,7,14-06-2024 21:00,5.85,,United States
100868,SKU-HOU-002,Multi-Surface Disinfectant Wipes 80ct,3,07/25/2024 12:00,4.98,CUST-1282,France
100868,SKU-DRY-003,Whole Grain Pasta 500g,7,2024-12-23 08:00:00,2.13,CUST-1066,Australia
100869,SKU-DRY-002,Extra Virgin Olive Oil 750ml,5,06/23/2024 04:00,13.28,CUST-1023,United Kingdom
100869,SKU-BEV-003,Sparkling Mineral Water 1L,3,04/24/2024 06:00,1.66,,France
100869,SKU-SNK-002,,11,12/24/2024 15:00,5.18,CUST-1235,Canada
C100870,SKU-HOU-003,Microfiber Cleaning Towels 4-Pack,-5,2024/08/29,6.4,CUST-1281,United States
100870,SKU-BEV-003,Sparkling Mineral Water 1L,6,2024-03-27 17:00:00,1.98,CUST-1246,Germany
100870,SKU-BEV-003,Sparkling Mineral Water 1L,7,18-10-2024 06:00,1.63,CUST-1184,Canada
100871,SKU-PER-002,Moisturizing Face Cleanser 150ml,6,2024/01/26,8.59,CUST-1093,France
100871,SKU-SNK-001,Artisan Sea Salt Potato Chips 150g,3,20-08-2024 03:00,2.62,CUST-1408,United States
C100871,SKU-SNK-002,Roasted Almonds & Cranberry Mix 200g,-2,2024-05-03 18:00:00,5.05,CUST-1009,France
100872,SKU-SNK-001,Artisan Sea Salt Potato Chips 150g,5,13-09-2024 20:00,2.62,CUST-1185,Australia
100872,SKU-HOU-001,Eco-Friendly Dishwashing Liquid 1L,5,11-09-2024 03:00,3.89,CUST-1436,France
100872,SKU-PER-001,Antibacterial Hand Soap 300ml,8,12/04/2024 23:00,4.28,CUST-1403,United States
100873,SKU-HOU-002,Multi-Surface Disinfectant Wipes 80ct,3,2024-07-29 16:00:00,4.35,CUST-1012,France
100873,SKU-SNK-002,Roasted Almonds & Cranberry Mix 200g,2,2024/05/02,4.98,CUST-1434,Germany
100873,SKU-BEV-001,Cold Brew Coffee 250ml,7,2024-03-05 03:00:00,399.0,CUST-1383,Germany
100874,SKU-BEV-003,Sparkling Mineral Water 1L,4,20-02-2024 22:00,1.57,CUST-1409,Germany
100874,SKU-HOU-001,Eco-Friendly Dishwashing Liquid 1L,2,13-01-2024 15:00,4.08,CUST-1246,France
100874,SKU-DRY-001,Basmati Long Grain Rice 5kg,4,2024/11/06,12.8,CUST-1023,United Kingdom
100875,SKU-DRY-001,Basmati Long Grain Rice 5kg,5,07/27/2024 14:00,13.02,CUST-1458,Germany
100875,SKU-DRY-002,Extra Virgin Olive Oil 750ml,2,11-03-2024 16:00,15.01,CUST-1060,Germany
100875,SKU-PER-001,Antibacterial Hand Soap 300ml,4,2024/03/06,4.64,,Canada
100876,SKU-DRY-001,Basmati Long Grain Rice 5kg,6,2024/12/13,13.99,CUST-1177,Canada
100876,SKU-HOU-003,Microfiber Cleaning Towels 4-Pack,2,07/19/2024 06:00,7.46,CUST-1086,United Kingdom
100876,SKU-HOU-003,Microfiber Cleaning Towels 4-Pack,3,2024/12/02,6.21,CUST-1171,France
100877,SKU-DRY-001,Basmati Long Grain Rice 5kg,6,26-06-2024 00:00,12.4,CUST-1437,Germany
100877,SKU-PER-002,Moisturizing Face Cleanser 150ml,8,01/25/2024 15:00,9.21,,France
100877,SKU-DRY-003,Whole Grain Pasta 500g,7,28-09-2024 22:00,2.03,CUST-1178,United States
100878,SKU-DRY-002,Extra Virgin Olive Oil 750ml,2,2024-12-24 09:00:00,13.19,CUST-1095,United States
100878,SKU-PER-001,Antibacterial Hand Soap 300ml,3,16-09-2024 06:00,4.5,CUST-1234,Germany
100878,SKU-BEV-001,Cold Brew Coffee 250ml,3,09/20/2024 17:00,3.7,CUST-1450,Germany
100879,SKU-HOU-003,Microfiber Cleaning Towels 4-Pack,3,2024/12/29,5.92,CUST-1218,Canada
100879,SKU-HOU-001,Eco-Friendly Dishwashing Liquid 1L,9,01/26/2024 11:00,3.47,CUST-1242,Germany
100879,SKU-HOU-002,Multi-Surface Disinfectant Wipes 80ct,8,06-02-2024 15:00,5.55,CUST-1247,United States
100880,SKU-PER-001,Antibacterial Hand Soap 300ml,3,2024-08-11 20:00:00,3.95,CUST-1103,United Kingdom
100880,SKU-BEV-001,Cold Brew Coffee 250ml,3,2024-10-18 13:00:00,3.78,CUST-1242,United Kingdom
100880,SKU-BEV-001,Cold Brew Coffee 250ml,5,08/22/2024 19:00,3.95,CUST-1221,United States
100881,SKU-PER-002,Moisturizing Face Cleanser 150ml,8,03/22/2024 17:00,10.65,CUST-1065,Canada
100881,SKU-PER-001,Antibacterial Hand Soap 300ml,9,21-12-2024 14:00,4.55,CUST-1478,United States
100881,SKU-HOU-001,Eco-Friendly Dishwashing Liquid 1L,4,2024-12-10 18:00:00,3.36,CUST-1060,Canada
100882,SKU-DRY-002,Extra Virgin Olive Oil 750ml,5,2024/01/25,15.29,CUST-1496,United States
100882,SKU-DRY-003,Whole Grain Pasta 500g,3,2024/08/27,2.08,CUST-1449,United Kingdom
100882,SKU-DRY-003,Whole Grain Pasta 500g,4,2024-02-09 10:00:00,2.23,CUST-1199,Germany
100883,SKU-BEV-002,Organic Green Tea 500ml,4,2024/10/19,2.58,CUST-1455,Australia
C100883,SKU-FRZ-001,Frozen Organic Mixed Berries 400g,-8,08/03/2024 08:00,5.47,CUST-1002,Germany
100883,SKU-PER-001,Antibacterial Hand Soap 300ml,3,2024-02-06 22:00:00,4.68,CUST-1306,Canada
100884,SKU-SNK-001,Artisan Sea Salt Potato Chips 150g,7,01/15/2024 13:00,3.41,CUST-1015,France
100884,SKU-HOU-002,Multi-Surface Disinfectant Wipes 80ct,3,29-08-2024 03:00,5.45,CUST-1060,France
C100884,SKU-SNK-001,Artisan Sea Salt Potato Chips 150g,-3,04-03-2024 18:00,2.72,CUST-1388,Canada
100885,SKU-BEV-003,Sparkling Mineral Water 1L,4,07-02-2024 20:00,1.89,,Germany
100885,SKU-HOU-001,Eco-Friendly Dishwashing Liquid 1L,8,11/02/2024 00:00,4.19,CUST-1415,France
100885,SKU-HOU-003,Microfiber Cleaning Towels 4-Pack,4,12-08-2024 22:00,6.26,CUST-1347,Australia
100886,SKU-DRY-001,Basmati Long Grain Rice 5kg,3,07/06/2024 09:00,11.43,CUST-1239,Australia
100886,SKU-PER-002,Moisturizing Face Cleanser 150ml,7,24-02-2024 02:00,9.22,CUST-1372,Australia
100886,SKU-SNK-002,Roasted Almonds & Cranberry Mix 200g,1,2024/06/27,5.22,CUST-1144,United States
100887,SKU-HOU-003,Microfiber Cleaning Towels 4-Pack,3,2024-08-10 02:00:00,6.02,CUST-1170,Canada
100887,SKU-SNK-003,Dark Chocolate 70% Bar 100g,4,24-08-2024 15:00,3.72,CUST-1439,France
100887,SKU-BEV-003,Sparkling Mineral Water 1L,4,2024/10/31,1.93,CUST-1190,United Kingdom
100888,SKU-FRZ-001,Frozen Organic Mixed Berries 400g,2,03/21/2024 04:00,5.3,CUST-1305,United States
100888,SKU-BEV-001,Cold Brew Coffee 250ml,5,13-07-2024 13:00,3.73,CUST-1236,France
100888,SKU-BEV-002,Organic Green Tea 500ml,6,2024/10/24,2.37,CUST-1168,United Kingdom
100889,SKU-BEV-001,Cold Brew Coffee 250ml,4,2024/04/25,4.27,CUST-1466,United Kingdom
100889,SKU-PER-002,Moisturizing Face Cleanser 150ml,2,2024/11/25,11.31,CUST-1103,Canada
100889,SKU-PER-002,Moisturizing Face Cleanser 150ml,5,2024-02-03 17:00:00,9.5,CUST-1493,Germany
100890,SKU-HOU-002,Multi-Surface Disinfectant Wipes 80ct,6,2024-05-07 21:00:00,5.69,CUST-1336,Canada
100890,SKU-BEV-001,Cold Brew Coffee 250ml,6,2024-08-31 02:00:00,4.09,CUST-1150,Canada
100890,SKU-FRZ-001,Frozen Organic Mixed Berries 400g,1,2024/08/13,4.21,CUST-1200,United States
100891,SKU-PER-001,Antibacterial Hand Soap 300ml,8,2024-06-14 14:00:00,4.28,CUST-1279,France
100891,SKU-BEV-002,Organic Green Tea 500ml,5,23-01-2024 19:00,2.26,CUST-1088,Canada
100891,SKU-BEV-001,Cold Brew Coffee 250ml,2,05/09/2024 14:00,3.91,CUST-1340,United Kingdom
100892,SKU-PER-002,Moisturizing Face Cleanser 150ml,9,11/01/2024 12:00,8.68,CUST-1487,Australia
100892,SKU-HOU-002,Multi-Surface Disinfectant Wipes 80ct,4,2024/10/08,5.56,CUST-1278,Australia
100892,SKU-BEV-003,Sparkling Mineral Water 1L,2,07/19/2024 16:00,1.68,CUST-1140,Germany
100893,SKU-DRY-003,Whole Grain Pasta 500g,3,05/12/2024 12:00,2.15,CUST-1265,France
100893,SKU-DRY-002,Extra Virgin Olive Oil 750ml,8,25-07-2024 09:00,14.01,CUST-1131,Australia
100893,SKU-HOU-002,,5,08/16/2024 15:00,5.45,CUST-1142,United Kingdom
100894,SKU-HOU-002,Multi-Surface Disinfectant Wipes 80ct,5,2024/01/08,4.82,CUST-1490,France
100894,SKU-BEV-003,Sparkling Mineral Water 1L,4,04/04/2024 23:00,1.86,CUST-1251,United States
100894,SKU-SNK-001,Artisan Sea Salt Potato Chips 150g,3,2024/06/06,2.59,CUST-1211,Germany
100895,SKU-DRY-003,Whole Grain Pasta 500g,6,2024/08/11,2.04,CUST-1467,France
100895,SKU-PER-002,Moisturizing Face Cleanser 150ml,3,29-09-2024 15:00,9.65,CUST-1034,United Kingdom
100895,SKU-PER-002,Moisturizing Face Cleanser 150ml,5,2024/11/22,10.29,CUST-1239,Canada
100896,SKU-DRY-001,Basmati Long Grain Rice 5kg,7,08/30/2024 10:00,11.73,CUST-1261,Germany
100896,SKU-BEV-002,Organic Green Tea 500ml,4,09/08/2024 16:00,2.59,CUST-1483,Germany
100896,SKU-PER-002,Moisturizing Face Cleanser 150ml,6,03/10/2024 03:00,10.13,CUST-1096,United Kingdom
100897,SKU-DRY-003,Whole Grain Pasta 500g,4,2024/11/20,1.98,CUST-1399,United Kingdom
100897,SKU-BEV-002,Organic Green Tea 500ml,5,2024/01/02,2.71,CUST-1022,United Kingdom
100897,SKU-BEV-002,Organic Green Tea 500ml,3,26-12-2024 22:00,2.61,CUST-1208,Australia
C100898,SKU-HOU-003,Microfiber Cleaning Towels 4-Pack,-9,2024/03/31,6.73,CUST-1110,Australia
100898,SKU-BEV-001,Cold Brew Coffee 250ml,5,2024-08-01 01:00:00,4.47,,Australia
100898,SKU-FRZ-001,Frozen Organic Mixed Berries 400g,6,2024-04-05 12:00:00,4.48,CUST-1144,United Kingdom
100899,SKU-BEV-003,Sparkling Mineral Water 1L,4,30-01-2024 20:00,1.76,CUST-1210,United States
100899,SKU-SNK-001,Artisan Sea Salt Potato Chips 150g,5,2024-10-01 05:00:00,2.85,CUST-1166,United Kingdom
100899,SKU-BEV-003,Sparkling Mineral Water 1L,7,02/06/2024 23:00,1.92,CUST-1003,Germany
100900,SKU-HOU-003,Microfiber Cleaning Towels 4-Pack,4,2024/10/25,6.15,CUST-1042,United States
100900,SKU-DRY-002,,6,05/18/2024 07:00,15.79,CUST-1118,Germany
100900,SKU-SNK-002,Roasted Almonds & Cranberry Mix 200g,7,2024-08-06 05:00:00,5.45,CUST-1074,France
100901,SKU-BEV-001,Cold Brew Coffee 250ml,5,10-04-2024 23:00,3.88,CUST-1169,Australia
100901,SKU-HOU-001,Eco-Friendly Dishwashing Liquid 1L,4,24-01-2024 13:00,4.36,CUST-1398,United States
100901,SKU-SNK-001,Artisan Sea Salt Potato Chips 150g,6,2024/07/13,2.74,,Germany
C100902,SKU-SNK-001,Artisan Sea Salt Potato Chips 150g,-3,2024-11-13 18:00:00,3.35,CUST-1230,United States
C100902,SKU-BEV-003,Sparkling Mineral Water 1L,-8,2024/03/06,1.67,CUST-1358,United Kingdom
100902,SKU-PER-002,Moisturizing Face Cleanser 150ml,5,06/01/2024 21:00,10.19,CUST-1276,Australia
100903,SKU-DRY-001,Basmati Long Grain Rice 5kg,4,30-10-2024 09:00,12.96,CUST-1122,France
100903,SKU-BEV-001,Cold Brew Coffee 250ml,3,24-08-2024 23:00,4.32,CUST-1333,Australia
100903,SKU-FRZ-001,Frozen Organic Mixed Berries 400g,3,13-09-2024 12:00,4.94,,France
100904,SKU-SNK-002,Roasted Almonds & Cranberry Mix 200g,3,08/30/2024 07:00,5.0,CUST-1436,Canada
100904,SKU-BEV-001,Cold Brew Coffee 250ml,1,2024/06/27,4.04,CUST-1369,United States
C100904,SKU-HOU-003,Microfiber Cleaning Towels 4-Pack,-6,2024/04/19,7.34,CUST-1491,Australia
C100905,  SKU-HOU-003  ,Microfiber Cleaning Towels 4-Pack,-5,2024-01-14 15:00:00,7.36,CUST-1034,Australia
100905,SKU-DRY-003,Whole Grain Pasta 500g,2,2024/02/15,2.51,CUST-1012,France
100905,SKU-DRY-003,Whole Grain Pasta 500g,4,2024/11/11,2.38,CUST-1357,United Kingdom
100906,SKU-BEV-002,Organic Green Tea 500ml,10,12-03-2024 19:00,2.67,,United Kingdom
100906,SKU-PER-001,Antibacterial Hand Soap 300ml,4,2024/09/04,3.76,,United States
100906,SKU-SNK-003,Dark Chocolate 70% Bar 100g,6,09/30/2024 22:00,3.36,CUST-1271,Australia
100907,SKU-BEV-001,Cold Brew Coffee 250ml,8,2024/02/03,4.29,CUST-1242,Australia
100907,SKU-BEV-003,Sparkling Mineral Water 1L,7,2024/03/18,1.76,CUST-1191,Australia
100907,SKU-PER-002,Moisturizing Face Cleanser 150ml,5,15-08-2024 09:00,9.65,CUST-1179,United States
100908,SKU-PER-001,Antibacterial Hand Soap 300ml,5,2024-05-16 15:00:00,4.16,CUST-1057,Australia
100908,SKU-PER-001,Antibacterial Hand Soap 300ml,7,05/09/2024 03:00,3.88,CUST-1110,France
100908,SKU-BEV-003,Sparkling Mineral Water 1L,4,2024/12/17,1.97,,Germany
100909,SKU-DRY-002,Extra Virgin Olive Oil 750ml,3,2024/06/22,14.75,CUST-1148,United States
100909,SKU-PER-001,Antibacterial Hand Soap 300ml,5,04/22/2024 18:00,4.17,CUST-1004,Australia
100909,SKU-PER-002,Moisturizing Face Cleanser 150ml,1,26-10-2024 22:00,8.66,CUST-1371,Australia
100910,SKU-SNK-002,Roasted Almonds & Cranberry Mix 200g,6,2024-05-19 03:00:00,5.02,CUST-1473,United States
100910,SKU-DRY-002,Extra Virgin Olive Oil 750ml,4,2024-08-28 02:00:00,16.54,CUST-1375,Canada
100910,SKU-HOU-003,Microfiber Cleaning Towels 4-Pack,6,2024/09/11,5.89,CUST-1208,Canada
100911,SKU-HOU-002,Multi-Surface Disinfectant Wipes 80ct,5,21-12-2024 13:00,5.38,CUST-1139,United States
100911,SKU-HOU-001,Eco-Friendly Dishwashing Liquid 1L,2,2024-02-16 01:00:00,4.22,CUST-1142,United Kingdom
100911,SKU-BEV-001,Cold Brew Coffee 250ml,10,2024-03-13 21:00:00,4.13,CUST-1109,France
100912,SKU-SNK-003,Dark Chocolate 70% Bar 100g,5,02-11-2024 00:00,3.29,CUST-1255,United Kingdom
100912,SKU-SNK-003,Dark Chocolate 70% Bar 100g,3,2024-09-27 01:00:00,3.62,CUST-1196,Germany
C100912,SKU-SNK-002,Roasted Almonds & Cranberry Mix 200g,-7,10/11/2024 03:00,4.87,CUST-1318,United Kingdom
100913,SKU-SNK-001,Artisan Sea Salt Potato Chips 150g,6,2024-07-13 05:00:00,3.21,CUST-1196,Australia
100913,SKU-HOU-003,Microfiber Cleaning Towels 4-Pack,7,2024/06/25,5.62,CUST-1269,United States
100913,SKU-PER-001,Antibacterial Hand Soap 300ml,7,2024-09-01 00:00:00,3.71,CUST-1000,United Kingdom
100914,SKU-BEV-002,Organic Green Tea 500ml,6,28-11-2024 20:00,2.15,CUST-1043,Germany
100914,SKU-SNK-001,Artisan Sea Salt Potato Chips 150g,3,05/29/2024 01:00,3.26,CUST-1409,Germany
100914,SKU-HOU-001,Eco-Friendly Dishwashing Liquid 1L,3,2024-08-06 02:00:00,4.08,CUST-1360,France
100915,SKU-PER-001,Antibacterial Hand Soap 300ml,5,05/01/2024 16:00,3.76,CUST-1298,Germany
C100915,SKU-SNK-002,Roasted Almonds & Cranberry Mix 200g,-5,16-03-2024 04:00,6.01,CUST-1295,Australia
100915,SKU-HOU-003,Microfiber Cleaning Towels 4-Pack,9,2024/04/24,5.76,CUST-1154,United Kingdom
100916,SKU-FRZ-001,Frozen Organic Mixed Berries 400g,4,11-12-2024 11:00,5.48,CUST-1319,United States
100916,SKU-BEV-003,Sparkling Mineral Water 1L,3,11/12/2024 07:00,1.65,CUST-1310,Canada
100916,SKU-SNK-002,Roasted Almonds & Cranberry Mix 200g,1,25-03-2024 11:00,4.85,CUST-1031,United Kingdom
100917,SKU-SNK-003,Dark Chocolate 70% Bar 100g,6,10/01/2024 20:00,2.98,,France
100917,SKU-FRZ-001,Frozen Organic Mixed Berries 400g,4,2024/06/20,5.27,CUST-1071,Germany
100917,SKU-DRY-003,Whole Grain Pasta 500g,4,2024/10/16,2.17,CUST-1374,France
100918,SKU-PER-002,Moisturizing Face Cleanser 150ml,2,2024/12/02,9.4,CUST-1255,United Kingdom
100918,SKU-DRY-002,Extra Virgin Olive Oil 750ml,4,08/18/2024 18:00,12.55,,United States
100918,SKU-PER-002,Moisturizing Face Cleanser 150ml,5,12/02/2024 14:00,11.41,CUST-1453,France
100919,SKU-DRY-003,Whole Grain Pasta 500g,4,05/21/2024 13:00,2.36,CUST-1282,United Kingdom
100919,SKU-PER-002,Moisturizing Face Cleanser 150ml,1,03/11/2024 14:00,9.06,CUST-1085,Canada
100919,SKU-DRY-001,Basmati Long Grain Rice 5kg,2,2024-12-18 05:00:00,14.62,CUST-1462,France
100920,SKU-DRY-003,Whole Grain Pasta 500g,6,09/07/2024 16:00,2.14,CUST-1097,Germany
C100920,SKU-HOU-001,Eco-Friendly Dishwashing Liquid 1L,-4,08-02-2024 22:00,4.3,CUST-1370,Germany
100920,SKU-PER-002,Moisturizing Face Cleanser 150ml,2,09/29/2024 17:00,10.0,CUST-1121,United States
100921,SKU-FRZ-001,Frozen Organic Mixed Berries 400g,9,2024-09-01 16:00:00,4.87,CUST-1460,Germany
100921,SKU-SNK-001,Artisan Sea Salt Potato Chips 150g,9,2024-05-08 23:00:00,2.86,CUST-1181,France
100921,SKU-FRZ-001,Frozen Organic Mixed Berries 400g,2,2024-03-08 22:00:00,4.56,CUST-1219,Germany
100922,SKU-BEV-001,Cold Brew Coffee 250ml,6,2024-08-16 19:00:00,3.99,CUST-1068,France
100922,SKU-DRY-003,Whole Grain Pasta 500g,3,2024-11-14 04:00:00,2.49,CUST-1057,United States
100922,SKU-FRZ-001,Frozen Organic Mixed Berries 400g,8,12/25/2024 07:00,5.04,CUST-1071,United States
100923,SKU-BEV-003,Sparkling Mineral Water 1L,2,28-10-2024 05:00,1.93,,United Kingdom
100923,SKU-BEV-002,Organic Green Tea 500ml,4,2024/01/12,2.73,CUST-1454,United States
100923,SKU-HOU-003,Microfiber Cleaning Towels 4-Pack,8,2024-12-29 13:00:00,6.9,CUST-1346,United States
100924,SKU-DRY-003,Whole Grain Pasta 500g,7,14-04-2024 11:00,2.22,CUST-1216,France
100924,SKU-DRY-003,Whole Grain Pasta 500g,3,10/31/2024 04:00,2.23,CUST-1107,United States
100924,SKU-PER-002,Moisturizing Face Cleanser 150ml,4,2024/07/31,9.41,CUST-1445,United States
C100925,SKU-DRY-001,Basmati Long Grain Rice 5kg,-5,2024-01-02 07:00:00,11.82,CUST-1233,United Kingdom
100925,SKU-DRY-002,Extra Virgin Olive Oil 750ml,4,04/10/2024 04:00,13.88,CUST-1336,Canada
100925,SKU-BEV-002,Organic Green Tea 500ml,5,2024/12/22,2.73,CUST-1189,United Kingdom
100926,SKU-DRY-002,Extra Virgin Olive Oil 750ml,3,02/22/2024 04:00,12.69,CUST-1325,United States
100926,SKU-DRY-002,Extra Virgin Olive Oil 750ml,5,2024-06-02 11:00:00,13.43,CUST-1413,France
100926,SKU-DRY-002,Extra Virgin Olive Oil 750ml,4,01-06-2024 11:00,15.31,CUST-1398,France
100927,SKU-PER-002,Moisturizing Face Cleanser 150ml,7,14-03-2024 00:00,10.02,CUST-1276,United Kingdom
100927,SKU-HOU-001,Eco-Friendly Dishwashing Liquid 1L,8,2024-04-05 17:00:00,3.66,CUST-1041,Germany
100927,SKU-DRY-001,Basmati Long Grain Rice 5kg,4,04-06-2024 13:00,11.07,CUST-1038,United Kingdom
100928,SKU-PER-002,Moisturizing Face Cleanser 150ml,5,07/09/2024 12:00,9.57,CUST-1344,Germany
100928,SKU-HOU-003,Microfiber Cleaning Towels 4-Pack,3,2024/01/25,6.91,CUST-1257,Australia
100928,SKU-PER-001,Antibacterial Hand Soap 300ml,3,04/22/2024 11:00,4.58,CUST-1347,Germany
100929,SKU-HOU-002,Multi-Surface Disinfectant Wipes 80ct,5,2024/07/30,4.43,CUST-1187,Australia
100929,SKU-FRZ-001,Frozen Organic Mixed Berries 400g,2,2024-07-09 19:00:00,5.07,CUST-1267,Germany
100929,SKU-DRY-001,Basmati Long Grain Rice 5kg,5,27-03-2024 01:00,12.98,CUST-1042,United States
100930,SKU-DRY-003,Whole Grain Pasta 500g,4,2024/11/12,1.96,CUST-1150,United States
100930,SKU-BEV-003,Sparkling Mineral Water 1L,12,2024/07/29,1.83,CUST-1307,France
100930,SKU-SNK-001,Artisan Sea Salt Potato Chips 150g,4,08-02-2024 22:00,3.42,CUST-1379,Australia
100931,SKU-SNK-002,Roasted Almonds & Cranberry Mix 200g,5,10/02/2024 18:00,6.07,CUST-1030,Canada
100931,SKU-SNK-002,Roasted Almonds & Cranberry Mix 200g,11,06/16/2024 07:00,6.19,CUST-1403,Canada
C100931,SKU-BEV-002,Organic Green Tea 500ml,-6,2024-11-20 00:00:00,2.79,CUST-1181,France
100932,SKU-BEV-001,Cold Brew Coffee 250ml,4,08/13/2024 16:00,4.44,,United States
C100932,SKU-BEV-002,Organic Green Tea 500ml,-4,01/19/2024 10:00,2.19,CUST-1401,United Kingdom
100932,SKU-PER-002,Moisturizing Face Cleanser 150ml,4,30-07-2024 03:00,10.84,CUST-1386,United Kingdom
100933,SKU-PER-002,Moisturizing Face Cleanser 150ml,4,02-04-2024 21:00,10.99,CUST-1318,Australia
100933,SKU-HOU-001,Eco-Friendly Dishwashing Liquid 1L,4,2024/04/06,3.63,CUST-1396,Germany
100933,SKU-BEV-003,Sparkling Mineral Water 1L,2,10/01/2024 01:00,1.55,CUST-1436,United States
100934,SKU-SNK-001,Artisan Sea Salt Potato Chips 150g,5,04/01/2024 04:00,2.75,CUST-1342,France
100934,SKU-PER-002,Moisturizing Face Cleanser 150ml,7,2024-04-27 00:00:00,9.98,CUST-1045,France
100934,SKU-HOU-002,Multi-Surface Disinfectant Wipes 80ct,4,24-05-2024 14:00,4.68,CUST-1242,Canada
100935,SKU-HOU-002,,5,2024/07/05,4.29,,Australia
100935,SKU-DRY-003,Whole Grain Pasta 500g,4,2024/04/02,2.49,CUST-1106,Australia
100935,SKU-FRZ-001,Frozen Organic Mixed Berries 400g,5,28-08-2024 01:00,4.91,CUST-1012,Germany
100936,SKU-SNK-003,Dark Chocolate 70% Bar 100g,5,2024/05/15,2.86,CUST-1113,France
100936,SKU-DRY-002,Extra Virgin Olive Oil 750ml,7,2024/01/22,12.92,CUST-1244,United States
100936,SKU-HOU-002,Multi-Surface Disinfectant Wipes 80ct,4,02/08/2024 18:00,5.48,CUST-1152,France
100937,SKU-FRZ-001,Frozen Organic Mixed Berries 400g,7,28-12-2024 14:00,4.73,CUST-1218,Canada
100937,SKU-SNK-002,Roasted Almonds & Cranberry Mix 200g,4,09-10-2024 17:00,5.66,CUST-1431,Australia
100937,SKU-BEV-003,Sparkling Mineral Water 1L,1,11/02/2024 06:00,1.99,CUST-1224,Australia
100938,SKU-HOU-003,Microfiber Cleaning Towels 4-Pack,7,09-04-2024 00:00,6.69,CUST-1243,Canada
100938,SKU-HOU-003,Microfiber Cleaning Towels 4-Pack,5,2024-07-03 17:00:00,5.6,CUST-1050,Australia
100938,SKU-DRY-003,Whole Grain Pasta 500g,8,2024-02-24 05:00:00,2.48,CUST-1308,Canada
100939,SKU-SNK-002,Roasted Almonds & Cranberry Mix 200g,5,19-08-2024 02:00,5.53,CUST-1460,Canada
100939,SKU-BEV-003,Sparkling Mineral Water 1L,8,05/20/2024 19:00,2.01,CUST-1099,United Kingdom
100939,SKU-DRY-003,Whole Grain Pasta 500g,2,2024/05/27,1.91,,Canada
100940,SKU-BEV-003,Sparkling Mineral Water 1L,3,16-02-2024 05:00,1.66,CUST-1291,Canada
100940,SKU-FRZ-001,Frozen Organic Mixed Berries 400g,2,08/22/2024 08:00,5.37,,Australia
100940,SKU-SNK-001,Artisan Sea Salt Potato Chips 150g,5,2024/02/14,3.05,CUST-1119,United Kingdom
100941,SKU-BEV-003,Sparkling Mineral Water 1L,8,11/21/2024 04:00,1.57,CUST-1392,France
100941,SKU-FRZ-001,Frozen Organic Mixed Berries 400g,3,2024-09-11 17:00:00,0.0,,United States
100941,SKU-PER-002,Moisturizing Face Cleanser 150ml,3,2024-11-22 00:00:00,8.85,CUST-1092,France
100942,SKU-PER-001,Antibacterial Hand Soap 300ml,10,2024-10-09 07:00:00,4.65,CUST-1264,Germany
100942,SKU-SNK-003,,5,2024-10-31 02:00:00,3.6,CUST-1442,Australia
C100942,SKU-BEV-002,Organic Green Tea 500ml,-4,13-11-2024 08:00,2.66,,France
100943,SKU-DRY-002,Extra Virgin Olive Oil 750ml,10,2024/08/26,13.8,CUST-1049,United States
100943,SKU-HOU-003,Microfiber Cleaning Towels 4-Pack,3,10/25/2024 19:00,6.74,CUST-1219,United States
100943,SKU-BEV-002,Organic Green Tea 500ml,4,07/15/2024 15:00,2.8,CUST-1467,France
100944,SKU-DRY-001,Basmati Long Grain Rice 5kg,4,2024-04-09 19:00:00,13.62,CUST-1293,United States
100944,SKU-FRZ-001,Frozen Organic Mixed Berries 400g,3,2024/09/14,4.87,CUST-1288,France
100944,SKU-SNK-003,Dark Chocolate 70% Bar 100g,3,29-12-2024 19:00,3.74,CUST-1223,United Kingdom
100945,SKU-SNK-002,Roasted Almonds & Cranberry Mix 200g,7,2024/03/03,5.41,CUST-1026,United Kingdom
100945,SKU-SNK-001,Artisan Sea Salt Potato Chips 150g,2,2024/03/15,3.14,CUST-1126,Canada
100945,SKU-SNK-002,Roasted Almonds & Cranberry Mix 200g,11,2024-10-27 15:00:00,5.64,CUST-1228,Australia
100946,SKU-DRY-001,Basmati Long Grain Rice 5kg,5,2024-04-05 06:00:00,14.71,CUST-1240,Germany
100946,SKU-BEV-002,Organic Green Tea 500ml,5,06-04-2024 05:00,2.25,,Germany
100946,SKU-DRY-003,Whole Grain Pasta 500g,5,2024-08-26 04:00:00,2.06,,France
100947,SKU-FRZ-001,Frozen Organic Mixed Berries 400g,2,2024/08/15,5.01,,Germany
100947,SKU-FRZ-001,Frozen Organic Mixed Berries 400g,7,2024/06/16,4.92,CUST-1315,Australia
100947,SKU-DRY-002,Extra Virgin Olive Oil 750ml,4,2024-10-28 04:00:00,14.18,CUST-1425,United Kingdom
100948,SKU-DRY-002,Extra Virgin Olive Oil 750ml,3,2024-01-22 10:00:00,12.67,CUST-1486,Canada
100948,SKU-BEV-002,Organic Green Tea 500ml,3,09/17/2024 11:00,2.44,CUST-1362,Germany
100948,SKU-HOU-001,Eco-Friendly Dishwashing Liquid 1L,3,09-08-2024 21:00,3.82,CUST-1370,United States
100949,SKU-DRY-002,Extra Virgin Olive Oil 750ml,7,11-12-2024 08:00,13.42,CUST-1088,France
100949,SKU-PER-001,Antibacterial Hand Soap 300ml,11,2024-04-27 10:00:00,4.52,CUST-1459,United Kingdom
100949,SKU-PER-001,Antibacterial Hand Soap 300ml,4,2024-01-17 06:00:00,3.88,,Australia
100950,SKU-HOU-002,Multi-Surface Disinfectant Wipes 80ct,5,2024/08/27,4.35,CUST-1486,France
100950,SKU-BEV-001,Cold Brew Coffee 250ml,4,21-07-2024 13:00,3.67,CUST-1378,Canada
100950,SKU-DRY-002,Extra Virgin Olive Oil 750ml,5,2024/11/03,15.46,CUST-1201,Germany
100951,SKU-DRY-003,Whole Grain Pasta 500g,3,08/21/2024 11:00,2.44,CUST-1147,Australia
100951,SKU-DRY-003,Whole Grain Pasta 500g,10,2024/04/01,2.06,CUST-1351,Germany
100951,SKU-DRY-001,Basmati Long Grain Rice 5kg,7,2024/04/26,13.09,,United Kingdom
100952,SKU-HOU-003,Microfiber Cleaning Towels 4-Pack,4,10/21/2024 18:00,7.09,CUST-1278,Australia
100952,SKU-SNK-001,Artisan Sea Salt Potato Chips 150g,5,2024-06-14 01:00:00,2.64,,Australia
100952,SKU-SNK-003,Dark Chocolate 70% Bar 100g,3,2024/12/23,3.08,CUST-1141,Australia
100953,SKU-SNK-002,Roasted Almonds & Cranberry Mix 200g,4,2024/08/24,5.19,CUST-1102,Canada
100953,SKU-BEV-002,Organic Green Tea 500ml,6,13-06-2024 21:00,2.43,CUST-1104,Australia
100953,SKU-PER-001,Antibacterial Hand Soap 300ml,3,2024/08/30,4.45,CUST-1462,United States
100954,SKU-HOU-001,Eco-Friendly Dishwashing Liquid 1L,5,2024/03/16,4.4,CUST-1086,Canada
100954,SKU-PER-002,Moisturizing Face Cleanser 150ml,3,07/12/2024 20:00,11.0,CUST-1246,Australia
100954,SKU-BEV-001,Cold Brew Coffee 250ml,6,2024-03-02 18:00:00,4.37,CUST-1347,Australia
100955,SKU-HOU-001,Eco-Friendly Dishwashing Liquid 1L,4,2024-03-27 20:00:00,3.84,CUST-1410,United States
100955,SKU-PER-002,Moisturizing Face Cleanser 150ml,5,06-07-2024 01:00,10.97,CUST-1093,United States
100955,SKU-DRY-001,Basmati Long Grain Rice 5kg,6,10/05/2024 13:00,11.87,CUST-1096,Canada
C100956,SKU-SNK-001,Artisan Sea Salt Potato Chips 150g,-2,03-03-2024 08:00,2.99,CUST-1429,France
100956,SKU-BEV-003,Sparkling Mineral Water 1L,4,02/11/2024 20:00,1.62,CUST-1007,France
100956,SKU-HOU-001,Eco-Friendly Dishwashing Liquid 1L,4,06/17/2024 10:00,4.05,CUST-1071,United States
C100957,SKU-HOU-002,Multi-Surface Disinfectant Wipes 80ct,-3,2024-05-18 01:00:00,4.94,CUST-1168,United Kingdom
100957,SKU-BEV-003,Sparkling Mineral Water 1L,6,2024/11/29,1.76,,Germany
100957,SKU-SNK-001,Artisan Sea Salt Potato Chips 150g,3,18-08-2024 10:00,2.8,CUST-1219,France
100958,SKU-SNK-001,Artisan Sea Salt Potato Chips 150g,7,28-03-2024 01:00,3.29,CUST-1050,Germany
100958,SKU-SNK-001,Artisan Sea Salt Potato Chips 150g,3,2024-06-19 08:00:00,3.31,CUST-1258,Germany
100958,SKU-DRY-002,Extra Virgin Olive Oil 750ml,4,05/08/2024 23:00,12.63,CUST-1113,United States
100959,SKU-BEV-002,Organic Green Tea 500ml,7,2024/04/11,2.64,CUST-1485,United Kingdom
100959,SKU-HOU-001,Eco-Friendly Dishwashing Liquid 1L,7,2024/03/02,3.51,CUST-1369,Australia
100959,SKU-BEV-001,Cold Brew Coffee 250ml,3,07-07-2024 11:00,3.65,CUST-1383,Canada
100960,SKU-SNK-002,Roasted Almonds & Cranberry Mix 200g,4,04/10/2024 14:00,5.83,CUST-1470,Canada
100960,SKU-DRY-003,Whole Grain Pasta 500g,4,12-06-2024 03:00,2.42,CUST-1279,Canada
100960,SKU-PER-001,Antibacterial Hand Soap 300ml,7,05/29/2024 00:00,3.66,,France
100961,SKU-SNK-003,Dark Chocolate 70% Bar 100g,1,2024/12/17,3.24,CUST-1061,Australia
100961,SKU-DRY-002,Extra Virgin Olive Oil 750ml,2,01/19/2024 23:00,15.1,CUST-1181,France
100961,SKU-HOU-003,Microfiber Cleaning Towels 4-Pack,8,26-12-2024 16:00,6.18,CUST-1238,United Kingdom
100962,SKU-HOU-002,Multi-Surface Disinfectant Wipes 80ct,7,16-02-2024 09:00,5.73,CUST-1418,Australia
100962,SKU-HOU-002,Multi-Surface Disinfectant Wipes 80ct,3,2024-10-08 03:00:00,5.62,CUST-1380,United Kingdom
100962,SKU-DRY-001,Basmati Long Grain Rice 5kg,8,04-07-2024 17:00,13.24,CUST-1374,Germany
100963,SKU-PER-001,Antibacterial Hand Soap 300ml,3,09/08/2024 09:00,4.23,CUST-1479,United Kingdom
100963,SKU-PER-001,Antibacterial Hand Soap 300ml,8,2024-11-18 03:00:00,4.23,CUST-1317,Germany
100963,SKU-BEV-003,Sparkling Mineral Water 1L,5,07/31/2024 13:00,1.86,CUST-1483,Australia
100964,SKU-BEV-003,Sparkling Mineral Water 1L,3,2024-06-26 16:00:00,1.87,CUST-1471,Australia
100964,SKU-PER-002,Moisturizing Face Cleanser 150ml,7,2024/07/19,8.56,CUST-1155,Canada
100964,SKU-SNK-002,Roasted Almonds & Cranberry Mix 200g,4,2024/05/31,5.79,CUST-1258,France
100965,SKU-FRZ-001,Frozen Organic Mixed Berries 400g,5,12-01-2024 04:00,5.2,CUST-1193,United Kingdom
100965,SKU-FRZ-001,Frozen Organic Mixed Berries 400g,2,07-04-2024 10:00,4.77,CUST-1211,France
100965,SKU-BEV-003,Sparkling Mineral Water 1L,4,2024-11-19 07:00:00,1.62,CUST-1128,Canada
100966,SKU-BEV-002,Organic Green Tea 500ml,5,01-02-2024 09:00,2.56,,Australia
100966,SKU-DRY-003,,4,2024/09/20,1.97,CUST-1455,United Kingdom
100966,SKU-HOU-002,Multi-Surface Disinfectant Wipes 80ct,3,2024-09-02 21:00:00,5.3,CUST-1139,Australia
100967,SKU-SNK-001,Artisan Sea Salt Potato Chips 150g,6,2024-06-09 15:00:00,2.65,CUST-1299,United Kingdom
100967,SKU-HOU-002,Multi-Surface Disinfectant Wipes 80ct,2,2024/05/18,5.42,CUST-1046,United Kingdom
100967,SKU-HOU-002,Multi-Surface Disinfectant Wipes 80ct,3,2024-01-19 23:00:00,5.39,CUST-1296,United Kingdom
100968,SKU-FRZ-001,Frozen Organic Mixed Berries 400g,2,05/13/2024 00:00,5.16,CUST-1303,United States
100968,SKU-BEV-001,Cold Brew Coffee 250ml,7,05/05/2024 07:00,3.9,CUST-1178,United Kingdom
100968,SKU-HOU-002,Multi-Surface Disinfectant Wipes 80ct,2,2024/11/07,5.1,,Australia
100969,SKU-HOU-002,Multi-Surface Disinfectant Wipes 80ct,3,2024/02/24,5.68,CUST-1435,United Kingdom
100969,SKU-SNK-001,Artisan Sea Salt Potato Chips 150g,7,2024/12/14,2.82,CUST-1058,France
100969,SKU-HOU-001,Eco-Friendly Dishwashing Liquid 1L,4,2024-11-04 16:00:00,4.44,,France
100970,SKU-HOU-001,Eco-Friendly Dishwashing Liquid 1L,3,2024-12-20 18:00:00,4.16,CUST-1091,United Kingdom
100970,SKU-PER-002,Moisturizing Face Cleanser 150ml,4,2024-01-09 14:00:00,10.62,CUST-1071,Germany
100970,SKU-DRY-002,Extra Virgin Olive Oil 750ml,3,09/19/2024 09:00,12.51,CUST-1239,France
100971,SKU-DRY-003,Whole Grain Pasta 500g,9,05/26/2024 20:00,1.88,CUST-1056,Canada
100971,SKU-DRY-002,Extra Virgin Olive Oil 750ml,14,10/07/2024 20:00,13.72,CUST-1386,Canada
100971,SKU-BEV-001,Cold Brew Coffee 250ml,4,04/26/2024 11:00,3.49,CUST-1328,Germany
100972,SKU-BEV-001,Cold Brew Coffee 250ml,7,09/03/2024 10:00,4.32,CUST-1407,Australia
100972,  SKU-SNK-003  ,Dark Chocolate 70% Bar 100g,1,21-04-2024 19:00,2.86,CUST-1312,France
100972,SKU-PER-002,Moisturizing Face Cleanser 150ml,5,2024-06-04 02:00:00,10.47,CUST-1164,United States
100973,SKU-FRZ-001,Frozen Organic Mixed Berries 400g,4,2024/04/21,5.48,CUST-1289,France
100973,SKU-SNK-001,Artisan Sea Salt Potato Chips 150g,2,2024-03-30 01:00:00,2.68,CUST-1100,Australia
C100973,SKU-FRZ-001,Frozen Organic Mixed Berries 400g,-4,27-01-2024 23:00,4.65,CUST-1425,Canada
100974,SKU-HOU-001,Eco-Friendly Dishwashing Liquid 1L,4,2024/03/01,3.94,CUST-1467,Canada
100974,SKU-PER-002,Moisturizing Face Cleanser 150ml,7,03/02/2024 03:00,9.25,CUST-1157,Australia
100974,SKU-SNK-001,Artisan Sea Salt Potato Chips 150g,7,2024-12-21 19:00:00,2.63,CUST-1171,Canada
100975,SKU-DRY-001,Basmati Long Grain Rice 5kg,4,2024/11/13,14.39,CUST-1049,Australia
100975,SKU-BEV-002,Organic Green Tea 500ml,5,2024/11/03,2.79,CUST-1066,France
100975,SKU-BEV-001,Cold Brew Coffee 250ml,8,20-06-2024 17:00,4.0,CUST-1441,United Kingdom
100976,SKU-FRZ-001,Frozen Organic Mixed Berries 400g,4,08/29/2024 04:00,4.87,CUST-1089,United Kingdom
100976,SKU-FRZ-001,Frozen Organic Mixed Berries 400g,7,05/09/2024 19:00,4.75,CUST-1130,Australia
100976,SKU-DRY-003,Whole Grain Pasta 500g,5,2024/09/30,2.21,CUST-1069,United Kingdom
100977,SKU-SNK-001,Artisan Sea Salt Potato Chips 150g,6,2024/08/05,3.18,CUST-1338,United Kingdom
100977,SKU-BEV-003,Sparkling Mineral Water 1L,3,11/19/2024 02:00,1.64,,United Kingdom
100977,SKU-BEV-002,Organic Green Tea 500ml,7,2024/10/07,2.16,CUST-1203,Germany
100978,SKU-SNK-003,Dark Chocolate 70% Bar 100g,7,2024/04/30,3.65,CUST-1186,Germany
100978,SKU-SNK-003,Dark Chocolate 70% Bar 100g,3,2024-09-04 20:00:00,3.73,CUST-1043,Canada
100978,SKU-FRZ-001,Frozen Organic Mixed Berries 400g,3,29-06-2024 21:00,4.99,CUST-1272,United Kingdom
100979,SKU-HOU-002,Multi-Surface Disinfectant Wipes 80ct,3,2024/07/23,4.79,CUST-1208,Canada
100979,SKU-BEV-003,Sparkling Mineral Water 1L,5,2024/06/20,1.99,CUST-1104,France
100979,SKU-PER-001,Antibacterial Hand Soap 300ml,6,2024/12/26,4.65,,United States
100980,SKU-PER-002,Moisturizing Face Cleanser 150ml,4,02/21/2024 09:00,10.2,,Australia
C100980,SKU-SNK-003,Dark Chocolate 70% Bar 100g,-2,2024-05-14 04:00:00,2.93,CUST-1380,France
100980,SKU-DRY-001,Basmati Long Grain Rice 5kg,7,24-04-2024 16:00,14.23,CUST-1217,France
100981,SKU-BEV-002,Organic Green Tea 500ml,3,2024/01/19,2.43,CUST-1451,United States
100981,SKU-DRY-002,Extra Virgin Olive Oil 750ml,8,2024/01/26,16.02,CUST-1052,United Kingdom
100981,SKU-BEV-003,Sparkling Mineral Water 1L,-2000,2024-05-10 09:00:00,1.93,CUST-1475,Australia
100982,SKU-HOU-003,Microfiber Cleaning Towels 4-Pack,4,12/15/2024 03:00,5.86,CUST-1359,Germany
100982,SKU-BEV-001,Cold Brew Coffee 250ml,4,2024/11/11,4.37,CUST-1083,United States
100982,SKU-SNK-002,Roasted Almonds & Cranberry Mix 200g,5,27-02-2024 20:00,5.31,CUST-1126,Australia
100983,SKU-BEV-002,Organic Green Tea 500ml,5,29-08-2024 15:00,2.75,CUST-1233,France
100983,SKU-DRY-001,Basmati Long Grain Rice 5kg,4,2024/05/25,11.71,CUST-1294,Australia
100983,SKU-HOU-003,Microfiber Cleaning Towels 4-Pack,6,2024/05/22,6.13,CUST-1309,France
100984,SKU-SNK-003,Dark Chocolate 70% Bar 100g,4,04-01-2024 00:00,2.85,CUST-1013,Australia
100984,SKU-DRY-003,Whole Grain Pasta 500g,7,2024/10/06,2.27,CUST-1469,Canada
100984,SKU-BEV-002,Organic Green Tea 500ml,6,2024-04-27 00:00:00,2.21,CUST-1335,United States
100985,SKU-FRZ-001,Frozen Organic Mixed Berries 400g,5,30-03-2024 04:00,4.79,CUST-1207,Germany
100985,SKU-SNK-002,Roasted Almonds & Cranberry Mix 200g,3,2024/06/15,6.22,CUST-1213,Germany
100985,SKU-SNK-003,Dark Chocolate 70% Bar 100g,6,11/09/2024 04:00,3.35,CUST-1383,United States
100986,SKU-SNK-003,Dark Chocolate 70% Bar 100g,6,2024/07/17,3.43,CUST-1086,Canada
100986,SKU-PER-002,Moisturizing Face Cleanser 150ml,7,29-04-2024 13:00,11.46,CUST-1203,France
100986,SKU-FRZ-001,Frozen Organic Mixed Berries 400g,4,02/06/2024 00:00,4.81,,United States
100987,SKU-HOU-001,Eco-Friendly Dishwashing Liquid 1L,9,02/26/2024 01:00,4.17,CUST-1278,France
100987,SKU-PER-002,Moisturizing Face Cleanser 150ml,7,2024/11/25,10.33,CUST-1382,Germany
100987,SKU-SNK-003,Dark Chocolate 70% Bar 100g,6,2024-04-06 01:00:00,3.06,CUST-1269,Canada
100988,SKU-BEV-003,Sparkling Mineral Water 1L,5,18-09-2024 01:00,1.62,CUST-1364,United States
100988,SKU-HOU-002,Multi-Surface Disinfectant Wipes 80ct,5,2024-09-19 13:00:00,5.48,CUST-1191,United States
100988,SKU-SNK-002,Roasted Almonds & Cranberry Mix 200g,10,2024/06/19,4.76,CUST-1101,Canada
100989,SKU-DRY-003,Whole Grain Pasta 500g,6,02/02/2024 23:00,2.24,CUST-1477,Canada
100989,SKU-DRY-002,Extra Virgin Olive Oil 750ml,9,2024/06/12,13.97,CUST-1029,Australia
100989,SKU-SNK-003,Dark Chocolate 70% Bar 100g,4,06/19/2024 17:00,2.91,CUST-1293,United Kingdom
100990,SKU-BEV-001,Cold Brew Coffee 250ml,6,04/02/2024 08:00,4.52,CUST-1035,France
C100990,SKU-SNK-003,Dark Chocolate 70% Bar 100g,-3,2024/01/20,2.81,,France
100990,SKU-PER-002,Moisturizing Face Cleanser 150ml,6,25-03-2024 04:00,9.8,CUST-1491,United Kingdom
100991,SKU-SNK-002,Roasted Almonds & Cranberry Mix 200g,4,2024/04/02,5.62,CUST-1223,Canada
100991,SKU-SNK-003,Dark Chocolate 70% Bar 100g,6,2024-04-24 12:00:00,3.56,CUST-1393,Germany
100991,SKU-DRY-003,Whole Grain Pasta 500g,5,2024-06-29 13:00:00,2.33,CUST-1487,France
100992,  SKU-PER-001  ,Antibacterial Hand Soap 300ml,5,15-02-2024 21:00,4.45,CUST-1164,Australia
100992,SKU-SNK-002,Roasted Almonds & Cranberry Mix 200g,7,19-02-2024 12:00,6.28,CUST-1275,Germany
100992,SKU-BEV-001,Cold Brew Coffee 250ml,3,2024/02/17,3.81,CUST-1231,France
100993,SKU-PER-002,Moisturizing Face Cleanser 150ml,4,2024/06/04,11.35,CUST-1357,France
100993,SKU-BEV-002,Organic Green Tea 500ml,6,2024/11/11,2.59,CUST-1344,Canada
100993,SKU-PER-002,Moisturizing Face Cleanser 150ml,8,2024-07-22 11:00:00,8.87,CUST-1179,United Kingdom
100994,SKU-SNK-002,Roasted Almonds & Cranberry Mix 200g,4,05/02/2024 07:00,5.91,CUST-1046,France
100994,SKU-FRZ-001,Frozen Organic Mixed Berries 400g,2,2024-09-24 02:00:00,4.23,CUST-1041,Canada
100994,SKU-PER-001,Antibacterial Hand Soap 300ml,4,2024-07-24 20:00:00,4.56,,Germany
100995,SKU-HOU-001,Eco-Friendly Dishwashing Liquid 1L,6,2024-10-09 03:00:00,3.55,CUST-1133,United States
100995,SKU-SNK-003,Dark Chocolate 70% Bar 100g,5,2024/09/26,3.73,CUST-1432,Germany
100995,SKU-HOU-002,Multi-Surface Disinfectant Wipes 80ct,6,2024/09/21,5.1,CUST-1378,Australia
100996,SKU-SNK-001,Artisan Sea Salt Potato Chips 150g,3,09-02-2024 21:00,2.77,CUST-1093,Germany
100996,SKU-HOU-001,Eco-Friendly Dishwashing Liquid 1L,3,2024/02/23,4.4,CUST-1367,United States
100996,SKU-SNK-001,Artisan Sea Salt Potato Chips 150g,6,2024-03-14 16:00:00,2.92,,France
100997,SKU-HOU-002,Multi-Surface Disinfectant Wipes 80ct,5,2024-09-22 02:00:00,4.53,CUST-1328,Canada
100997,SKU-DRY-001,Basmati Long Grain Rice 5kg,4,07/16/2024 12:00,0.0,CUST-1004,France
100997,SKU-HOU-003,Microfiber Cleaning Towels 4-Pack,11,2024/04/18,5.77,CUST-1442,Canada
100998,SKU-HOU-002,Multi-Surface Disinfectant Wipes 80ct,6,08/09/2024 18:00,4.75,CUST-1385,United Kingdom
100998,SKU-DRY-003,Whole Grain Pasta 500g,5,2024/01/03,2.33,CUST-1071,Australia
100998,SKU-FRZ-001,Frozen Organic Mixed Berries 400g,5,2024-02-13 17:00:00,4.79,CUST-1414,France
100999,SKU-DRY-001,Basmati Long Grain Rice 5kg,7,09/25/2024 10:00,13.44,CUST-1081,Germany
100999,SKU-SNK-002,Roasted Almonds & Cranberry Mix 200g,5,2024-08-17 13:00:00,5.48,CUST-1142,United States
100999,SKU-DRY-002,Extra Virgin Olive Oil 750ml,2,09/03/2024 14:00,15.22,CUST-1378,France
101000,SKU-HOU-001,Eco-Friendly Dishwashing Liquid 1L,3,2024/08/13,4.04,CUST-1127,Canada
101000,SKU-DRY-003,Whole Grain Pasta 500g,4,2024/02/12,2.43,CUST-1318,Australia
101000,SKU-DRY-003,Whole Grain Pasta 500g,8,08/30/2024 17:00,2.19,CUST-1464,Germany
101001,SKU-PER-001,Antibacterial Hand Soap 300ml,5,2024/11/14,3.73,CUST-1225,Germany
101001,SKU-FRZ-001,Frozen Organic Mixed Berries 400g,4,04/23/2024 16:00,4.63,CUST-1362,France
101001,SKU-FRZ-001,Frozen Organic Mixed Berries 400g,10,30-03-2024 10:00,5.19,CUST-1379,Canada
101002,SKU-HOU-002,Multi-Surface Disinfectant Wipes 80ct,6,2024/10/06,5.62,CUST-1008,United States
101002,SKU-PER-001,Antibacterial Hand Soap 300ml,4,02-03-2024 17:00,4.56,CUST-1356,France
101002,SKU-SNK-003,Dark Chocolate 70% Bar 100g,4,2024/05/08,3.37,CUST-1212,Australia
101003,SKU-PER-002,Moisturizing Face Cleanser 150ml,4,2024/06/05,10.09,,United Kingdom
101003,SKU-HOU-001,Eco-Friendly Dishwashing Liquid 1L,6,2024-05-26 13:00:00,4.19,CUST-1219,Canada
101003,SKU-BEV-001,Cold Brew Coffee 250ml,4,2024/05/16,3.99,CUST-1000,United States
101004,SKU-HOU-001,Eco-Friendly Dishwashing Liquid 1L,6,02-01-2024 17:00,3.88,CUST-1208,United States
101004,SKU-DRY-001,Basmati Long Grain Rice 5kg,6,11/03/2024 14:00,12.02,CUST-1174,Canada
101004,SKU-PER-002,Moisturizing Face Cleanser 150ml,3,2024/12/29,10.47,CUST-1273,United Kingdom
101005,SKU-BEV-002,Organic Green Tea 500ml,3,04/03/2024 06:00,2.21,CUST-1024,Australia
101005,SKU-BEV-001,,3,2024-07-27 19:00:00,3.85,CUST-1375,United States
101005,SKU-PER-001,Antibacterial Hand Soap 300ml,2,2024-02-07 22:00:00,4.81,CUST-1118,France
101006,SKU-SNK-001,Artisan Sea Salt Potato Chips 150g,5,10/01/2024 08:00,2.57,CUST-1271,Australia
101006,SKU-BEV-002,Organic Green Tea 500ml,2,12/23/2024 11:00,2.13,CUST-1129,France
101006,SKU-PER-002,,5,2024-02-16 06:00:00,10.46,CUST-1382,Germany
101007,SKU-PER-001,Antibacterial Hand Soap 300ml,9,2024-07-11 23:00:00,4.18,,United Kingdom
101007,SKU-DRY-003,Whole Grain Pasta 500g,4,2024/11/01,2.14,CUST-1372,Germany
101007,SKU-HOU-003,Microfiber Cleaning Towels 4-Pack,4,02/18/2024 11:00,5.56,CUST-1281,Canada
101008,SKU-PER-002,Moisturizing Face Cleanser 150ml,4,2024-05-12 17:00:00,9.71,CUST-1324,France
101008,SKU-HOU-001,Eco-Friendly Dishwashing Liquid 1L,6,01/06/2024 19:00,3.9,CUST-1158,Australia
101008,SKU-SNK-001,Artisan Sea Salt Potato Chips 150g,4,2024-06-01 09:00:00,2.91,CUST-1231,Australia
101009,SKU-HOU-001,Eco-Friendly Dishwashing Liquid 1L,5,2024-04-02 00:00:00,3.49,CUST-1224,Germany
101009,SKU-HOU-002,Multi-Surface Disinfectant Wipes 80ct,9,05/06/2024 18:00,4.87,CUST-1304,United Kingdom
101009,SKU-PER-001,Antibacterial Hand Soap 300ml,6,11/18/2024 07:00,4.74,CUST-1430,Germany
101010,SKU-BEV-002,Organic Green Tea 500ml,6,30-07-2024 01:00,2.25,CUST-1347,Australia
101010,SKU-HOU-003,Microfiber Cleaning Towels 4-Pack,2,08/08/2024 14:00,7.37,CUST-1266,United States
101010,SKU-BEV-002,Organic Green Tea 500ml,6,17-03-2024 14:00,2.3,,Germany
101011,SKU-DRY-002,Extra Virgin Olive Oil 750ml,8,26-01-2024 07:00,16.09,CUST-1103,United Kingdom
101011,SKU-HOU-003,Microfiber Cleaning Towels 4-Pack,8,01-06-2024 11:00,5.87,CUST-1127,Germany
101011,SKU-FRZ-001,Frozen Organic Mixed Berries 400g,3,2024/08/22,4.37,CUST-1497,United Kingdom
101012,SKU-SNK-003,Dark Chocolate 70% Bar 100g,4,2024-11-04 14:00:00,3.67,CUST-1487,Canada
101012,SKU-DRY-003,Whole Grain Pasta 500g,3,01/06/2024 03:00,2.52,CUST-1193,Australia
101012,SKU-DRY-001,Basmati Long Grain Rice 5kg,4,2024/04/19,13.91,CUST-1456,France
101013,SKU-SNK-001,Artisan Sea Salt Potato Chips 150g,8,23-08-2024 04:00,3.22,CUST-1444,United States
101013,SKU-BEV-003,Sparkling Mineral Water 1L,4,02-05-2024 02:00,2.04,CUST-1385,Canada
101013,SKU-SNK-001,Artisan Sea Salt Potato Chips 150g,5,2024-06-20 03:00:00,2.85,CUST-1162,Australia
101014,SKU-FRZ-001,Frozen Organic Mixed Berries 400g,1000,2024-06-12 04:00:00,4.57,CUST-1258,Canada
101014,SKU-PER-002,Moisturizing Face Cleanser 150ml,8,2024-07-25 16:00:00,10.93,CUST-1218,Australia
101014,SKU-DRY-001,Basmati Long Grain Rice 5kg,2,2024-04-05 01:00:00,14.13,CUST-1208,Germany
101015,SKU-PER-002,Moisturizing Face Cleanser 150ml,5,23-05-2024 13:00,10.53,CUST-1010,Germany
101015,SKU-BEV-003,Sparkling Mineral Water 1L,5,21-12-2024 10:00,1.88,CUST-1008,Germany
101015,SKU-BEV-002,Organic Green Tea 500ml,6,11/16/2024 05:00,2.23,CUST-1455,Australia
101016,SKU-HOU-003,Microfiber Cleaning Towels 4-Pack,2,2024/07/12,5.7,CUST-1362,France
101016,SKU-BEV-002,Organic Green Tea 500ml,2,2024-02-11 16:00:00,2.4,CUST-1140,Germany
101016,SKU-SNK-002,Roasted Almonds & Cranberry Mix 200g,3,02-01-2024 19:00,6.07,CUST-1038,United States
101017,SKU-DRY-003,Whole Grain Pasta 500g,2,2024/08/01,2.51,CUST-1030,Canada
101017,SKU-SNK-002,Roasted Almonds & Cranberry Mix 200g,5,2024-10-12 22:00:00,5.68,CUST-1054,France
101017,SKU-HOU-003,Microfiber Cleaning Towels 4-Pack,3,01-04-2024 13:00,6.34,CUST-1240,United Kingdom
101018,SKU-BEV-003,Sparkling Mineral Water 1L,2,2024/02/21,2.01,CUST-1292,Germany
101018,SKU-HOU-003,Microfiber Cleaning Towels 4-Pack,4,2024/01/10,7.33,CUST-1191,United Kingdom
101018,SKU-BEV-001,Cold Brew Coffee 250ml,3,2024-08-24 05:00:00,3.5,CUST-1101,Canada
101019,SKU-SNK-002,Roasted Almonds & Cranberry Mix 200g,3,06-11-2024 16:00,4.78,CUST-1084,Australia
101019,SKU-BEV-001,Cold Brew Coffee 250ml,5,2024-05-02 19:00:00,3.45,CUST-1056,Canada
101019,SKU-BEV-002,Organic Green Tea 500ml,6,2024/04/17,2.84,CUST-1116,United Kingdom
101020,SKU-FRZ-001,Frozen Organic Mixed Berries 400g,2,02/13/2024 06:00,4.15,CUST-1023,United Kingdom
101020,SKU-PER-001,Antibacterial Hand Soap 300ml,2,09/28/2024 07:00,3.91,CUST-1476,France
101020,SKU-DRY-002,Extra Virgin Olive Oil 750ml,5,25-09-2024 06:00,14.9,CUST-1377,United Kingdom
101021,SKU-BEV-001,Cold Brew Coffee 250ml,6,2024/12/22,3.74,CUST-1332,Germany
101021,SKU-SNK-003,Dark Chocolate 70% Bar 100g,5,09-02-2024 01:00,3.29,CUST-1060,United Kingdom
101021,SKU-BEV-003,Sparkling Mineral Water 1L,3,2024-03-12 12:00:00,1.68,CUST-1354,United States
101022,SKU-SNK-002,Roasted Almonds & Cranberry Mix 200g,4,2024-01-07 17:00:00,5.32,CUST-1485,Germany
101022,SKU-DRY-002,Extra Virgin Olive Oil 750ml,8,2024/05/22,13.97,CUST-1201,United States
101022,SKU-HOU-003,Microfiber Cleaning Towels 4-Pack,3,16-11-2024 19:00,0.0,CUST-1304,France
C101023,SKU-HOU-003,Microfiber Cleaning Towels 4-Pack,-7,31-03-2024 15:00,6.01,CUST-1311,Germany
101023,SKU-DRY-002,Extra Virgin Olive Oil 750ml,10,09/11/2024 22:00,14.76,CUST-1379,United Kingdom
101023,SKU-DRY-003,Whole Grain Pasta 500g,5,2024/02/17,2.29,CUST-1453,Australia
C101024,SKU-DRY-003,Whole Grain Pasta 500g,-5,06/06/2024 00:00,2.36,CUST-1357,Canada
101024,SKU-PER-002,Moisturizing Face Cleanser 150ml,3,08/24/2024 00:00,11.0,CUST-1047,Australia
101024,SKU-DRY-002,Extra Virgin Olive Oil 750ml,4,2024/07/26,14.45,CUST-1018,Australia
101025,SKU-BEV-001,Cold Brew Coffee 250ml,5,2024/10/11,3.83,CUST-1245,United Kingdom
101025,SKU-BEV-002,Organic Green Tea 500ml,4,01/22/2024 09:00,2.37,CUST-1434,United States
101025,SKU-DRY-003,Whole Grain Pasta 500g,3,14-01-2024 18:00,2.19,CUST-1455,Canada
101026,SKU-FRZ-001,Frozen Organic Mixed Berries 400g,2,2024-04-20 06:00:00,5.21,,Australia
101026,SKU-DRY-001,Basmati Long Grain Rice 5kg,5,2024/08/06,12.24,CUST-1169,Australia
101026,SKU-DRY-001,Basmati Long Grain Rice 5kg,4,2024-11-02 16:00:00,14.2,,Australia
101027,SKU-BEV-003,Sparkling Mineral Water 1L,5,30-11-2024 21:00,1.83,CUST-1013,Germany
101027,SKU-HOU-001,Eco-Friendly Dishwashing Liquid 1L,5,25-08-2024 08:00,4.14,CUST-1460,United States
C101027,SKU-SNK-003,Dark Chocolate 70% Bar 100g,-5,2024/10/02,3.23,CUST-1472,Germany
101028,SKU-BEV-001,Cold Brew Coffee 250ml,5,2024-01-04 06:00:00,4.33,CUST-1441,United States
101028,SKU-SNK-002,Roasted Almonds & Cranberry Mix 200g,5,2024/01/28,4.93,CUST-1287,Germany
101028,SKU-SNK-002,Roasted Almonds & Cranberry Mix 200g,6,2024/04/15,5.09,CUST-1306,Germany
101029,SKU-HOU-003,Microfiber Cleaning Towels 4-Pack,2,11/23/2024 23:00,7.13,CUST-1187,Canada
101029,SKU-HOU-001,Eco-Friendly Dishwashing Liquid 1L,7,2024/06/15,4.29,CUST-1073,France
101029,SKU-HOU-002,Multi-Surface Disinfectant Wipes 80ct,3,2024/10/20,4.53,CUST-1148,France
101030,SKU-BEV-001,Cold Brew Coffee 250ml,3,17-04-2024 17:00,3.45,CUST-1203,Canada
101030,SKU-DRY-002,Extra Virgin Olive Oil 750ml,6,2024/01/01,14.27,CUST-1224,France
101030,SKU-BEV-001,Cold Brew Coffee 250ml,5,07-10-2024 04:00,3.58,CUST-1107,France
101031,SKU-FRZ-001,Frozen Organic Mixed Berries 400g,7,2024/10/04,4.31,CUST-1159,United States
101031,SKU-SNK-001,Artisan Sea Salt Potato Chips 150g,8,15-02-2024 13:00,2.79,,Canada
101031,SKU-DRY-003,Whole Grain Pasta 500g,4,2024-04-17 13:00:00,1.88,CUST-1359,France
101032,SKU-DRY-001,Basmati Long Grain Rice 5kg,1,02/14/2024 03:00,14.44,CUST-1405,United States
101032,SKU-HOU-001,Eco-Friendly Dishwashing Liquid 1L,6,2024/10/21,3.68,CUST-1091,France
101032,SKU-BEV-002,Organic Green Tea 500ml,11,08-10-2024 04:00,2.24,CUST-1238,United States
101033,SKU-FRZ-001,Frozen Organic Mixed Berries 400g,10,02/16/2024 06:00,5.44,CUST-1397,Australia
101033,SKU-FRZ-001,Frozen Organic Mixed Berries 400g,6,19-09-2024 17:00,4.26,CUST-1376,Germany
101033,SKU-BEV-001,Cold Brew Coffee 250ml,6,09/05/2024 14:00,4.06,CUST-1047,United Kingdom
101034,SKU-PER-002,Moisturizing Face Cleanser 150ml,4,10/23/2024 06:00,9.68,CUST-1012,France
101034,SKU-PER-002,Moisturizing Face Cleanser 150ml,3,2024-08-24 02:00:00,10.77,CUST-1185,Australia
101034,SKU-FRZ-001,Frozen Organic Mixed Berries 400g,6,21-12-2024 15:00,5.27,CUST-1444,Germany
101035,SKU-BEV-001,Cold Brew Coffee 250ml,5,2024/02/15,3.63,CUST-1349,Germany
101035,SKU-HOU-001,Eco-Friendly Dishwashing Liquid 1L,5,21-10-2024 14:00,3.46,CUST-1230,France
101035,SKU-BEV-001,Cold Brew Coffee 250ml,4,14-03-2024 04:00,4.09,CUST-1022,Australia
101036,SKU-PER-002,Moisturizing Face Cleanser 150ml,3,06/20/2024 09:00,9.4,CUST-1419,United States
101036,SKU-FRZ-001,Frozen Organic Mixed Berries 400g,4,2024-10-01 07:00:00,4.43,,Australia
101036,SKU-BEV-001,Cold Brew Coffee 250ml,7,2024-08-13 01:00:00,3.62,CUST-1017,France
101037,SKU-HOU-001,Eco-Friendly Dishwashing Liquid 1L,9,02-02-2024 22:00,3.56,CUST-1221,Australia
101037,SKU-PER-002,Moisturizing Face Cleanser 150ml,3,2024-05-05 20:00:00,8.78,CUST-1455,France
101037,SKU-FRZ-001,Frozen Organic Mixed Berries 400g,3,2024/07/17,5.19,CUST-1370,Australia
101038,SKU-SNK-001,Artisan Sea Salt Potato Chips 150g,3,09/27/2024 16:00,2.78,CUST-1299,France
C101038,SKU-BEV-002,Organic Green Tea 500ml,-5,2024/04/27,2.12,CUST-1221,France
101038,SKU-HOU-001,Eco-Friendly Dishwashing Liquid 1L,4,2024/03/22,4.31,,Australia
101039,SKU-BEV-001,Cold Brew Coffee 250ml,5,07/25/2024 23:00,4.29,CUST-1020,United Kingdom
101039,SKU-HOU-001,Eco-Friendly Dishwashing Liquid 1L,6,08/08/2024 11:00,3.45,CUST-1138,Australia
101039,SKU-DRY-001,Basmati Long Grain Rice 5kg,7,2024-06-22 20:00:00,14.52,CUST-1477,Canada
101040,SKU-DRY-003,Whole Grain Pasta 500g,6,2024-09-27 22:00:00,2.07,CUST-1493,United Kingdom
101040,SKU-PER-002,,6,07/09/2024 15:00,10.08,CUST-1088,Australia
101040,SKU-DRY-001,Basmati Long Grain Rice 5kg,6,05/13/2024 21:00,12.66,CUST-1071,Australia
101041,SKU-HOU-002,Multi-Surface Disinfectant Wipes 80ct,5,2024/04/28,4.43,CUST-1176,France
101041,SKU-HOU-003,Microfiber Cleaning Towels 4-Pack,4,01/23/2024 08:00,7.13,,Canada
101041,SKU-BEV-001,Cold Brew Coffee 250ml,5,10/14/2024 01:00,4.49,CUST-1146,United Kingdom
101042,SKU-PER-002,Moisturizing Face Cleanser 150ml,8,25-05-2024 18:00,10.42,,United Kingdom
101042,SKU-BEV-002,Organic Green Tea 500ml,4,2024/12/26,2.84,CUST-1216,France
101042,SKU-DRY-002,Extra Virgin Olive Oil 750ml,6,2024-04-02 16:00:00,1450.0,CUST-1128,Canada
101043,SKU-BEV-003,Sparkling Mineral Water 1L,5,2024-09-26 03:00:00,1.76,CUST-1329,France
101043,SKU-BEV-003,Sparkling Mineral Water 1L,5,31-03-2024 23:00,1.85,CUST-1252,United Kingdom
101043,SKU-SNK-002,Roasted Almonds & Cranberry Mix 200g,3,2024/09/04,6.31,CUST-1095,Germany
101044,SKU-DRY-001,Basmati Long Grain Rice 5kg,5,01/24/2024 18:00,11.94,CUST-1277,Germany
101044,SKU-HOU-002,Multi-Surface Disinfectant Wipes 80ct,7,11-01-2024 19:00,5.18,CUST-1339,Australia
101044,SKU-HOU-002,Multi-Surface Disinfectant Wipes 80ct,4,2024-11-20 03:00:00,5.67,CUST-1174,France
101045,SKU-BEV-003,Sparkling Mineral Water 1L,5,04-08-2024 13:00,1.9,CUST-1210,Canada
101045,SKU-DRY-003,Whole Grain Pasta 500g,8,2024/02/16,2.47,CUST-1367,France
101045,SKU-HOU-002,Multi-Surface Disinfectant Wipes 80ct,5,2024-04-02 04:00:00,5.36,CUST-1322,Australia
101046,SKU-SNK-001,Artisan Sea Salt Potato Chips 150g,5,2024/12/03,3.15,CUST-1425,Australia
101046,SKU-FRZ-001,Frozen Organic Mixed Berries 400g,5,2024/12/02,4.87,CUST-1010,France
101046,SKU-BEV-001,Cold Brew Coffee 250ml,7,2024-01-21 14:00:00,4.37,CUST-1163,Canada
101047,SKU-SNK-003,Dark Chocolate 70% Bar 100g,6,14-03-2024 12:00,3.55,CUST-1357,United States
101047,SKU-BEV-001,Cold Brew Coffee 250ml,3,02-01-2024 01:00,4.22,CUST-1247,France
101047,SKU-HOU-001,Eco-Friendly Dishwashing Liquid 1L,2,2024/09/26,4.03,,United States
101048,SKU-PER-001,Antibacterial Hand Soap 300ml,6,11/13/2024 06:00,4.44,CUST-1120,Canada
101048,SKU-PER-002,Moisturizing Face Cleanser 150ml,4,2024/11/01,11.2,CUST-1393,Canada
101048,SKU-SNK-001,Artisan Sea Salt Potato Chips 150g,4,2024-02-17 12:00:00,299.0,CUST-1038,France
101049,SKU-HOU-003,Microfiber Cleaning Towels 4-Pack,7,2024-12-14 03:00:00,7.36,CUST-1135,Canada
101049,SKU-DRY-001,Basmati Long Grain Rice 5kg,4,05-12-2024 15:00,14.54,CUST-1087,United Kingdom
101049,SKU-DRY-001,Basmati Long Grain Rice 5kg,3,12/07/2024 15:00,11.89,CUST-1433,Germany
101050,SKU-FRZ-001,Frozen Organic Mixed Berries 400g,4,04-09-2024 09:00,5.35,,United States
101050,SKU-PER-002,Moisturizing Face Cleanser 150ml,3,12/06/2024 19:00,10.28,CUST-1371,France
101050,SKU-BEV-002,Organic Green Tea 500ml,8,2024/05/05,2.59,CUST-1121,Australia
101051,SKU-HOU-003,Microfiber Cleaning Towels 4-Pack,4,28-10-2024 07:00,5.96,CUST-1322,Germany
101051,SKU-DRY-001,Basmati Long Grain Rice 5kg,6,2024-05-28 14:00:00,12.56,CUST-1183,Canada
101051,SKU-DRY-002,Extra Virgin Olive Oil 750ml,6,2024/12/14,15.85,CUST-1465,United States
101052,SKU-PER-002,Moisturizing Face Cleanser 150ml,5,09/05/2024 10:00,9.92,CUST-1212,United Kingdom
101052,SKU-PER-002,Moisturizing Face Cleanser 150ml,4,21-04-2024 09:00,9.81,CUST-1264,France
101052,  SKU-DRY-002  ,Extra Virgin Olive Oil 750ml,3,03/01/2024 20:00,14.0,CUST-1360,Canada
101053,SKU-PER-002,Moisturizing Face Cleanser 150ml,4,03/27/2024 21:00,8.81,CUST-1241,Canada
101053,SKU-BEV-002,Organic Green Tea 500ml,4,2024/06/19,2.33,CUST-1379,United States
101053,SKU-BEV-003,Sparkling Mineral Water 1L,6,2024-09-12 14:00:00,1.74,CUST-1186,Australia
101054,SKU-SNK-001,Artisan Sea Salt Potato Chips 150g,8,08-09-2024 15:00,2.83,CUST-1223,France
101054,SKU-BEV-003,Sparkling Mineral Water 1L,8,05/01/2024 01:00,1.6,CUST-1191,United Kingdom
101054,SKU-FRZ-001,Frozen Organic Mixed Berries 400g,8,06-10-2024 20:00,4.83,CUST-1141,Germany
101055,SKU-PER-002,Moisturizing Face Cleanser 150ml,6,04/13/2024 00:00,11.38,CUST-1025,United States
101055,SKU-DRY-002,Extra Virgin Olive Oil 750ml,5,2024/08/03,16.42,CUST-1056,Germany
101055,SKU-BEV-002,Organic Green Tea 500ml,7,2024/01/02,2.84,CUST-1228,France
101056,SKU-DRY-001,Basmati Long Grain Rice 5kg,3,09/14/2024 07:00,12.19,CUST-1153,Canada
101056,SKU-PER-001,Antibacterial Hand Soap 300ml,5,10/05/2024 19:00,4.75,CUST-1220,United Kingdom
C101056,SKU-PER-001,Antibacterial Hand Soap 300ml,-5,20-02-2024 16:00,3.98,CUST-1160,United Kingdom
101057,SKU-SNK-002,Roasted Almonds & Cranberry Mix 200g,0,06-01-2024 22:00,4.88,CUST-1328,United Kingdom
101057,SKU-SNK-002,Roasted Almonds & Cranberry Mix 200g,3,2024/08/30,5.34,CUST-1162,Australia
101057,SKU-DRY-002,Extra Virgin Olive Oil 750ml,4,2024/07/22,14.22,CUST-1179,Germany
101058,SKU-PER-001,Antibacterial Hand Soap 300ml,8,24-08-2024 10:00,4.63,CUST-1490,Australia
101058,SKU-BEV-002,Organic Green Tea 500ml,2,10/24/2024 01:00,2.37,CUST-1224,United States
101058,SKU-DRY-003,Whole Grain Pasta 500g,1,2024/07/06,2.4,CUST-1280,Australia
101059,SKU-SNK-003,Dark Chocolate 70% Bar 100g,6,12/02/2024 09:00,3.38,,Germany
101059,SKU-HOU-001,Eco-Friendly Dishwashing Liquid 1L,5,2024/03/18,3.73,,Germany
101059,SKU-SNK-002,Roasted Almonds & Cranberry Mix 200g,7,10/06/2024 00:00,5.44,CUST-1480,United States
101060,SKU-HOU-002,Multi-Surface Disinfectant Wipes 80ct,3,04-10-2024 10:00,5.43,CUST-1160,Australia
101060,SKU-BEV-001,Cold Brew Coffee 250ml,4,09/27/2024 07:00,399.0,CUST-1250,Germany
101060,SKU-DRY-003,Whole Grain Pasta 500g,5,2024/04/09,2.48,CUST-1112,Australia
101061,SKU-HOU-003,Microfiber Cleaning Towels 4-Pack,2,2024/10/25,6.81,CUST-1171,United States
101061,SKU-SNK-002,Roasted Almonds & Cranberry Mix 200g,2,08-07-2024 09:00,4.9,CUST-1373,France
101061,SKU-BEV-002,Organic Green Tea 500ml,5,2024/01/12,2.63,CUST-1081,Canada
101062,SKU-SNK-003,Dark Chocolate 70% Bar 100g,4,2024-07-26 17:00:00,2.92,CUST-1430,France
101062,SKU-DRY-002,Extra Virgin Olive Oil 750ml,6,22-04-2024 08:00,12.72,CUST-1235,Australia
101062,SKU-SNK-002,Roasted Almonds & Cranberry Mix 200g,5,2024/01/05,5.0,CUST-1200,France
101063,SKU-DRY-001,Basmati Long Grain Rice 5kg,8,12/22/2024 01:00,11.17,,United Kingdom
101063,SKU-DRY-001,Basmati Long Grain Rice 5kg,4,2024/10/10,13.13,CUST-1400,United Kingdom
101063,SKU-DRY-003,Whole Grain Pasta 500g,2,08/15/2024 17:00,2.23,CUST-1293,United States
C101064,SKU-BEV-002,Organic Green Tea 500ml,-7,11/23/2024 07:00,2.63,CUST-1271,Canada
101064,SKU-PER-002,Moisturizing Face Cleanser 150ml,2,12/08/2024 14:00,11.29,CUST-1101,Canada
101064,SKU-DRY-001,Basmati Long Grain Rice 5kg,3,2024/02/01,14.68,CUST-1467,Germany
101065,SKU-HOU-002,,2,03-01-2024 01:00,5.24,CUST-1500,United States
C101065,SKU-HOU-001,Eco-Friendly Dishwashing Liquid 1L,-5,2024-12-29 23:00:00,3.68,CUST-1248,Germany
101065,SKU-PER-002,Moisturizing Face Cleanser 150ml,3,2024-04-11 16:00:00,11.31,CUST-1404,Germany
C101066,SKU-BEV-002,Organic Green Tea 500ml,-6,2024/10/04,2.44,CUST-1187,Canada
101066,SKU-PER-002,Moisturizing Face Cleanser 150ml,4,2024-07-13 05:00:00,10.45,CUST-1171,United States
101066,SKU-DRY-003,Whole Grain Pasta 500g,5,04/04/2024 01:00,2.44,CUST-1196,Germany
101067,SKU-SNK-003,Dark Chocolate 70% Bar 100g,7,25-10-2024 09:00,3.44,CUST-1403,United Kingdom
101067,SKU-DRY-001,Basmati Long Grain Rice 5kg,4,2024/07/18,12.46,CUST-1019,United Kingdom
101067,SKU-BEV-002,Organic Green Tea 500ml,3,07/21/2024 14:00,2.77,CUST-1359,Australia
101068,SKU-BEV-001,Cold Brew Coffee 250ml,4,24-01-2024 19:00,4.53,CUST-1461,Australia
101068,SKU-DRY-001,Basmati Long Grain Rice 5kg,5,12/04/2024 11:00,11.08,CUST-1289,Canada
101068,SKU-DRY-002,Extra Virgin Olive Oil 750ml,4,2024-01-10 11:00:00,16.5,CUST-1117,Australia
101069,SKU-PER-001,Antibacterial Hand Soap 300ml,5,03/15/2024 03:00,3.74,CUST-1078,United Kingdom
101069,SKU-HOU-003,Microfiber Cleaning Towels 4-Pack,5,08/26/2024 08:00,6.31,CUST-1082,Australia
101069,SKU-DRY-002,Extra Virgin Olive Oil 750ml,4,2024/07/29,12.59,CUST-1061,United Kingdom
101070,SKU-BEV-002,Organic Green Tea 500ml,3,2024/08/17,2.78,CUST-1135,Germany
101070,SKU-FRZ-001,Frozen Organic Mixed Berries 400g,6,11-10-2024 22:00,5.17,CUST-1176,Australia
101070,SKU-BEV-003,Sparkling Mineral Water 1L,7,09-10-2024 16:00,1.57,CUST-1427,France
101071,SKU-DRY-003,Whole Grain Pasta 500g,6,31-01-2024 09:00,2.14,CUST-1098,Australia
101071,SKU-SNK-003,Dark Chocolate 70% Bar 100g,5,22-04-2024 11:00,0.0,CUST-1144,United States
101071,SKU-SNK-002,Roasted Almonds & Cranberry Mix 200g,3,2024-07-03 11:00:00,4.87,CUST-1174,Australia
101072,SKU-HOU-003,,5,10/20/2024 17:00,6.02,CUST-1431,France
101072,SKU-FRZ-001,Frozen Organic Mixed Berries 400g,6,31-03-2024 11:00,4.56,CUST-1031,Germany
101072,SKU-DRY-003,Whole Grain Pasta 500g,2,2024-04-27 08:00:00,1.96,CUST-1094,United Kingdom
101073,SKU-FRZ-001,Frozen Organic Mixed Berries 400g,6,03/12/2024 21:00,4.72,CUST-1228,Canada
101073,SKU-DRY-001,Basmati Long Grain Rice 5kg,2,2024-08-17 04:00:00,14.01,CUST-1385,France
101073,SKU-PER-001,Antibacterial Hand Soap 300ml,2,16-07-2024 15:00,3.71,CUST-1080,France
101074,SKU-DRY-001,Basmati Long Grain Rice 5kg,4,06-10-2024 02:00,14.46,CUST-1216,France
101074,SKU-HOU-002,Multi-Surface Disinfectant Wipes 80ct,5,2024-05-07 11:00:00,5.59,CUST-1230,Germany
101074,SKU-BEV-001,,7,05/21/2024 13:00,3.77,CUST-1262,Canada
101075,SKU-DRY-003,Whole Grain Pasta 500g,2,01/08/2024 17:00,1.9,CUST-1428,Australia
101075,SKU-SNK-003,Dark Chocolate 70% Bar 100g,4,2024-05-12 09:00:00,3.67,CUST-1048,United Kingdom
C101075,SKU-BEV-002,Organic Green Tea 500ml,-4,2024-08-04 18:00:00,2.43,CUST-1194,Germany
101076,SKU-BEV-003,Sparkling Mineral Water 1L,6,10/07/2024 03:00,2.03,CUST-1472,United States
101076,SKU-DRY-003,Whole Grain Pasta 500g,9,2024/04/09,2.38,CUST-1033,Germany
101076,SKU-SNK-003,Dark Chocolate 70% Bar 100g,2,2024/11/23,2.93,,Canada
101077,SKU-BEV-003,Sparkling Mineral Water 1L,5,2024/10/15,2.05,CUST-1285,France
101077,SKU-BEV-002,Organic Green Tea 500ml,2,2024-07-17 14:00:00,2.85,CUST-1472,United Kingdom
C101077,SKU-SNK-001,Artisan Sea Salt Potato Chips 150g,-3,01/07/2024 20:00,3.3,CUST-1020,France
101078,SKU-PER-002,Moisturizing Face Cleanser 150ml,2,2024/07/13,11.17,CUST-1271,United States
101078,SKU-DRY-002,Extra Virgin Olive Oil 750ml,4,2024-06-04 22:00:00,12.99,CUST-1232,United Kingdom
101078,SKU-SNK-003,Dark Chocolate 70% Bar 100g,4,2024-06-23 17:00:00,3.64,CUST-1151,Germany
101079,SKU-PER-002,Moisturizing Face Cleanser 150ml,7,2024/02/28,9.3,CUST-1425,United Kingdom
101079,SKU-SNK-002,Roasted Almonds & Cranberry Mix 200g,3,10/19/2024 12:00,6.04,CUST-1326,France
101079,SKU-HOU-003,Microfiber Cleaning Towels 4-Pack,5,08/17/2024 12:00,5.55,CUST-1315,France
101080,SKU-DRY-002,Extra Virgin Olive Oil 750ml,6,2024-04-08 20:00:00,13.31,CUST-1144,United Kingdom
101080,SKU-HOU-002,Multi-Surface Disinfectant Wipes 80ct,6,2024/09/12,4.41,CUST-1316,United Kingdom
101080,SKU-BEV-001,Cold Brew Coffee 250ml,8,10/23/2024 19:00,3.85,CUST-1380,Canada
101081,SKU-FRZ-001,Frozen Organic Mixed Berries 400g,8,06/03/2024 18:00,4.15,CUST-1032,France
101081,SKU-PER-001,Antibacterial Hand Soap 300ml,8,20-07-2024 10:00,3.67,CUST-1185,United States
101081,SKU-HOU-001,Eco-Friendly Dishwashing Liquid 1L,5,2024-01-08 22:00:00,3.69,CUST-1183,Canada
101082,SKU-SNK-003,Dark Chocolate 70% Bar 100g,1,2024-09-08 23:00:00,3.15,CUST-1076,Australia
101082,SKU-DRY-001,Basmati Long Grain Rice 5kg,2,2024-11-22 22:00:00,13.93,CUST-1098,Canada
101082,SKU-SNK-002,Roasted Almonds & Cranberry Mix 200g,4,25-02-2024 09:00,4.81,CUST-1442,Australia
101083,SKU-DRY-002,Extra Virgin Olive Oil 750ml,3,08/25/2024 11:00,14.62,CUST-1432,Australia
101083,SKU-BEV-002,Organic Green Tea 500ml,5,09/30/2024 18:00,2.35,CUST-1370,United Kingdom
101083,SKU-HOU-002,Multi-Surface Disinfectant Wipes 80ct,8,07-12-2024 20:00,5.69,CUST-1104,France
101084,SKU-HOU-003,Microfiber Cleaning Towels 4-Pack,8,2024-06-29 00:00:00,6.86,CUST-1162,Australia
101084,SKU-HOU-001,Eco-Friendly Dishwashing Liquid 1L,8,01/04/2024 08:00,4.06,CUST-1464,United States
101084,SKU-SNK-001,Artisan Sea Salt Potato Chips 150g,3,2024-01-26 02:00:00,2.73,CUST-1323,United States
101085,SKU-BEV-001,Cold Brew Coffee 250ml,6,15-06-2024 20:00,4.53,,France
101085,SKU-FRZ-001,Frozen Organic Mixed Berries 400g,10,04-08-2024 12:00,5.11,CUST-1491,Germany
101085,SKU-DRY-001,Basmati Long Grain Rice 5kg,2,07/10/2024 06:00,12.22,,Canada
101086,SKU-SNK-002,Roasted Almonds & Cranberry Mix 200g,2,2024/09/27,5.54,,Germany
101086,SKU-BEV-002,Organic Green Tea 500ml,2,2024/02/24,2.16,CUST-1178,France
101086,SKU-BEV-003,Sparkling Mineral Water 1L,3,11-06-2024 12:00,1.69,CUST-1131,United Kingdom
C101087,SKU-DRY-001,Basmati Long Grain Rice 5kg,-2,03-07-2024 13:00,12.3,CUST-1109,France
101087,SKU-SNK-001,Artisan Sea Salt Potato Chips 150g,7,2024/07/17,3.11,CUST-1306,United States
101087,SKU-DRY-003,Whole Grain Pasta 500g,3,19-10-2024 08:00,1.93,CUST-1140,France
101088,SKU-HOU-003,Microfiber Cleaning Towels 4-Pack,7,08-07-2024 23:00,5.99,CUST-1424,Australia
101088,SKU-DRY-001,Basmati Long Grain Rice 5kg,10,2024-11-22 04:00:00,14.05,CUST-1039,France
101088,SKU-HOU-003,Microfiber Cleaning Towels 4-Pack,1000,2024-08-06 07:00:00,6.45,CUST-1318,Australia
101089,SKU-SNK-002,Roasted Almonds & Cranberry Mix 200g,2,13-01-2024 04:00,5.86,CUST-1247,United Kingdom
101089,SKU-DRY-003,Whole Grain Pasta 500g,5,2024/07/01,2.19,CUST-1310,United Kingdom
101089,SKU-DRY-001,Basmati Long Grain Rice 5kg,3,2024-03-05 18:00:00,11.18,CUST-1424,Canada
101090,SKU-DRY-002,Extra Virgin Olive Oil 750ml,8,2024-12-16 01:00:00,15.53,CUST-1045,United Kingdom
101090,SKU-HOU-003,Microfiber Cleaning Towels 4-Pack,6,2024/03/21,5.8,CUST-1107,United States
101090,SKU-DRY-001,Basmati Long Grain Rice 5kg,1000,2024/11/27,13.06,CUST-1217,Canada
101091,SKU-SNK-002,Roasted Almonds & Cranberry Mix 200g,6,03/03/2024 18:00,5.74,CUST-1251,Canada
101091,SKU-BEV-003,Sparkling Mineral Water 1L,6,10-03-2024 02:00,1.66,CUST-1133,France
101091,SKU-BEV-002,Organic Green Tea 500ml,8,07/15/2024 06:00,2.61,CUST-1406,France
101092,SKU-BEV-001,Cold Brew Coffee 250ml,4,05-09-2024 14:00,4.05,CUST-1114,France
101092,SKU-DRY-002,Extra Virgin Olive Oil 750ml,4,2024/05/23,13.29,CUST-1401,United Kingdom
101092,SKU-BEV-002,Organic Green Tea 500ml,7,12-06-2024 09:00,2.59,CUST-1243,Germany
101093,SKU-PER-002,Moisturizing Face Cleanser 150ml,4,01/31/2024 06:00,10.22,CUST-1364,United States
101093,SKU-BEV-003,Sparkling Mineral Water 1L,7,03/27/2024 02:00,1.54,CUST-1453,Canada
101093,SKU-HOU-002,Multi-Surface Disinfectant Wipes 80ct,5,07/26/2024 19:00,4.61,CUST-1449,Australia
101094,SKU-PER-001,Antibacterial Hand Soap 300ml,7,2024-04-25 16:00:00,4.15,CUST-1332,United States
101094,SKU-HOU-002,Multi-Surface Disinfectant Wipes 80ct,6,2024/05/22,4.59,CUST-1365,Australia
101094,SKU-HOU-002,Multi-Surface Disinfectant Wipes 80ct,8,2024-06-17 04:00:00,5.72,CUST-1063,United Kingdom
101095,SKU-PER-002,,6,19-06-2024 19:00,9.59,CUST-1007,United Kingdom
101095,SKU-SNK-003,Dark Chocolate 70% Bar 100g,5,12/12/2024 14:00,3.34,CUST-1341,United Kingdom
101095,SKU-HOU-001,Eco-Friendly Dishwashing Liquid 1L,8,07-06-2024 14:00,4.16,CUST-1283,Germany
101096,SKU-HOU-001,Eco-Friendly Dishwashing Liquid 1L,4,08/29/2024 17:00,3.8,CUST-1484,France
101096,SKU-HOU-002,Multi-Surface Disinfectant Wipes 80ct,3,2024/01/12,4.98,CUST-1391,United States
101096,SKU-HOU-002,Multi-Surface Disinfectant Wipes 80ct,5,2024/02/17,5.72,CUST-1304,United Kingdom
101097,SKU-HOU-003,Microfiber Cleaning Towels 4-Pack,7,09-05-2024 22:00,6.49,CUST-1110,France
101097,SKU-BEV-001,Cold Brew Coffee 250ml,6,2024-10-09 17:00:00,4.44,CUST-1264,Canada
101097,SKU-BEV-002,Organic Green Tea 500ml,3,09/24/2024 00:00,2.63,CUST-1244,Germany
101098,SKU-FRZ-001,Frozen Organic Mixed Berries 400g,2,2024-08-07 07:00:00,5.27,CUST-1456,Canada
101098,SKU-BEV-002,Organic Green Tea 500ml,4,2024-03-29 07:00:00,2.79,CUST-1280,Australia
C101098,SKU-SNK-001,Artisan Sea Salt Potato Chips 150g,-9,02-08-2024 04:00,2.63,CUST-1212,France
101099,SKU-SNK-003,Dark Chocolate 70% Bar 100g,8,24-10-2024 06:00,3.78,,Germany
101099,SKU-BEV-003,Sparkling Mineral Water 1L,4,23-01-2024 22:00,1.86,CUST-1472,Germany
101099,SKU-HOU-002,Multi-Surface Disinfectant Wipes 80ct,5,2024-07-10 13:00:00,4.42,CUST-1376,United Kingdom
101100,SKU-BEV-001,Cold Brew Coffee 250ml,4,02/18/2024 20:00,3.49,CUST-1026,Canada
101100,SKU-BEV-002,Organic Green Tea 500ml,1,22-06-2024 23:00,0.0,,Germany
101100,SKU-SNK-002,Roasted Almonds & Cranberry Mix 200g,5,08-10-2024 11:00,5.43,CUST-1274,Germany
101101,SKU-DRY-001,Basmati Long Grain Rice 5kg,6,13-01-2024 22:00,13.4,CUST-1227,United States
101101,SKU-DRY-003,Whole Grain Pasta 500g,6,2024/01/27,1.92,CUST-1405,Germany
101101,SKU-PER-002,Moisturizing Face Cleanser 150ml,4,2024-09-11 13:00:00,10.19,CUST-1481,United States
101102,SKU-SNK-002,Roasted Almonds & Cranberry Mix 200g,3,2024/02/18,5.99,CUST-1449,United States
101102,SKU-HOU-001,Eco-Friendly Dishwashing Liquid 1L,5,06/05/2024 03:00,3.84,CUST-1192,Australia
101102,SKU-SNK-002,Roasted Almonds & Cranberry Mix 200g,8,2024/07/08,5.92,CUST-1128,United States
101103,SKU-DRY-003,Whole Grain Pasta 500g,1,06/04/2024 14:00,2.43,CUST-1323,France
101103,SKU-SNK-002,Roasted Almonds & Cranberry Mix 200g,9,12/02/2024 15:00,5.85,CUST-1468,Australia
101103,SKU-PER-001,Antibacterial Hand Soap 300ml,4,2024-07-27 17:00:00,4.01,CUST-1459,Australia
101104,SKU-HOU-001,Eco-Friendly Dishwashing Liquid 1L,7,2024/07/16,3.86,CUST-1412,Germany
101104,SKU-DRY-002,Extra Virgin Olive Oil 750ml,3,2024/05/20,13.52,CUST-1275,Canada
101104,SKU-DRY-003,Whole Grain Pasta 500g,2,31-10-2024 17:00,2.15,,Australia
101105,SKU-SNK-001,Artisan Sea Salt Potato Chips 150g,5,09/06/2024 00:00,2.85,CUST-1222,Canada
101105,SKU-HOU-003,Microfiber Cleaning Towels 4-Pack,6,11-01-2024 13:00,6.15,CUST-1223,United Kingdom
101105,SKU-HOU-001,Eco-Friendly Dishwashing Liquid 1L,1,2024/10/10,3.63,CUST-1056,Germany
101106,SKU-HOU-003,Microfiber Cleaning Towels 4-Pack,5,2024-11-15 12:00:00,7.38,CUST-1144,Germany
101106,SKU-HOU-003,Microfiber Cleaning Towels 4-Pack,5,2024/08/06,6.28,CUST-1136,Australia
101106,SKU-SNK-003,Dark Chocolate 70% Bar 100g,3,2024/08/17,3.54,CUST-1139,United States
101107,SKU-SNK-003,Dark Chocolate 70% Bar 100g,5,19-01-2024 00:00,3.47,CUST-1270,France
101107,SKU-DRY-002,Extra Virgin Olive Oil 750ml,4,22-09-2024 14:00,14.49,CUST-1430,United Kingdom
C101107,SKU-PER-002,Moisturizing Face Cleanser 150ml,-3,2024/10/18,9.76,CUST-1398,France
101108,SKU-SNK-002,Roasted Almonds & Cranberry Mix 200g,4,27-04-2024 17:00,4.76,CUST-1221,Canada
101108,SKU-HOU-002,Multi-Surface Disinfectant Wipes 80ct,5,14-11-2024 19:00,4.87,CUST-1199,France
101108,SKU-SNK-003,Dark Chocolate 70% Bar 100g,8,2024/01/15,2.97,,Canada
101109,SKU-DRY-002,Extra Virgin Olive Oil 750ml,6,12/13/2024 21:00,12.53,CUST-1383,France
101109,SKU-BEV-003,Sparkling Mineral Water 1L,8,2024/05/22,2.05,CUST-1142,United States
101109,SKU-BEV-002,Organic Green Tea 500ml,5,15-09-2024 23:00,2.2,CUST-1461,United Kingdom
101110,SKU-BEV-002,Organic Green Tea 500ml,5,2024/04/16,2.31,CUST-1042,United States
101110,SKU-HOU-003,Microfiber Cleaning Towels 4-Pack,7,2024-06-06 08:00:00,6.28,CUST-1078,Germany
101110,SKU-DRY-003,Whole Grain Pasta 500g,5,2024/05/21,2.35,CUST-1153,Canada
101111,SKU-SNK-001,Artisan Sea Salt Potato Chips 150g,7,28-07-2024 05:00,3.27,CUST-1069,United States
101111,SKU-PER-001,Antibacterial Hand Soap 300ml,3,2024-05-19 12:00:00,4.82,CUST-1316,Germany
101111,SKU-PER-002,Moisturizing Face Cleanser 150ml,6,07/27/2024 08:00,11.35,CUST-1453,Australia
101112,SKU-DRY-003,Whole Grain Pasta 500g,4,2024-07-02 05:00:00,2.5,CUST-1254,Canada
C101112,SKU-BEV-002,Organic Green Tea 500ml,-3,05-02-2024 12:00,2.77,CUST-1490,Germany
101112,SKU-HOU-001,Eco-Friendly Dishwashing Liquid 1L,4,2024-07-11 07:00:00,3.39,CUST-1135,United States
101113,SKU-BEV-002,Organic Green Tea 500ml,5,02/17/2024 03:00,2.3,CUST-1092,Canada
101113,SKU-BEV-002,Organic Green Tea 500ml,2,2024/07/17,2.14,CUST-1338,United States
101113,SKU-DRY-003,Whole Grain Pasta 500g,6,25-07-2024 06:00,2.49,,France
101114,SKU-PER-002,,7,10-11-2024 19:00,11.34,CUST-1119,United States
101114,SKU-HOU-001,Eco-Friendly Dishwashing Liquid 1L,2,10/30/2024 23:00,4.0,CUST-1453,United States
101114,SKU-SNK-002,Roasted Almonds & Cranberry Mix 200g,3,2024/04/27,6.28,CUST-1486,Germany
101115,SKU-BEV-001,Cold Brew Coffee 250ml,3,2024-10-10 22:00:00,3.71,CUST-1087,Germany
101115,SKU-SNK-002,Roasted Almonds & Cranberry Mix 200g,6,19-06-2024 08:00,5.12,CUST-1436,United States
101115,SKU-SNK-003,Dark Chocolate 70% Bar 100g,5,2024-02-05 21:00:00,3.71,CUST-1495,France
101116,SKU-HOU-003,Microfiber Cleaning Towels 4-Pack,5,2024/04/13,7.08,CUST-1387,Canada
101116,SKU-DRY-001,Basmati Long Grain Rice 5kg,6,03-02-2024 22:00,14.51,CUST-1428,United Kingdom
101116,SKU-HOU-003,Microfiber Cleaning Towels 4-Pack,7,2024-06-27 03:00:00,6.82,CUST-1373,Germany
101117,SKU-FRZ-001,Frozen Organic Mixed Berries 400g,6,03/13/2024 06:00,5.21,CUST-1195,Australia
101117,SKU-BEV-002,Organic Green Tea 500ml,5,06-12-2024 19:00,2.53,CUST-1490,United States
101117,SKU-HOU-001,Eco-Friendly Dishwashing Liquid 1L,3,2024-07-16 18:00:00,3.63,CUST-1074,Canada
101118,SKU-BEV-001,Cold Brew Coffee 250ml,7,2024-12-27 20:00:00,3.47,CUST-1336,United Kingdom
101118,SKU-SNK-002,Roasted Almonds & Cranberry Mix 200g,3,2024-10-30 06:00:00,5.34,CUST-1447,United States
101118,SKU-DRY-001,Basmati Long Grain Rice 5kg,5,2024/02/23,13.13,CUST-1241,United Kingdom
101119,SKU-PER-002,Moisturizing Face Cleanser 150ml,5,2024/11/15,8.63,CUST-1165,Canada
101119,SKU-BEV-002,Organic Green Tea 500ml,10,08-11-2024 02:00,2.67,CUST-1242,United Kingdom
101119,SKU-SNK-003,Dark Chocolate 70% Bar 100g,4,2024/09/04,3.22,CUST-1249,United States
101120,SKU-BEV-003,Sparkling Mineral Water 1L,5,04/30/2024 17:00,1.66,CUST-1056,Canada
101120,SKU-HOU-001,Eco-Friendly Dishwashing Liquid 1L,7,2024/09/05,4.42,CUST-1027,France
101120,SKU-BEV-003,Sparkling Mineral Water 1L,2,31-01-2024 16:00,1.96,CUST-1302,Australia
101121,SKU-DRY-003,Whole Grain Pasta 500g,7,2024-01-20 23:00:00,2.09,CUST-1212,United States
101121,SKU-DRY-003,Whole Grain Pasta 500g,6,01/27/2024 03:00,1.89,CUST-1367,France
101121,SKU-SNK-001,Artisan Sea Salt Potato Chips 150g,7,2024-11-08 10:00:00,2.84,CUST-1063,Canada
101122,SKU-DRY-001,Basmati Long Grain Rice 5kg,5,10/09/2024 04:00,14.18,CUST-1382,United States
101122,SKU-SNK-003,Dark Chocolate 70% Bar 100g,4,2024/06/15,2.94,CUST-1141,Australia
101122,SKU-FRZ-001,Frozen Organic Mixed Berries 400g,5,2024/01/14,4.7,CUST-1490,Australia
101123,SKU-BEV-002,Organic Green Tea 500ml,7,16-05-2024 14:00,2.85,CUST-1149,United Kingdom
101123,SKU-HOU-002,,4,2024-06-06 23:00:00,4.33,CUST-1212,Australia
101123,SKU-HOU-003,Microfiber Cleaning Towels 4-Pack,4,2024-12-04 22:00:00,7.18,CUST-1145,Australia
101124,SKU-PER-002,Moisturizing Face Cleanser 150ml,7,08/02/2024 23:00,8.87,CUST-1233,Germany
101124,SKU-SNK-001,Artisan Sea Salt Potato Chips 150g,5,2024-01-03 23:00:00,2.59,CUST-1486,Canada
101124,SKU-DRY-002,,2,2024-05-23 04:00:00,13.66,CUST-1401,United Kingdom
101125,SKU-SNK-001,Artisan Sea Salt Potato Chips 150g,6,2024-05-05 11:00:00,3.02,CUST-1059,United Kingdom
101125,SKU-BEV-002,Organic Green Tea 500ml,2,2024/03/03,2.68,CUST-1106,Australia
101125,SKU-BEV-002,Organic Green Tea 500ml,5,28-12-2024 05:00,2.68,,United States
101126,SKU-PER-002,Moisturizing Face Cleanser 150ml,6,29-01-2024 11:00,9.48,CUST-1410,Canada
101126,SKU-PER-001,Antibacterial Hand Soap 300ml,7,2024/04/09,4.36,CUST-1103,United Kingdom
101126,SKU-BEV-003,Sparkling Mineral Water 1L,2,2024-05-19 00:00:00,1.74,CUST-1154,United States
101127,SKU-SNK-001,Artisan Sea Salt Potato Chips 150g,5,2024-07-21 19:00:00,3.43,CUST-1296,United Kingdom
101127,SKU-SNK-001,Artisan Sea Salt Potato Chips 150g,5,18-10-2024 20:00,3.13,CUST-1305,Germany
101127,SKU-DRY-001,Basmati Long Grain Rice 5kg,6,21-03-2024 02:00,12.29,CUST-1404,United States
101128,SKU-PER-001,Antibacterial Hand Soap 300ml,4,2024/11/22,4.47,CUST-1414,United Kingdom
101128,SKU-HOU-001,Eco-Friendly Dishwashing Liquid 1L,3,12/19/2024 17:00,3.31,CUST-1337,United States
101128,SKU-BEV-001,Cold Brew Coffee 250ml,6,07/30/2024 20:00,3.91,CUST-1415,United Kingdom
101129,SKU-HOU-001,Eco-Friendly Dishwashing Liquid 1L,8,2024/04/19,4.01,CUST-1182,Canada
101129,SKU-BEV-001,Cold Brew Coffee 250ml,4,12/24/2024 23:00,3.44,CUST-1297,Germany
101129,SKU-BEV-001,Cold Brew Coffee 250ml,6,14-11-2024 14:00,3.87,CUST-1448,Canada
101130,SKU-DRY-001,Basmati Long Grain Rice 5kg,4,11/10/2024 07:00,14.47,,Canada
101130,SKU-DRY-003,Whole Grain Pasta 500g,2,2024-12-23 10:00:00,2.25,CUST-1278,Canada
101130,SKU-FRZ-001,Frozen Organic Mixed Berries 400g,12,2024/01/16,4.72,CUST-1312,Canada
101131,SKU-DRY-002,Extra Virgin Olive Oil 750ml,5,01/06/2024 17:00,14.64,CUST-1468,France
101131,SKU-FRZ-001,Frozen Organic Mixed Berries 400g,7,2024/12/28,5.25,CUST-1098,Germany
101131,SKU-FRZ-001,Frozen Organic Mixed Berries 400g,4,11/08/2024 13:00,4.38,,France
101132,  SKU-SNK-002  ,Roasted Almonds & Cranberry Mix 200g,5,08-02-2024 07:00,5.62,CUST-1271,Australia
101132,SKU-HOU-001,Eco-Friendly Dishwashing Liquid 1L,9,2024/05/24,4.06,CUST-1054,France
C101132,SKU-DRY-003,Whole Grain Pasta 500g,-6,2024/12/26,1.91,CUST-1325,France
101133,SKU-SNK-001,Artisan Sea Salt Potato Chips 150g,3,23-02-2024 03:00,2.65,CUST-1138,Australia
101133,SKU-HOU-001,Eco-Friendly Dishwashing Liquid 1L,8,06/21/2024 01:00,4.45,CUST-1180,Australia
101133,SKU-DRY-001,Basmati Long Grain Rice 5kg,5,2024-04-02 01:00:00,14.63,CUST-1129,United States
101134,SKU-DRY-002,Extra Virgin Olive Oil 750ml,2,2024/07/19,14.93,CUST-1218,United Kingdom
101134,SKU-SNK-003,Dark Chocolate 70% Bar 100g,11,07/24/2024 06:00,3.21,CUST-1028,United Kingdom
101134,SKU-HOU-001,Eco-Friendly Dishwashing Liquid 1L,6,2024/10/13,4.08,CUST-1116,Canada
101135,SKU-FRZ-001,Frozen Organic Mixed Berries 400g,3,2024/06/08,5.49,CUST-1341,Australia
101135,SKU-BEV-003,Sparkling Mineral Water 1L,4,01-09-2024 11:00,1.75,CUST-1030,Canada
101135,SKU-SNK-002,Roasted Almonds & Cranberry Mix 200g,3,05-02-2024 08:00,4.8,CUST-1074,France
101136,SKU-PER-002,Moisturizing Face Cleanser 150ml,3,2024-09-29 05:00:00,10.95,CUST-1423,Canada
C101136,SKU-PER-001,Antibacterial Hand Soap 300ml,-3,2024-01-25 18:00:00,4.16,CUST-1158,Germany
101136,SKU-SNK-001,Artisan Sea Salt Potato Chips 150g,6,2024-01-27 10:00:00,3.32,CUST-1251,France
101137,SKU-HOU-002,Multi-Surface Disinfectant Wipes 80ct,6,03-01-2024 21:00,4.75,CUST-1234,United Kingdom
101137,SKU-HOU-002,Multi-Surface Disinfectant Wipes 80ct,8,05/15/2024 08:00,4.8,CUST-1023,United States
101137,SKU-PER-002,Moisturizing Face Cleanser 150ml,6,2024-10-02 19:00:00,8.77,CUST-1183,United States
101138,SKU-BEV-003,Sparkling Mineral Water 1L,5,2024/04/10,1.66,CUST-1343,United Kingdom
101138,SKU-PER-002,Moisturizing Face Cleanser 150ml,6,2024-08-31 02:00:00,9.34,CUST-1041,United States
101138,SKU-SNK-003,Dark Chocolate 70% Bar 100g,4,08/28/2024 13:00,3.74,CUST-1327,Canada
101139,SKU-PER-001,Antibacterial Hand Soap 300ml,5,2024-05-07 20:00:00,4.05,CUST-1377,United Kingdom
101139,SKU-BEV-001,Cold Brew Coffee 250ml,5,2024/03/08,3.67,CUST-1068,Canada
101139,SKU-SNK-002,Roasted Almonds & Cranberry Mix 200g,7,20-07-2024 07:00,6.27,CUST-1268,Canada
101140,SKU-HOU-001,Eco-Friendly Dishwashing Liquid 1L,3,2024-07-11 18:00:00,3.86,CUST-1201,Australia
101140,SKU-HOU-002,Multi-Surface Disinfectant Wipes 80ct,5,12/14/2024 02:00,5.08,CUST-1337,United States
101140,SKU-PER-001,Antibacterial Hand Soap 300ml,5,28-10-2024 22:00,4.26,CUST-1132,United Kingdom
101141,SKU-DRY-001,Basmati Long Grain Rice 5kg,5,30-08-2024 16:00,14.06,CUST-1264,United States
101141,SKU-SNK-003,Dark Chocolate 70% Bar 100g,6,2024-11-16 13:00:00,3.32,CUST-1456,United States
101141,SKU-HOU-002,Multi-Surface Disinfectant Wipes 80ct,3,01-06-2024 04:00,4.33,CUST-1010,France
101142,SKU-HOU-001,Eco-Friendly Dishwashing Liquid 1L,7,12-06-2024 09:00,3.68,CUST-1137,Australia
101142,SKU-DRY-002,Extra Virgin Olive Oil 750ml,4,2024-05-22 20:00:00,15.1,CUST-1077,France
101142,SKU-SNK-003,Dark Chocolate 70% Bar 100g,4,23-06-2024 18:00,3.3,CUST-1026,Germany
101143,SKU-DRY-002,Extra Virgin Olive Oil 750ml,2,18-01-2024 03:00,15.1,CUST-1227,Germany
101143,SKU-HOU-003,Microfiber Cleaning Towels 4-Pack,4,05/18/2024 00:00,5.53,,United States
101143,SKU-PER-001,Antibacterial Hand Soap 300ml,4,2024/06/13,4.24,CUST-1317,Canada
101144,SKU-SNK-001,Artisan Sea Salt Potato Chips 150g,4,2024-09-22 10:00:00,2.79,CUST-1344,Australia
101144,SKU-DRY-002,Extra Virgin Olive Oil 750ml,6,04/14/2024 20:00,14.96,CUST-1161,Australia
101144,SKU-DRY-002,Extra Virgin Olive Oil 750ml,6,2024/07/12,15.55,CUST-1376,United Kingdom
101145,SKU-PER-002,Moisturizing Face Cleanser 150ml,10,10/31/2024 10:00,10.41,CUST-1032,Canada
101145,SKU-HOU-003,Microfiber Cleaning Towels 4-Pack,7,2024/11/13,5.74,,Canada
101145,SKU-PER-001,Antibacterial Hand Soap 300ml,500,2024/08/31,4.42,CUST-1027,Canada
101146,SKU-PER-001,Antibacterial Hand Soap 300ml,7,02-01-2024 21:00,4.68,CUST-1284,Australia
101146,SKU-PER-002,Moisturizing Face Cleanser 150ml,5,2024/04/24,9.64,CUST-1312,United Kingdom
101146,SKU-HOU-001,Eco-Friendly Dishwashing Liquid 1L,4,08/25/2024 12:00,3.55,,Australia
101147,SKU-BEV-002,Organic Green Tea 500ml,5,30-07-2024 22:00,2.72,CUST-1337,France
101147,SKU-HOU-002,Multi-Surface Disinfectant Wipes 80ct,11,09/19/2024 09:00,0.0,CUST-1477,United Kingdom
101147,SKU-DRY-002,Extra Virgin Olive Oil 750ml,4,20-02-2024 19:00,15.22,CUST-1030,United States
101148,SKU-BEV-003,Sparkling Mineral Water 1L,5,2024-08-26 15:00:00,1.54,CUST-1066,Canada
101148,SKU-BEV-002,Organic Green Tea 500ml,4,05-07-2024 23:00,2.44,CUST-1372,Canada
101148,SKU-BEV-002,Organic Green Tea 500ml,8,2024-08-15 06:00:00,249.0,CUST-1334,Canada
101149,SKU-SNK-002,Roasted Almonds & Cranberry Mix 200g,5,11-11-2024 00:00,5.93,CUST-1098,Australia
101149,SKU-DRY-002,Extra Virgin Olive Oil 750ml,6,2024-07-24 09:00:00,14.21,CUST-1371,United Kingdom
101149,SKU-HOU-002,Multi-Surface Disinfectant Wipes 80ct,5,2024/07/21,4.71,CUST-1050,Germany
101150,SKU-HOU-003,,4,11/11/2024 23:00,6.15,CUST-1305,Canada
101150,SKU-BEV-002,Organic Green Tea 500ml,2,10/12/2024 06:00,2.55,CUST-1245,United States
101150,SKU-BEV-002,Organic Green Tea 500ml,5,2024-09-28 05:00:00,2.46,CUST-1235,Australia
101151,SKU-PER-002,Moisturizing Face Cleanser 150ml,2,2024/11/16,8.8,CUST-1290,Canada
101151,SKU-DRY-003,Whole Grain Pasta 500g,4,10-11-2024 20:00,2.43,CUST-1009,Canada
101151,SKU-SNK-002,Roasted Almonds & Cranberry Mix 200g,9,2024/11/16,6.16,CUST-1318,Australia
101152,SKU-DRY-003,Whole Grain Pasta 500g,4,10/21/2024 02:00,2.19,CUST-1483,France
101152,SKU-FRZ-001,Frozen Organic Mixed Berries 400g,7,09-08-2024 11:00,5.49,CUST-1389,United Kingdom
101152,SKU-HOU-003,Microfiber Cleaning Towels 4-Pack,6,2024-04-13 08:00:00,6.39,CUST-1274,Australia
101153,SKU-SNK-002,Roasted Almonds & Cranberry Mix 200g,8,03-10-2024 23:00,6.04,CUST-1040,Germany
101153,SKU-SNK-002,Roasted Almonds & Cranberry Mix 200g,4,04/24/2024 11:00,5.61,CUST-1407,France
101153,SKU-BEV-002,Organic Green Tea 500ml,4,2024-09-05 21:00:00,2.3,,Australia
101154,SKU-DRY-001,Basmati Long Grain Rice 5kg,10,27-07-2024 09:00,12.39,CUST-1389,Germany
101154,SKU-DRY-002,Extra Virgin Olive Oil 750ml,4,2024-03-04 13:00:00,14.21,,Canada
101154,SKU-BEV-001,Cold Brew Coffee 250ml,6,2024-10-15 14:00:00,3.76,CUST-1369,United States
101155,SKU-DRY-002,Extra Virgin Olive Oil 750ml,0,13-04-2024 20:00,12.54,CUST-1176,Germany
101155,SKU-BEV-001,Cold Brew Coffee 250ml,11,2024/06/23,4.56,CUST-1003,United States
101155,SKU-SNK-003,Dark Chocolate 70% Bar 100g,6,2024/02/14,3.35,CUST-1312,Canada
101156,SKU-PER-002,Moisturizing Face Cleanser 150ml,9,09-03-2024 15:00,11.08,CUST-1306,United States
101156,SKU-HOU-003,Microfiber Cleaning Towels 4-Pack,11,10/02/2024 11:00,7.15,CUST-1357,United States
101156,SKU-PER-001,Antibacterial Hand Soap 300ml,3,07/27/2024 20:00,4.4,CUST-1355,Australia
101157,SKU-BEV-002,Organic Green Tea 500ml,2,2024-06-13 13:00:00,2.76,CUST-1344,United States
101157,SKU-DRY-003,Whole Grain Pasta 500g,8,04-09-2024 11:00,2.46,CUST-1110,United Kingdom
101157,SKU-SNK-003,Dark Chocolate 70% Bar 100g,3,23-04-2024 21:00,3.01,CUST-1378,Germany
101158,SKU-DRY-002,Extra Virgin Olive Oil 750ml,3,22-10-2024 05:00,12.35,,Germany
101158,SKU-SNK-003,Dark Chocolate 70% Bar 100g,4,2024-08-10 14:00:00,3.31,CUST-1347,Australia
101158,SKU-SNK-003,Dark Chocolate 70% Bar 100g,4,2024/08/25,3.65,CUST-1385,France
101159,SKU-DRY-003,Whole Grain Pasta 500g,5,11/12/2024 02:00,2.1,CUST-1073,France
101159,SKU-DRY-001,Basmati Long Grain Rice 5kg,3,10-11-2024 03:00,12.48,CUST-1012,United Kingdom
101159,SKU-HOU-002,Multi-Surface Disinfectant Wipes 80ct,7,06-03-2024 03:00,5.63,CUST-1356,United Kingdom
101160,SKU-BEV-002,Organic Green Tea 500ml,4,2024/06/10,2.47,CUST-1434,Australia
101160,SKU-FRZ-001,Frozen Organic Mixed Berries 400g,5,02/21/2024 08:00,5.19,CUST-1423,France
101160,SKU-HOU-003,Microfiber Cleaning Towels 4-Pack,7,2024/05/13,7.1,CUST-1196,United Kingdom
101161,SKU-DRY-003,Whole Grain Pasta 500g,4,20-05-2024 07:00,2.31,CUST-1375,United Kingdom
101161,SKU-DRY-002,Extra Virgin Olive Oil 750ml,8,2024/02/21,14.81,CUST-1174,Canada
101161,SKU-DRY-003,Whole Grain Pasta 500g,3,05/16/2024 07:00,1.96,CUST-1156,Canada
101162,SKU-HOU-001,Eco-Friendly Dishwashing Liquid 1L,4,2024-12-04 04:00:00,4.07,CUST-1333,Canada
101162,SKU-SNK-003,Dark Chocolate 70% Bar 100g,7,2024/01/24,3.01,CUST-1345,United States
101162,SKU-DRY-003,Whole Grain Pasta 500g,3,2024/12/17,1.92,CUST-1381,United Kingdom
101163,SKU-BEV-001,Cold Brew Coffee 250ml,9,2024/06/15,3.79,CUST-1394,Canada
101163,SKU-BEV-002,Organic Green Tea 500ml,5,05/15/2024 10:00,2.65,CUST-1286,United Kingdom
101163,SKU-BEV-002,Organic Green Tea 500ml,5,2024-02-21 19:00:00,2.78,CUST-1240,Canada
101164,SKU-HOU-002,Multi-Surface Disinfectant Wipes 80ct,4,13-09-2024 13:00,5.07,CUST-1382,Canada
101164,SKU-BEV-002,Organic Green Tea 500ml,5,2024-06-04 22:00:00,2.38,,France
101164,SKU-BEV-003,Sparkling Mineral Water 1L,6,2024/02/19,1.92,CUST-1252,Australia
101165,SKU-BEV-002,Organic Green Tea 500ml,10,24-02-2024 04:00,2.43,CUST-1066,United Kingdom
101165,SKU-BEV-002,Organic Green Tea 500ml,3,2024-03-11 06:00:00,2.81,,United Kingdom
101165,SKU-BEV-002,Organic Green Tea 500ml,3,2024/06/02,2.26,CUST-1488,United States
C101166,SKU-PER-002,Moisturizing Face Cleanser 150ml,-2,03-03-2024 02:00,10.76,CUST-1120,United States
101166,SKU-DRY-002,Extra Virgin Olive Oil 750ml,7,2024/04/07,13.55,CUST-1003,United Kingdom
101166,SKU-FRZ-001,Frozen Organic Mixed Berries 400g,6,08/27/2024 12:00,4.11,CUST-1166,United States
101167,SKU-HOU-003,Microfiber Cleaning Towels 4-Pack,2,2024/07/04,5.59,CUST-1485,United Kingdom
101167,SKU-BEV-003,Sparkling Mineral Water 1L,6,2024/01/21,1.99,CUST-1150,Canada
101167,SKU-PER-002,Moisturizing Face Cleanser 150ml,5,17-05-2024 13:00,9.73,CUST-1196,Australia
101168,SKU-SNK-003,Dark Chocolate 70% Bar 100g,2,24-11-2024 00:00,3.38,,Germany
101168,SKU-BEV-003,,3,2024/09/14,1.69,CUST-1185,United States
101168,SKU-SNK-002,Roasted Almonds & Cranberry Mix 200g,7,09-09-2024 16:00,5.85,CUST-1082,Australia
101169,SKU-PER-002,Moisturizing Face Cleanser 150ml,0,01/15/2024 12:00,11.42,CUST-1003,United States
101169,SKU-BEV-002,Organic Green Tea 500ml,4,28-11-2024 04:00,2.21,CUST-1417,Canada
101169,SKU-HOU-002,Multi-Surface Disinfectant Wipes 80ct,6,15-01-2024 06:00,5.21,CUST-1321,United Kingdom
101170,SKU-PER-002,Moisturizing Face Cleanser 150ml,7,21-10-2024 10:00,11.1,CUST-1489,United Kingdom
101170,SKU-SNK-002,Roasted Almonds & Cranberry Mix 200g,2,2024-11-27 21:00:00,5.3,CUST-1385,Germany
101170,SKU-BEV-003,Sparkling Mineral Water 1L,7,2024-11-16 04:00:00,1.76,CUST-1186,Germany
101171,SKU-DRY-003,Whole Grain Pasta 500g,6,2024-02-04 18:00:00,1.87,CUST-1100,Canada
101171,SKU-SNK-002,Roasted Almonds & Cranberry Mix 200g,9,2024/04/02,5.0,CUST-1012,United Kingdom
101171,SKU-BEV-001,Cold Brew Coffee 250ml,8,2024-12-22 00:00:00,3.75,CUST-1225,Canada
101172,SKU-DRY-001,Basmati Long Grain Rice 5kg,6,01/09/2024 16:00,12.3,CUST-1130,Canada
101172,SKU-BEV-003,Sparkling Mineral Water 1L,4,20-01-2024 05:00,1.72,CUST-1500,United States
101172,SKU-DRY-003,Whole Grain Pasta 500g,2,07/02/2024 01:00,2.26,CUST-1316,United States
101173,SKU-FRZ-001,Frozen Organic Mixed Berries 400g,7,2024/04/21,4.7,CUST-1482,Canada
101173,SKU-DRY-001,Basmati Long Grain Rice 5kg,4,2024/11/23,12.43,CUST-1471,France
101173,SKU-PER-002,Moisturizing Face Cleanser 150ml,2,07/27/2024 16:00,10.21,CUST-1450,United Kingdom
101174,SKU-BEV-002,Organic Green Tea 500ml,6,01/06/2024 15:00,2.69,CUST-1078,Germany
101174,SKU-SNK-001,Artisan Sea Salt Potato Chips 150g,3,2024/05/06,3.02,CUST-1437,Germany
101174,SKU-HOU-003,Microfiber Cleaning Towels 4-Pack,7,2024-05-20 01:00:00,5.55,,United Kingdom
C101175,SKU-SNK-001,Artisan Sea Salt Potato Chips 150g,-3,25-12-2024 23:00,3.11,CUST-1352,Australia
C101175,SKU-BEV-002,Organic Green Tea 500ml,-5,12-01-2024 20:00,2.19,CUST-1150,Germany
101175,SKU-HOU-001,Eco-Friendly Dishwashing Liquid 1L,3,2024-07-08 08:00:00,4.46,CUST-1408,United Kingdom
101176,SKU-SNK-002,Roasted Almonds & Cranberry Mix 200g,4,2024-06-16 17:00:00,5.19,CUST-1161,Canada
101176,SKU-PER-001,Antibacterial Hand Soap 300ml,3,09/14/2024 10:00,4.53,CUST-1250,United Kingdom
101176,SKU-PER-002,Moisturizing Face Cleanser 150ml,4,2024-02-23 19:00:00,9.45,CUST-1032,Germany
101177,SKU-FRZ-001,Frozen Organic Mixed Berries 400g,2,2024/11/02,4.29,CUST-1355,France
101177,SKU-DRY-001,Basmati Long Grain Rice 5kg,6,23-01-2024 19:00,13.31,CUST-1095,Canada
101177,SKU-DRY-002,Extra Virgin Olive Oil 750ml,2,06/19/2024 21:00,12.62,CUST-1147,Germany
101178,SKU-DRY-002,Extra Virgin Olive Oil 750ml,6,2024/03/22,12.87,CUST-1473,United States
101178,SKU-SNK-002,Roasted Almonds & Cranberry Mix 200g,5,2024/11/10,5.87,CUST-1477,Canada
101178,SKU-DRY-002,Extra Virgin Olive Oil 750ml,5,2024-05-12 10:00:00,14.55,CUST-1242,United States
101179,SKU-HOU-003,Microfiber Cleaning Towels 4-Pack,3,22-12-2024 19:00,5.77,CUST-1455,Germany
101179,SKU-BEV-001,Cold Brew Coffee 250ml,6,2024-12-20 08:00:00,3.71,,United Kingdom
101179,SKU-DRY-001,Basmati Long Grain Rice 5kg,4,05/06/2024 00:00,12.06,CUST-1234,Canada
101180,SKU-BEV-002,Organic Green Tea 500ml,6,06/27/2024 19:00,2.26,CUST-1103,United States
101180,SKU-BEV-001,Cold Brew Coffee 250ml,3,2024-06-05 11:00:00,4.33,CUST-1205,Canada
101180,SKU-BEV-003,Sparkling Mineral Water 1L,9,11/21/2024 19:00,1.82,CUST-1243,France
101181,SKU-DRY-002,Extra Virgin Olive Oil 750ml,8,2024-03-11 11:00:00,15.19,CUST-1017,United States
101181,SKU-DRY-002,Extra Virgin Olive Oil 750ml,7,2024/02/13,14.52,CUST-1232,United Kingdom
101181,SKU-SNK-002,Roasted Almonds & Cranberry Mix 200g,10,2024/01/10,5.8,CUST-1015,United States
101182,SKU-DRY-003,Whole Grain Pasta 500g,5,02/20/2024 21:00,2.15,CUST-1463,United Kingdom
101182,SKU-BEV-001,Cold Brew Coffee 250ml,5,04/15/2024 23:00,4.01,CUST-1162,Canada
101182,SKU-HOU-001,Eco-Friendly Dishwashing Liquid 1L,6,04/11/2024 11:00,3.36,CUST-1050,United States
101183,SKU-HOU-002,Multi-Surface Disinfectant Wipes 80ct,10,04/18/2024 17:00,4.82,CUST-1197,United States
101183,SKU-BEV-002,Organic Green Tea 500ml,3,2024-04-12 16:00:00,2.86,CUST-1103,United Kingdom
101183,SKU-DRY-002,Extra Virgin Olive Oil 750ml,2,28-07-2024 23:00,14.28,CUST-1245,United Kingdom
101184,SKU-DRY-002,Extra Virgin Olive Oil 750ml,4,2024-10-05 00:00:00,13.14,CUST-1361,Australia
101184,SKU-PER-001,Antibacterial Hand Soap 300ml,6,2024/02/03,3.71,CUST-1490,Canada
101184,SKU-SNK-001,Artisan Sea Salt Potato Chips 150g,5,2024/06/17,2.92,CUST-1113,Canada
101185,SKU-DRY-002,Extra Virgin Olive Oil 750ml,4,24-12-2024 02:00,13.53,,Australia
101185,SKU-SNK-001,Artisan Sea Salt Potato Chips 150g,5,27-10-2024 05:00,3.35,CUST-1019,Germany
101185,SKU-BEV-001,Cold Brew Coffee 250ml,2,04-05-2024 12:00,4.16,CUST-1088,Australia
101186,SKU-FRZ-001,Frozen Organic Mixed Berries 400g,3,2024/02/18,5.45,CUST-1301,United Kingdom
101186,SKU-DRY-003,Whole Grain Pasta 500g,3,22-01-2024 03:00,2.27,CUST-1004,Canada
101186,SKU-HOU-003,Microfiber Cleaning Towels 4-Pack,6,2024-03-23 00:00:00,5.72,CUST-1443,France
101187,SKU-SNK-001,Artisan Sea Salt Potato Chips 150g,4,2024-05-21 01:00:00,2.57,CUST-1092,United States
101187,SKU-DRY-001,,11,2024/09/11,12.22,CUST-1497,France
101187,SKU-HOU-001,Eco-Friendly Dishwashing Liquid 1L,5,03-01-2024 04:00,3.7,CUST-1390,Germany
101188,SKU-PER-001,Antibacterial Hand Soap 300ml,5,2024-10-03 07:00:00,4.8,CUST-1345,France
101188,SKU-BEV-002,Organic Green Tea 500ml,5,2024/10/27,2.24,CUST-1359,Australia
101188,SKU-SNK-001,,5,2024/06/06,2.84,CUST-1402,Australia
C101189,SKU-HOU-002,Multi-Surface Disinfectant Wipes 80ct,-5,2024/05/03,5.55,CUST-1360,Canada
101189,SKU-DRY-001,Basmati Long Grain Rice 5kg,5,2024-02-04 06:00:00,13.06,CUST-1098,United Kingdom
101189,SKU-DRY-003,Whole Grain Pasta 500g,7,30-10-2024 17:00,2.35,CUST-1230,United Kingdom
101190,SKU-HOU-001,Eco-Friendly Dishwashing Liquid 1L,2,2024-05-22 04:00:00,3.65,CUST-1405,France
101190,SKU-HOU-003,Microfiber Cleaning Towels 4-Pack,6,2024-10-27 01:00:00,6.19,CUST-1248,United Kingdom
101190,SKU-PER-002,Moisturizing Face Cleanser 150ml,3,2024/05/23,11.41,CUST-1055,United States
101191,SKU-SNK-001,Artisan Sea Salt Potato Chips 150g,7,2024/09/29,3.44,CUST-1329,United Kingdom
101191,SKU-BEV-003,Sparkling Mineral Water 1L,7,2024/07/04,1.84,CUST-1060,United States
101191,SKU-SNK-002,Roasted Almonds & Cranberry Mix 200g,3,16-08-2024 08:00,5.55,CUST-1104,France
101192,SKU-DRY-001,Basmati Long Grain Rice 5kg,6,2024/11/01,11.96,CUST-1266,Australia
101192,SKU-PER-001,Antibacterial Hand Soap 300ml,5,2024-09-23 19:00:00,4.15,CUST-1062,United Kingdom
101192,SKU-BEV-001,Cold Brew Coffee 250ml,3,2024-07-13 18:00:00,3.7,CUST-1185,Germany
101193,SKU-DRY-002,Extra Virgin Olive Oil 750ml,6,2024-10-08 05:00:00,14.33,CUST-1028,United States
101193,SKU-SNK-001,Artisan Sea Salt Potato Chips 150g,5,25-03-2024 14:00,2.94,CUST-1116,Australia
101193,SKU-PER-001,Antibacterial Hand Soap 300ml,5,2024-03-19 14:00:00,425.0,CUST-1183,United Kingdom
101194,SKU-PER-002,Moisturizing Face Cleanser 150ml,5,05/27/2024 02:00,11.33,CUST-1244,Germany
101194,SKU-HOU-002,Multi-Surface Disinfectant Wipes 80ct,5,09/26/2024 06:00,5.41,CUST-1374,Australia
101194,SKU-DRY-001,Basmati Long Grain Rice 5kg,5,06/07/2024 16:00,14.12,CUST-1381,United Kingdom
101195,SKU-HOU-003,Microfiber Cleaning Towels 4-Pack,4,2024/12/18,6.31,CUST-1231,Germany
101195,SKU-SNK-002,Roasted Almonds & Cranberry Mix 200g,4,07/02/2024 15:00,5.74,CUST-1194,Australia
101195,SKU-HOU-003,Microfiber Cleaning Towels 4-Pack,5,02/22/2024 01:00,7.27,,France
101196,SKU-HOU-003,Microfiber Cleaning Towels 4-Pack,4,13-01-2024 19:00,5.58,CUST-1214,United States
101196,SKU-PER-001,Antibacterial Hand Soap 300ml,5,04/25/2024 15:00,4.02,CUST-1487,Germany
101196,SKU-SNK-003,Dark Chocolate 70% Bar 100g,3,16-12-2024 21:00,3.21,CUST-1089,France
101197,SKU-PER-001,Antibacterial Hand Soap 300ml,7,05/14/2024 17:00,4.17,CUST-1047,Germany
101197,SKU-DRY-002,Extra Virgin Olive Oil 750ml,4,2024/09/25,15.45,CUST-1467,Germany
C101197,SKU-DRY-001,Basmati Long Grain Rice 5kg,-4,2024-07-11 01:00:00,12.24,CUST-1454,United Kingdom
101198,SKU-SNK-003,Dark Chocolate 70% Bar 100g,2,04/05/2024 22:00,3.16,CUST-1032,France
101198,SKU-SNK-001,Artisan Sea Salt Potato Chips 150g,3,2024/07/10,2.77,CUST-1420,Australia
101198,SKU-DRY-003,Whole Grain Pasta 500g,5,19-03-2024 04:00,2.51,CUST-1092,France
101199,SKU-DRY-001,Basmati Long Grain Rice 5kg,4,2024/03/26,12.98,CUST-1400,Australia
101199,SKU-HOU-001,Eco-Friendly Dishwashing Liquid 1L,7,06-11-2024 08:00,4.2,CUST-1045,France
101199,SKU-SNK-003,Dark Chocolate 70% Bar 100g,5,04-04-2024 14:00,3.72,CUST-1067,Australia
101200,SKU-PER-002,Moisturizing Face Cleanser 150ml,4,2024-10-21 01:00:00,10.66,CUST-1079,United States
101200,SKU-SNK-003,,2,2024/07/05,3.38,CUST-1280,Germany
101200,SKU-BEV-001,Cold Brew Coffee 250ml,6,02/11/2024 18:00,3.64,,Canada
101201,SKU-FRZ-001,Frozen Organic Mixed Berries 400g,5,08/21/2024 15:00,4.42,CUST-1484,Australia
101201,SKU-DRY-001,Basmati Long Grain Rice 5kg,4,2024-04-07 01:00:00,14.04,CUST-1195,Australia
101201,SKU-DRY-002,Extra Virgin Olive Oil 750ml,4,2024/09/10,14.25,CUST-1304,Australia
101202,SKU-SNK-001,Artisan Sea Salt Potato Chips 150g,4,2024-02-18 21:00:00,3.41,CUST-1225,United Kingdom
101202,SKU-DRY-003,Whole Grain Pasta 500g,5,11-01-2024 07:00,2.41,CUST-1349,Australia
101202,SKU-DRY-001,Basmati Long Grain Rice 5kg,6,03-09-2024 16:00,13.74,CUST-1444,France
C101203,SKU-HOU-001,Eco-Friendly Dishwashing Liquid 1L,-7,2024/09/14,3.49,CUST-1228,Canada
101203,SKU-BEV-001,Cold Brew Coffee 250ml,7,01/22/2024 18:00,4.57,CUST-1457,United States
101203,SKU-SNK-002,Roasted Almonds & Cranberry Mix 200g,4,2024-05-22 02:00:00,6.18,CUST-1085,Germany
101204,SKU-SNK-002,Roasted Almonds & Cranberry Mix 200g,3,2024-07-02 13:00:00,4.83,CUST-1383,United States
101204,SKU-BEV-001,Cold Brew Coffee 250ml,2,2024/05/13,4.21,CUST-1322,United Kingdom
101204,SKU-BEV-002,Organic Green Tea 500ml,7,2024/09/24,2.17,CUST-1093,Canada
101205,SKU-HOU-001,Eco-Friendly Dishwashing Liquid 1L,6,01/18/2024 00:00,4.35,,United States
101205,SKU-DRY-003,Whole Grain Pasta 500g,4,05/31/2024 00:00,2.24,CUST-1035,Canada
101205,SKU-HOU-001,Eco-Friendly Dishwashing Liquid 1L,7,07/01/2024 19:00,3.33,CUST-1049,United Kingdom
101206,SKU-HOU-003,Microfiber Cleaning Towels 4-Pack,5,2024/07/24,6.07,CUST-1031,France
101206,SKU-FRZ-001,Frozen Organic Mixed Berries 400g,4,11/05/2024 08:00,4.24,CUST-1257,Canada
101206,SKU-HOU-003,Microfiber Cleaning Towels 4-Pack,7,2024-12-29 21:00:00,6.41,CUST-1326,Canada
101207,SKU-DRY-003,Whole Grain Pasta 500g,2,2024/09/09,1.88,CUST-1236,Germany
101207,SKU-HOU-002,Multi-Surface Disinfectant Wipes 80ct,4,2024/07/09,5.49,CUST-1316,France
101207,SKU-HOU-003,Microfiber Cleaning Towels 4-Pack,4,25-11-2024 18:00,6.14,,United Kingdom
101208,SKU-FRZ-001,Frozen Organic Mixed Berries 400g,6,2024-05-24 17:00:00,4.32,,Canada
101208,SKU-SNK-002,Roasted Almonds & Cranberry Mix 200g,3,31-10-2024 22:00,5.68,CUST-1217,United Kingdom
101208,SKU-BEV-002,Organic Green Tea 500ml,7,11/17/2024 14:00,2.16,CUST-1243,United Kingdom
101209,SKU-SNK-001,Artisan Sea Salt Potato Chips 150g,8,2024-06-18 10:00:00,3.24,CUST-1431,France
101209,SKU-FRZ-001,Frozen Organic Mixed Berries 400g,5,2024/12/17,4.31,CUST-1450,Canada
101209,SKU-PER-002,Moisturizing Face Cleanser 150ml,4,2024/11/13,9.83,,United States
101210,SKU-HOU-003,Microfiber Cleaning Towels 4-Pack,5,2024/11/05,7.31,CUST-1247,France
101210,SKU-BEV-002,Organic Green Tea 500ml,3,2024/01/09,2.52,CUST-1377,United States
101210,SKU-FRZ-001,Frozen Organic Mixed Berries 400g,7,09-06-2024 13:00,4.69,CUST-1500,United Kingdom
101211,SKU-DRY-002,Extra Virgin Olive Oil 750ml,2,2024/09/16,13.29,CUST-1461,United Kingdom
101211,SKU-PER-002,Moisturizing Face Cleanser 150ml,4,2024/06/19,9.29,CUST-1330,France
101211,SKU-PER-002,Moisturizing Face Cleanser 150ml,4,22-02-2024 08:00,10.35,CUST-1113,United States
101212,SKU-DRY-002,Extra Virgin Olive Oil 750ml,5,12/01/2024 09:00,12.65,CUST-1500,France
101212,SKU-HOU-003,Microfiber Cleaning Towels 4-Pack,6,06/05/2024 23:00,6.09,CUST-1417,United States
101212,SKU-DRY-003,Whole Grain Pasta 500g,3,2024-12-13 09:00:00,2.13,CUST-1013,Australia
101213,SKU-SNK-003,Dark Chocolate 70% Bar 100g,10,02/27/2024 05:00,3.6,CUST-1031,Australia
101213,SKU-PER-001,Antibacterial Hand Soap 300ml,7,18-06-2024 20:00,4.51,CUST-1048,Canada
101213,SKU-SNK-001,Artisan Sea Salt Potato Chips 150g,9,2024/01/15,3.08,CUST-1154,United States
101214,SKU-PER-002,Moisturizing Face Cleanser 150ml,3,27-04-2024 14:00,10.17,CUST-1269,Canada
101214,SKU-DRY-002,Extra Virgin Olive Oil 750ml,12,05/20/2024 10:00,13.79,CUST-1286,Canada
101214,SKU-SNK-001,Artisan Sea Salt Potato Chips 150g,10,2024-06-30 13:00:00,2.94,CUST-1239,France
101215,SKU-HOU-002,Multi-Surface Disinfectant Wipes 80ct,5,29-03-2024 02:00,5.01,CUST-1091,Germany
101215,  SKU-BEV-002  ,Organic Green Tea 500ml,6,17-06-2024 23:00,2.53,,Germany
101215,SKU-BEV-001,Cold Brew Coffee 250ml,6,2024/08/29,4.02,CUST-1235,United States
101216,SKU-PER-002,Moisturizing Face Cleanser 150ml,12,2024-06-19 11:00:00,9.98,CUST-1276,United Kingdom
101216,SKU-SNK-003,Dark Chocolate 70% Bar 100g,5,27-03-2024 13:00,3.33,CUST-1450,United Kingdom
101216,SKU-DRY-002,Extra Virgin Olive Oil 750ml,3,16-10-2024 09:00,13.46,CUST-1016,Germany
101217,  SKU-DRY-002  ,Extra Virgin Olive Oil 750ml,7,2024-05-31 19:00:00,14.53,CUST-1128,France
101217,SKU-BEV-002,Organic Green Tea 500ml,5,2024/04/01,2.45,CUST-1331,Germany
101217,SKU-HOU-003,Microfiber Cleaning Towels 4-Pack,4,2024-01-04 01:00:00,6.48,CUST-1001,United States
101218,SKU-FRZ-001,Frozen Organic Mixed Berries 400g,3,04/19/2024 05:00,4.65,CUST-1166,Germany
101218,SKU-HOU-001,,3,2024/06/16,4.27,CUST-1268,United Kingdom
101218,SKU-FRZ-001,Frozen Organic Mixed Berries 400g,2,19-09-2024 17:00,4.13,CUST-1013,United States
C101219,SKU-HOU-002,Multi-Surface Disinfectant Wipes 80ct,-4,2024-12-15 03:00:00,4.24,CUST-1497,Australia
101219,SKU-PER-002,Moisturizing Face Cleanser 150ml,3,04/19/2024 09:00,9.06,CUST-1032,Canada
101219,SKU-BEV-003,Sparkling Mineral Water 1L,3,04/23/2024 12:00,1.72,CUST-1035,France
C101220,SKU-PER-001,Antibacterial Hand Soap 300ml,-8,2024/02/10,4.75,CUST-1425,Australia
101220,SKU-HOU-003,Microfiber Cleaning Towels 4-Pack,6,2024/04/15,7.19,CUST-1102,France
101220,SKU-DRY-002,Extra Virgin Olive Oil 750ml,6,02-07-2024 20:00,14.98,CUST-1184,Australia
101221,SKU-DRY-002,Extra Virgin Olive Oil 750ml,7,04/11/2024 09:00,15.14,CUST-1339,Germany
101221,SKU-FRZ-001,Frozen Organic Mixed Berries 400g,3,29-11-2024 07:00,4.29,CUST-1342,France
101221,SKU-FRZ-001,Frozen Organic Mixed Berries 400g,8,2024-07-22 04:00:00,4.97,CUST-1399,Australia
101222,SKU-HOU-001,Eco-Friendly Dishwashing Liquid 1L,4,06-03-2024 10:00,3.94,CUST-1061,United Kingdom
101222,SKU-SNK-003,Dark Chocolate 70% Bar 100g,1,18-12-2024 07:00,3.38,CUST-1215,Australia
101222,SKU-SNK-003,Dark Chocolate 70% Bar 100g,10,2024/01/16,3.61,CUST-1410,Australia
101223,SKU-SNK-002,Roasted Almonds & Cranberry Mix 200g,5,23-05-2024 13:00,5.75,CUST-1463,Germany
101223,SKU-DRY-001,Basmati Long Grain Rice 5kg,5,2024-12-07 11:00:00,12.7,CUST-1355,United States
101223,SKU-SNK-001,,5,09/16/2024 12:00,3.1,CUST-1019,Germany
101224,SKU-HOU-001,Eco-Friendly Dishwashing Liquid 1L,3,2024/01/28,3.47,,Canada
101224,SKU-FRZ-001,Frozen Organic Mixed Berries 400g,3,18-04-2024 18:00,4.73,,United Kingdom
101224,SKU-BEV-003,Sparkling Mineral Water 1L,5,2024-01-21 05:00:00,1.54,CUST-1235,France
101225,SKU-BEV-001,Cold Brew Coffee 250ml,11,06/29/2024 07:00,3.62,CUST-1176,United Kingdom
101225,SKU-HOU-003,Microfiber Cleaning Towels 4-Pack,6,10/22/2024 09:00,6.26,CUST-1071,Canada
101225,SKU-DRY-001,Basmati Long Grain Rice 5kg,2,2024-09-02 19:00:00,12.54,CUST-1336,Australia
101226,SKU-SNK-001,Artisan Sea Salt Potato Chips 150g,5,2024-01-31 16:00:00,2.78,CUST-1146,Australia
101226,SKU-PER-001,Antibacterial Hand Soap 300ml,4,30-06-2024 06:00,4.66,,Canada
101226,SKU-SNK-001,Artisan Sea Salt Potato Chips 150g,8,2024-11-25 07:00:00,3.12,CUST-1331,Australia
101227,SKU-HOU-003,Microfiber Cleaning Towels 4-Pack,5,05-09-2024 11:00,5.87,CUST-1452,United Kingdom
101227,SKU-PER-001,Antibacterial Hand Soap 300ml,4,2024/11/10,3.62,CUST-1401,United Kingdom
101227,SKU-HOU-003,Microfiber Cleaning Towels 4-Pack,4,2024-06-29 05:00:00,6.7,CUST-1212,Germany
101228,SKU-PER-001,Antibacterial Hand Soap 300ml,4,20-05-2024 06:00,4.82,CUST-1041,France
101228,SKU-FRZ-001,Frozen Organic Mixed Berries 400g,3,2024/12/25,5.46,CUST-1096,Australia
101228,SKU-SNK-003,Dark Chocolate 70% Bar 100g,2,2024-04-20 23:00:00,3.35,CUST-1099,United Kingdom
101229,SKU-BEV-001,Cold Brew Coffee 250ml,5,09-09-2024 22:00,3.47,CUST-1475,Germany
101229,SKU-DRY-003,Whole Grain Pasta 500g,5,2024/10/28,2.43,CUST-1116,Australia
101229,SKU-HOU-003,Microfiber Cleaning Towels 4-Pack,6,2024-05-23 03:00:00,6.0,CUST-1120,Germany
101230,SKU-HOU-001,Eco-Friendly Dishwashing Liquid 1L,3,04/27/2024 17:00,3.91,CUST-1428,United States
101230,SKU-BEV-003,Sparkling Mineral Water 1L,6,13-11-2024 14:00,2.01,CUST-1102,France
101230,SKU-SNK-001,Artisan Sea Salt Potato Chips 150g,2,2024/03/09,2.57,CUST-1001,Canada
101231,SKU-HOU-003,Microfiber Cleaning Towels 4-Pack,4,21-07-2024 13:00,6.33,CUST-1192,United Kingdom
101231,SKU-SNK-003,Dark Chocolate 70% Bar 100g,4,28-09-2024 18:00,2.97,CUST-1415,United Kingdom
101231,SKU-HOU-001,Eco-Friendly Dishwashing Liquid 1L,6,01-03-2024 04:00,3.57,CUST-1332,Canada
101232,SKU-SNK-003,Dark Chocolate 70% Bar 100g,4,30-01-2024 17:00,3.1,CUST-1384,France
101232,SKU-SNK-003,Dark Chocolate 70% Bar 100g,5,2024/07/15,2.83,CUST-1416,United States
101232,SKU-FRZ-001,Frozen Organic Mixed Berries 400g,6,2024-02-22 11:00:00,4.08,CUST-1242,France
101233,SKU-SNK-002,Roasted Almonds & Cranberry Mix 200g,6,2024/02/05,5.59,CUST-1171,Germany
101233,SKU-DRY-003,Whole Grain Pasta 500g,6,2024-09-10 00:00:00,2.03,CUST-1271,Australia
101233,SKU-BEV-001,Cold Brew Coffee 250ml,5,23-08-2024 16:00,4.38,,France
101234,SKU-DRY-001,Basmati Long Grain Rice 5kg,4,2024-09-22 02:00:00,12.23,,Germany
101234,SKU-DRY-001,Basmati Long Grain Rice 5kg,6,24-09-2024 09:00,14.02,CUST-1165,Canada
101234,SKU-DRY-002,Extra Virgin Olive Oil 750ml,7,03/31/2024 20:00,12.51,CUST-1032,United States
101235,SKU-HOU-003,Microfiber Cleaning Towels 4-Pack,9,2024-11-16 09:00:00,7.0,CUST-1411,Germany
101235,SKU-BEV-003,Sparkling Mineral Water 1L,6,02/03/2024 17:00,1.96,CUST-1469,United States
101235,SKU-HOU-001,Eco-Friendly Dishwashing Liquid 1L,3,30-03-2024 20:00,3.48,CUST-1011,France
C101236,SKU-HOU-001,Eco-Friendly Dishwashing Liquid 1L,-1,2024-02-08 01:00:00,3.83,CUST-1082,United Kingdom
101236,SKU-PER-002,Moisturizing Face Cleanser 150ml,4,2024-11-29 08:00:00,9.18,CUST-1325,Canada
101236,SKU-SNK-002,Roasted Almonds & Cranberry Mix 200g,4,20-12-2024 14:00,5.29,CUST-1459,Canada
101237,SKU-FRZ-001,Frozen Organic Mixed Berries 400g,10,09/04/2024 17:00,4.08,,United Kingdom
101237,SKU-SNK-001,Artisan Sea Salt Potato Chips 150g,3,2024-09-14 04:00:00,3.36,CUST-1370,United States
101237,SKU-FRZ-001,Frozen Organic Mixed Berries 400g,6,2024/05/15,4.53,CUST-1230,United Kingdom
101238,SKU-HOU-001,Eco-Friendly Dishwashing Liquid 1L,6,04-05-2024 10:00,3.38,CUST-1082,United Kingdom
101238,SKU-HOU-001,Eco-Friendly Dishwashing Liquid 1L,4,02/26/2024 11:00,3.51,CUST-1197,France
101238,SKU-PER-001,Antibacterial Hand Soap 300ml,2,2024-07-17 20:00:00,4.89,CUST-1082,United Kingdom
101239,SKU-SNK-003,Dark Chocolate 70% Bar 100g,5,2024/09/21,3.61,CUST-1447,Germany
101239,SKU-DRY-001,Basmati Long Grain Rice 5kg,4,04/16/2024 16:00,12.13,CUST-1419,United Kingdom
101239,SKU-DRY-003,Whole Grain Pasta 500g,12,01-11-2024 00:00,2.46,CUST-1016,France
101240,SKU-DRY-003,Whole Grain Pasta 500g,4,25-11-2024 04:00,2.32,CUST-1115,France
C101240,SKU-BEV-001,Cold Brew Coffee 250ml,-5,2024/01/04,4.46,CUST-1422,France
101240,SKU-DRY-002,Extra Virgin Olive Oil 750ml,3,08/26/2024 23:00,14.71,CUST-1185,France
101241,SKU-PER-001,Antibacterial Hand Soap 300ml,3,04/03/2024 02:00,0.0,CUST-1419,France
101241,SKU-HOU-002,Multi-Surface Disinfectant Wipes 80ct,6,2024-06-29 08:00:00,4.33,CUST-1091,United States
101241,SKU-PER-002,Moisturizing Face Cleanser 150ml,5,2024/10/05,8.57,CUST-1025,Australia
101242,SKU-DRY-002,Extra Virgin Olive Oil 750ml,4,01/25/2024 04:00,13.07,CUST-1500,United States
101242,SKU-SNK-002,Roasted Almonds & Cranberry Mix 200g,5,06/02/2024 13:00,5.15,CUST-1463,United Kingdom
101242,SKU-SNK-003,Dark Chocolate 70% Bar 100g,5,11-04-2024 23:00,3.4,CUST-1126,United States
101243,SKU-FRZ-001,Frozen Organic Mixed Berries 400g,6,09/06/2024 06:00,5.15,CUST-1440,Germany
101243,SKU-SNK-002,Roasted Almonds & Cranberry Mix 200g,3,2024/10/26,5.7,CUST-1321,United Kingdom
101243,SKU-PER-002,Moisturizing Face Cleanser 150ml,8,2024/01/21,10.68,CUST-1429,Australia
101244,SKU-SNK-003,Dark Chocolate 70% Bar 100g,9,24-09-2024 10:00,3.53,CUST-1013,Australia
101244,SKU-BEV-001,Cold Brew Coffee 250ml,5,2024/02/12,3.48,CUST-1015,Australia
101244,SKU-HOU-001,Eco-Friendly Dishwashing Liquid 1L,6,09-10-2024 19:00,3.46,CUST-1350,United States
101245,SKU-SNK-003,Dark Chocolate 70% Bar 100g,2,2024-09-09 21:00:00,3.31,CUST-1007,Canada
101245,SKU-SNK-003,Dark Chocolate 70% Bar 100g,8,20-03-2024 00:00,3.14,CUST-1061,United Kingdom
101245,SKU-DRY-002,Extra Virgin Olive Oil 750ml,4,02/05/2024 07:00,14.67,CUST-1040,Canada
101246,SKU-HOU-001,Eco-Friendly Dishwashing Liquid 1L,7,2024-11-17 10:00:00,4.03,CUST-1438,Germany
101246,SKU-SNK-002,Roasted Almonds & Cranberry Mix 200g,3,12/06/2024 14:00,4.87,CUST-1038,United States
101246,SKU-SNK-003,Dark Chocolate 70% Bar 100g,6,22-01-2024 17:00,2.97,CUST-1405,Australia
101247,SKU-PER-001,Antibacterial Hand Soap 300ml,3,28-03-2024 14:00,3.91,CUST-1298,Australia
101247,SKU-HOU-002,Multi-Surface Disinfectant Wipes 80ct,5,2024-02-20 18:00:00,4.64,CUST-1258,France
101247,SKU-DRY-002,Extra Virgin Olive Oil 750ml,7,03/16/2024 12:00,15.12,CUST-1375,France
101248,SKU-FRZ-001,Frozen Organic Mixed Berries 400g,7,06/24/2024 08:00,4.35,CUST-1218,United Kingdom
101248,SKU-DRY-003,Whole Grain Pasta 500g,7,2024/10/22,2.22,,Australia
101248,SKU-BEV-003,Sparkling Mineral Water 1L,7,11/15/2024 17:00,1.92,CUST-1339,Canada
101249,SKU-BEV-001,Cold Brew Coffee 250ml,7,2024-12-02 16:00:00,3.69,CUST-1183,France
101249,SKU-SNK-001,Artisan Sea Salt Potato Chips 150g,4,2024-05-10 09:00:00,2.7,CUST-1197,France
101249,SKU-BEV-003,Sparkling Mineral Water 1L,5,2024-01-12 00:00:00,1.6,CUST-1071,Canada
101250,SKU-PER-002,Moisturizing Face Cleanser 150ml,5,2024/10/12,11.04,CUST-1319,Australia
101250,SKU-PER-002,Moisturizing Face Cleanser 150ml,5,2024/11/21,9.73,CUST-1105,Australia
101250,SKU-SNK-003,Dark Chocolate 70% Bar 100g,3,2024/01/31,3.78,CUST-1010,United States
101251,SKU-SNK-003,Dark Chocolate 70% Bar 100g,5,2024-02-03 05:00:00,3.41,CUST-1389,United States
101251,SKU-SNK-003,Dark Chocolate 70% Bar 100g,5,21-10-2024 06:00,3.36,CUST-1108,Canada
101251,SKU-BEV-001,Cold Brew Coffee 250ml,6,2024-05-02 22:00:00,3.53,CUST-1158,Australia
101252,SKU-DRY-002,Extra Virgin Olive Oil 750ml,7,22-12-2024 06:00,15.97,CUST-1489,United States
101252,SKU-DRY-001,Basmati Long Grain Rice 5kg,6,26-10-2024 14:00,14.93,CUST-1173,United Kingdom
101252,SKU-BEV-002,Organic Green Tea 500ml,5,2024/08/14,2.76,,Australia
101253,SKU-FRZ-001,Frozen Organic Mixed Berries 400g,8,2024-05-15 01:00:00,4.87,CUST-1487,United Kingdom
101253,SKU-SNK-003,,9,21-02-2024 04:00,3.76,CUST-1254,United States
101253,SKU-DRY-002,,5,2024-01-31 13:00:00,16.05,CUST-1443,United Kingdom
C101254,SKU-SNK-002,Roasted Almonds & Cranberry Mix 200g,-9,2024/03/07,4.71,CUST-1412,United States
101254,SKU-DRY-001,Basmati Long Grain Rice 5kg,7,2024-02-27 14:00:00,12.26,CUST-1302,France
101254,SKU-FRZ-001,Frozen Organic Mixed Berries 400g,10,2024-09-29 03:00:00,4.25,CUST-1227,United States
101255,SKU-SNK-002,Roasted Almonds & Cranberry Mix 200g,9,01/26/2024 16:00,6.07,CUST-1182,Australia
101255,SKU-BEV-002,Organic Green Tea 500ml,2,28-12-2024 02:00,2.42,CUST-1111,France
101255,SKU-SNK-002,Roasted Almonds & Cranberry Mix 200g,4,08/28/2024 11:00,5.54,CUST-1210,France
101256,SKU-SNK-002,Roasted Almonds & Cranberry Mix 200g,8,06/01/2024 19:00,6.16,,United States
101256,SKU-DRY-002,Extra Virgin Olive Oil 750ml,6,08/19/2024 17:00,13.66,CUST-1111,United Kingdom
101256,SKU-BEV-001,Cold Brew Coffee 250ml,2,01/09/2024 21:00,4.16,CUST-1103,France
101257,SKU-BEV-002,Organic Green Tea 500ml,9,2024-08-04 15:00:00,2.24,CUST-1002,Australia
101257,SKU-BEV-002,Organic Green Tea 500ml,3,2024/01/14,2.35,CUST-1361,France
101257,SKU-DRY-001,Basmati Long Grain Rice 5kg,7,09/03/2024 02:00,14.23,,France
101258,SKU-SNK-003,Dark Chocolate 70% Bar 100g,2,01/13/2024 03:00,2.99,CUST-1485,Australia
101258,SKU-DRY-003,Whole Grain Pasta 500g,3,22-03-2024 18:00,2.52,CUST-1115,Australia
101258,SKU-SNK-001,Artisan Sea Salt Potato Chips 150g,10,22-02-2024 09:00,2.97,CUST-1316,Germany
101259,SKU-HOU-001,Eco-Friendly Dishwashing Liquid 1L,5,2024/12/04,3.38,CUST-1492,Germany
101259,SKU-BEV-002,Organic Green Tea 500ml,2,05/02/2024 10:00,2.3,CUST-1398,Australia
101259,SKU-PER-002,Moisturizing Face Cleanser 150ml,4,01-12-2024 11:00,9.86,CUST-1023,Australia
101260,SKU-PER-002,Moisturizing Face Cleanser 150ml,4,2024-02-10 15:00:00,999.0,CUST-1097,Germany
101260,SKU-FRZ-001,Frozen Organic Mixed Berries 400g,3,2024-09-18 23:00:00,4.72,CUST-1497,Germany
101260,SKU-SNK-003,Dark Chocolate 70% Bar 100g,3,2024/03/04,3.11,CUST-1451,France
101261,SKU-HOU-001,Eco-Friendly Dishwashing Liquid 1L,6,06/29/2024 12:00,3.39,CUST-1381,United Kingdom
101261,SKU-DRY-001,Basmati Long Grain Rice 5kg,8,16-02-2024 15:00,11.35,CUST-1156,France
101261,SKU-HOU-003,Microfiber Cleaning Towels 4-Pack,7,15-04-2024 20:00,5.92,CUST-1471,United Kingdom
101262,SKU-SNK-001,Artisan Sea Salt Potato Chips 150g,5,2024/11/19,2.54,CUST-1062,United States
101262,SKU-DRY-002,Extra Virgin Olive Oil 750ml,8,2024-07-05 01:00:00,15.73,CUST-1395,Germany
101262,SKU-SNK-001,Artisan Sea Salt Potato Chips 150g,10,2024/09/13,2.87,CUST-1119,Australia
101263,SKU-DRY-003,Whole Grain Pasta 500g,4,2024/06/17,2.02,CUST-1351,Australia
101263,SKU-BEV-001,Cold Brew Coffee 250ml,5,14-08-2024 10:00,3.87,CUST-1338,France
101263,SKU-BEV-001,Cold Brew Coffee 250ml,3,2024/02/16,4.12,CUST-1261,France
101264,SKU-HOU-003,Microfiber Cleaning Towels 4-Pack,3,2024/12/20,7.03,CUST-1398,United States
101264,SKU-PER-001,Antibacterial Hand Soap 300ml,10,11/14/2024 05:00,4.73,CUST-1459,Germany
101264,SKU-DRY-003,Whole Grain Pasta 500g,7,06-01-2024 01:00,2.11,CUST-1285,United States
101265,SKU-DRY-002,Extra Virgin Olive Oil 750ml,11,09/30/2024 10:00,16.41,CUST-1238,Germany
101265,SKU-DRY-002,Extra Virgin Olive Oil 750ml,5,2024/05/12,13.81,CUST-1033,United Kingdom
101265,SKU-DRY-002,Extra Virgin Olive Oil 750ml,6,02/28/2024 13:00,13.18,CUST-1463,France
101266,SKU-DRY-001,Basmati Long Grain Rice 5kg,4,2024/10/17,12.69,CUST-1370,France
101266,SKU-HOU-001,Eco-Friendly Dishwashing Liquid 1L,4,2024/10/21,4.4,CUST-1291,France
101266,SKU-SNK-002,Roasted Almonds & Cranberry Mix 200g,4,2024/12/03,5.58,CUST-1200,United States
101267,SKU-DRY-003,Whole Grain Pasta 500g,5,2024/09/02,2.21,CUST-1077,United States
101267,SKU-BEV-001,Cold Brew Coffee 250ml,4,09-05-2024 02:00,3.92,CUST-1244,United States
101267,SKU-SNK-003,Dark Chocolate 70% Bar 100g,1,08/02/2024 19:00,3.35,CUST-1400,United States
101268,SKU-BEV-001,Cold Brew Coffee 250ml,6,2024/10/23,4.19,CUST-1406,Germany
101268,SKU-DRY-003,Whole Grain Pasta 500g,5,05/14/2024 02:00,2.09,CUST-1125,France
101268,SKU-BEV-003,Sparkling Mineral Water 1L,7,2024-03-01 10:00:00,1.68,CUST-1035,Australia
101269,SKU-SNK-003,Dark Chocolate 70% Bar 100g,6,2024/11/02,0.0,CUST-1336,Germany
101269,SKU-BEV-003,Sparkling Mineral Water 1L,6,2024-01-29 01:00:00,1.64,CUST-1098,Canada
101269,SKU-DRY-003,Whole Grain Pasta 500g,8,2024/06/06,2.28,CUST-1158,Australia
101270,SKU-BEV-001,Cold Brew Coffee 250ml,5,10/02/2024 15:00,4.42,CUST-1193,United States
101270,SKU-HOU-003,Microfiber Cleaning Towels 4-Pack,5,07/20/2024 01:00,7.0,CUST-1134,France
101270,SKU-PER-002,Moisturizing Face Cleanser 150ml,6,2024-08-20 22:00:00,10.11,CUST-1257,United States
101271,SKU-FRZ-001,Frozen Organic Mixed Berries 400g,4,01/13/2024 15:00,4.96,CUST-1450,United States
101271,SKU-FRZ-001,Frozen Organic Mixed Berries 400g,4,02-01-2024 18:00,4.78,CUST-1031,Canada
101271,SKU-SNK-001,Artisan Sea Salt Potato Chips 150g,5,27-01-2024 00:00,2.55,CUST-1445,United States
101272,SKU-HOU-001,Eco-Friendly Dishwashing Liquid 1L,7,2024-05-16 22:00:00,389.0,CUST-1134,United States
101272,SKU-BEV-002,Organic Green Tea 500ml,7,22-03-2024 17:00,2.59,CUST-1388,Australia
101272,SKU-BEV-002,Organic Green Tea 500ml,4,2024-09-15 16:00:00,2.4,CUST-1358,United States
101273,SKU-HOU-003,Microfiber Cleaning Towels 4-Pack,2,08-09-2024 15:00,6.3,CUST-1038,Australia
101273,SKU-HOU-002,Multi-Surface Disinfectant Wipes 80ct,6,26-02-2024 01:00,4.57,CUST-1107,Germany
101273,SKU-SNK-001,Artisan Sea Salt Potato Chips 150g,6,2024/07/01,3.3,CUST-1171,France
101274,SKU-HOU-002,Multi-Surface Disinfectant Wipes 80ct,6,20-01-2024 18:00,4.76,CUST-1287,Australia
101274,SKU-HOU-001,Eco-Friendly Dishwashing Liquid 1L,4,12-01-2024 21:00,3.62,CUST-1182,United States
101274,SKU-PER-001,Antibacterial Hand Soap 300ml,2,05/23/2024 13:00,4.04,CUST-1344,Germany
101275,SKU-FRZ-001,Frozen Organic Mixed Berries 400g,5,19-05-2024 20:00,4.07,,Canada
101275,SKU-PER-002,Moisturizing Face Cleanser 150ml,5,19-01-2024 03:00,11.23,CUST-1271,United States
101275,SKU-SNK-001,Artisan Sea Salt Potato Chips 150g,2,06/26/2024 18:00,3.25,CUST-1167,Australia
101276,SKU-SNK-003,Dark Chocolate 70% Bar 100g,6,11/26/2024 10:00,3.33,CUST-1105,United Kingdom
101276,SKU-DRY-003,Whole Grain Pasta 500g,4,06-10-2024 13:00,1.9,CUST-1411,United States
C101276,  SKU-SNK-003  ,Dark Chocolate 70% Bar 100g,-1,21-03-2024 06:00,2.87,CUST-1038,United States
101277,  SKU-SNK-002  ,Roasted Almonds & Cranberry Mix 200g,2,17-12-2024 08:00,5.86,CUST-1340,United States
101277,SKU-HOU-001,Eco-Friendly Dishwashing Liquid 1L,3,13-07-2024 03:00,3.6,CUST-1220,Germany
101277,SKU-BEV-003,Sparkling Mineral Water 1L,5,2024-10-31 02:00:00,1.85,CUST-1130,Canada
101278,SKU-BEV-002,Organic Green Tea 500ml,4,07/29/2024 04:00,2.14,CUST-1476,United States
101278,SKU-DRY-001,Basmati Long Grain Rice 5kg,1,08-10-2024 21:00,14.34,CUST-1106,France
101278,SKU-DRY-001,Basmati Long Grain Rice 5kg,7,2024/11/06,14.89,CUST-1280,United Kingdom
101279,SKU-SNK-002,Roasted Almonds & Cranberry Mix 200g,3,08-03-2024 21:00,6.13,CUST-1135,France
101279,SKU-SNK-001,Artisan Sea Salt Potato Chips 150g,5,2024-12-15 19:00:00,2.55,CUST-1082,United States
101279,SKU-SNK-001,Artisan Sea Salt Potato Chips 150g,3,09/28/2024 04:00,2.7,CUST-1146,United States
101280,SKU-HOU-003,Microfiber Cleaning Towels 4-Pack,4,2024-09-11 10:00:00,6.97,CUST-1383,Germany
101280,SKU-BEV-002,Organic Green Tea 500ml,7,31-07-2024 23:00,2.24,CUST-1070,United Kingdom
101280,SKU-SNK-002,Roasted Almonds & Cranberry Mix 200g,6,06-04-2024 15:00,5.73,CUST-1011,Australia
101281,SKU-FRZ-001,Frozen Organic Mixed Berries 400g,2,11/09/2024 07:00,5.01,,Canada
101281,SKU-BEV-002,Organic Green Tea 500ml,3,2024-06-15 17:00:00,2.76,,United Kingdom
C101281,SKU-BEV-002,Organic Green Tea 500ml,-4,2024-05-29 22:00:00,2.17,CUST-1144,France
101282,SKU-PER-002,Moisturizing Face Cleanser 150ml,5,19-01-2024 23:00,8.91,CUST-1482,Canada
101282,SKU-SNK-002,Roasted Almonds & Cranberry Mix 200g,8,2024/11/14,5.68,CUST-1094,France
101282,SKU-PER-002,Moisturizing Face Cleanser 150ml,5,2024-07-27 16:00:00,11.05,CUST-1194,France
101283,SKU-DRY-001,Basmati Long Grain Rice 5kg,3,05/09/2024 16:00,14.73,CUST-1144,United States
101283,SKU-HOU-002,,4,08/31/2024 03:00,4.46,CUST-1498,Germany
101283,SKU-HOU-001,Eco-Friendly Dishwashing Liquid 1L,6,09/09/2024 03:00,3.47,CUST-1108,United States
101284,SKU-DRY-001,Basmati Long Grain Rice 5kg,3,17-11-2024 23:00,12.65,CUST-1269,Australia
101284,SKU-BEV-002,Organic Green Tea 500ml,7,2024-03-16 01:00:00,2.46,CUST-1060,Germany
101284,SKU-DRY-003,Whole Grain Pasta 500g,4,2024-09-30 12:00:00,2.0,CUST-1408,France
101285,SKU-HOU-001,Eco-Friendly Dishwashing Liquid 1L,3,09/13/2024 21:00,3.85,,Germany
101285,SKU-DRY-002,Extra Virgin Olive Oil 750ml,8,2024-02-14 16:00:00,14.49,,Canada
101285,SKU-HOU-002,Multi-Surface Disinfectant Wipes 80ct,5,13-12-2024 10:00,4.59,CUST-1489,Germany
101286,SKU-DRY-001,Basmati Long Grain Rice 5kg,3,2024-11-09 00:00:00,12.63,CUST-1330,Canada
101286,SKU-PER-001,Antibacterial Hand Soap 300ml,8,2024/10/12,4.09,CUST-1124,France
101286,SKU-DRY-003,Whole Grain Pasta 500g,6,2024-12-20 23:00:00,2.42,CUST-1321,France
101287,SKU-PER-002,Moisturizing Face Cleanser 150ml,4,2024/10/26,9.87,CUST-1328,Germany
C101287,SKU-SNK-003,Dark Chocolate 70% Bar 100g,-3,08/18/2024 07:00,3.28,CUST-1241,Germany
101287,SKU-BEV-002,Organic Green Tea 500ml,5,05-05-2024 05:00,2.31,CUST-1320,United States
101288,SKU-SNK-002,Roasted Almonds & Cranberry Mix 200g,3,29-12-2024 00:00,5.74,CUST-1138,Germany
C101288,SKU-HOU-001,Eco-Friendly Dishwashing Liquid 1L,-4,04/02/2024 07:00,0.0,CUST-1292,Canada
101288,SKU-SNK-003,Dark Chocolate 70% Bar 100g,4,2024-04-16 18:00:00,2.9,,United Kingdom
101289,SKU-SNK-003,Dark Chocolate 70% Bar 100g,3,2024-01-23 21:00:00,3.76,CUST-1318,United Kingdom
101289,SKU-HOU-001,Eco-Friendly Dishwashing Liquid 1L,11,2024/01/01,4.35,CUST-1393,Australia
101289,SKU-SNK-002,Roasted Almonds & Cranberry Mix 200g,8,08/27/2024 18:00,6.16,,France
101290,SKU-DRY-003,Whole Grain Pasta 500g,4,2024/09/13,1.9,CUST-1049,United States
101290,SKU-HOU-003,Microfiber Cleaning Towels 4-Pack,3,14-11-2024 07:00,6.68,,Germany
101290,SKU-SNK-002,Roasted Almonds & Cranberry Mix 200g,7,24-05-2024 14:00,5.48,,Canada
101291,SKU-BEV-003,Sparkling Mineral Water 1L,5,2024/04/07,1.84,CUST-1204,Germany
101291,SKU-HOU-001,Eco-Friendly Dishwashing Liquid 1L,5,2024-09-28 08:00:00,4.46,CUST-1230,Australia
101291,SKU-DRY-003,Whole Grain Pasta 500g,6,2024-02-09 03:00:00,1.88,CUST-1483,United Kingdom
101292,SKU-BEV-003,Sparkling Mineral Water 1L,5,04/10/2024 23:00,1.67,CUST-1123,Germany
101292,SKU-PER-002,Moisturizing Face Cleanser 150ml,6,29-09-2024 11:00,8.82,CUST-1370,Germany
101292,SKU-BEV-003,Sparkling Mineral Water 1L,4,11/14/2024 20:00,1.77,CUST-1195,Canada
101293,SKU-HOU-001,Eco-Friendly Dishwashing Liquid 1L,7,24-01-2024 18:00,3.37,CUST-1332,Germany
101293,SKU-BEV-002,Organic Green Tea 500ml,6,31-01-2024 09:00,2.14,CUST-1016,United Kingdom
101293,SKU-HOU-002,Multi-Surface Disinfectant Wipes 80ct,3,04/24/2024 22:00,5.71,CUST-1413,Germany
101294,SKU-FRZ-001,Frozen Organic Mixed Berries 400g,3,2024-08-31 21:00:00,5.38,CUST-1441,Canada
101294,SKU-BEV-002,Organic Green Tea 500ml,6,2024-03-19 18:00:00,2.2,CUST-1091,Australia
101294,SKU-PER-001,Antibacterial Hand Soap 300ml,6,07/17/2024 18:00,4.69,CUST-1036,Germany
101295,SKU-DRY-002,Extra Virgin Olive Oil 750ml,6,2024-09-23 10:00:00,14.43,CUST-1186,Australia
101295,SKU-FRZ-001,Frozen Organic Mixed Berries 400g,9,2024/06/09,4.88,,United Kingdom
101295,SKU-SNK-001,Artisan Sea Salt Potato Chips 150g,10,2024-09-24 20:00:00,2.71,CUST-1265,United States
101296,SKU-SNK-003,Dark Chocolate 70% Bar 100g,8,11-10-2024 17:00,2.98,,Canada
101296,SKU-BEV-001,Cold Brew Coffee 250ml,6,2024/07/10,4.06,CUST-1135,United States
101296,SKU-DRY-002,Extra Virgin Olive Oil 750ml,5,2024/07/16,14.8,CUST-1370,Australia
101297,SKU-PER-001,Antibacterial Hand Soap 300ml,7,11-08-2024 17:00,4.56,CUST-1126,France
101297,SKU-DRY-003,Whole Grain Pasta 500g,3,05/26/2024 06:00,2.17,CUST-1315,Australia
101297,SKU-PER-002,Moisturizing Face Cleanser 150ml,3,2024-10-11 07:00:00,10.89,CUST-1370,United States
101298,SKU-SNK-001,Artisan Sea Salt Potato Chips 150g,7,09/25/2024 23:00,3.24,CUST-1308,Canada
101298,SKU-HOU-002,Multi-Surface Disinfectant Wipes 80ct,8,2024/04/01,4.39,CUST-1025,Canada
101298,SKU-PER-001,Antibacterial Hand Soap 300ml,6,05/08/2024 01:00,3.94,CUST-1417,United States
101299,  SKU-DRY-003  ,Whole Grain Pasta 500g,2,09/29/2024 08:00,2.25,CUST-1217,France
101299,SKU-HOU-001,Eco-Friendly Dishwashing Liquid 1L,7,2024/08/20,3.98,CUST-1033,United States
101299,SKU-SNK-001,Artisan Sea Salt Potato Chips 150g,5,2024-04-01 21:00:00,3.06,CUST-1204,Germany
101300,SKU-HOU-002,Multi-Surface Disinfectant Wipes 80ct,4,10/07/2024 10:00,5.53,,France
101300,SKU-PER-002,Moisturizing Face Cleanser 150ml,2,03-09-2024 05:00,10.23,CUST-1211,Canada
101300,SKU-BEV-003,Sparkling Mineral Water 1L,8,04/04/2024 03:00,1.83,CUST-1433,Canada
101301,SKU-HOU-001,Eco-Friendly Dishwashing Liquid 1L,3,07/02/2024 14:00,3.49,CUST-1101,Canada
101301,SKU-SNK-002,Roasted Almonds & Cranberry Mix 200g,8,07/05/2024 15:00,4.97,CUST-1366,Canada
101301,SKU-DRY-003,Whole Grain Pasta 500g,9,2024-03-04 05:00:00,2.0,CUST-1302,Australia
101302,SKU-DRY-003,Whole Grain Pasta 500g,7,2024-08-11 04:00:00,1.97,CUST-1489,United Kingdom
101302,SKU-DRY-001,Basmati Long Grain Rice 5kg,4,17-05-2024 17:00,12.75,CUST-1033,Canada
101302,SKU-HOU-002,Multi-Surface Disinfectant Wipes 80ct,3,13-05-2024 12:00,5.29,CUST-1479,Australia
101303,SKU-BEV-003,Sparkling Mineral Water 1L,6,08-08-2024 22:00,1.81,CUST-1203,United Kingdom
101303,SKU-PER-002,Moisturizing Face Cleanser 150ml,7,22-06-2024 21:00,9.01,CUST-1345,Australia
101303,SKU-BEV-002,Organic Green Tea 500ml,1,2024-12-17 01:00:00,2.82,CUST-1164,Canada
101304,SKU-SNK-001,Artisan Sea Salt Potato Chips 150g,5,2024/05/28,2.96,CUST-1219,Germany
101304,SKU-SNK-001,Artisan Sea Salt Potato Chips 150g,6,2024-11-05 00:00:00,3.16,CUST-1358,United States
101304,SKU-HOU-002,Multi-Surface Disinfectant Wipes 80ct,6,09/12/2024 21:00,4.92,CUST-1000,Canada
101305,SKU-DRY-002,Extra Virgin Olive Oil 750ml,5,2024/04/05,12.55,CUST-1033,United States
101305,SKU-FRZ-001,Frozen Organic Mixed Berries 400g,5,2024/10/29,4.87,CUST-1454,United States
101305,SKU-BEV-003,Sparkling Mineral Water 1L,3,05-09-2024 05:00,179.0,CUST-1052,Germany
101306,SKU-DRY-003,Whole Grain Pasta 500g,2,2024-07-04 14:00:00,1.94,CUST-1214,France
101306,SKU-SNK-002,Roasted Almonds & Cranberry Mix 200g,4,01-03-2024 18:00,5.91,CUST-1374,Australia
101306,SKU-SNK-003,Dark Chocolate 70% Bar 100g,7,04/19/2024 13:00,2.94,CUST-1457,Germany
101307,SKU-SNK-003,Dark Chocolate 70% Bar 100g,3,2024-09-06 00:00:00,3.56,CUST-1200,France
101307,SKU-BEV-003,Sparkling Mineral Water 1L,3,16-08-2024 01:00,1.63,CUST-1236,Canada
101307,SKU-SNK-001,Artisan Sea Salt Potato Chips 150g,2,21-08-2024 19:00,2.78,CUST-1266,Australia
101308,SKU-BEV-003,Sparkling Mineral Water 1L,4,2024/06/28,1.85,CUST-1166,Germany
101308,SKU-PER-001,Antibacterial Hand Soap 300ml,6,19-05-2024 12:00,4.76,CUST-1182,France
101308,SKU-HOU-003,Microfiber Cleaning Towels 4-Pack,7,2024/01/23,6.13,CUST-1133,United States
101309,SKU-SNK-003,Dark Chocolate 70% Bar 100g,6,2024/04/18,3.71,CUST-1220,United Kingdom
101309,SKU-DRY-002,Extra Virgin Olive Oil 750ml,5,2024/10/28,12.33,CUST-1418,United States
101309,SKU-SNK-002,Roasted Almonds & Cranberry Mix 200g,11,2024/01/16,5.04,CUST-1021,France
101310,SKU-DRY-002,Extra Virgin Olive Oil 750ml,1,02/04/2024 01:00,14.88,CUST-1316,United Kingdom
101310,SKU-SNK-003,Dark Chocolate 70% Bar 100g,6,2024-01-31 13:00:00,3.23,CUST-1315,France
101310,SKU-SNK-003,Dark Chocolate 70% Bar 100g,8,08/07/2024 19:00,3.48,CUST-1176,Germany
101311,SKU-FRZ-001,Frozen Organic Mixed Berries 400g,3,12-07-2024 07:00,4.35,CUST-1324,Germany
101311,SKU-HOU-003,Microfiber Cleaning Towels 4-Pack,5,09-10-2024 21:00,5.93,,United States
101311,SKU-BEV-002,Organic Green Tea 500ml,4,2024-10-15 05:00:00,2.31,CUST-1103,France
101312,SKU-HOU-003,Microfiber Cleaning Towels 4-Pack,8,2024-07-17 10:00:00,6.97,CUST-1351,France
101312,SKU-HOU-002,Multi-Surface Disinfectant Wipes 80ct,6,2024-11-05 20:00:00,5.49,CUST-1410,United States
101312,SKU-PER-002,Moisturizing Face Cleanser 150ml,4,05/08/2024 13:00,11.27,CUST-1345,United States
101313,SKU-FRZ-001,Frozen Organic Mixed Berries 400g,3,02/11/2024 11:00,4.85,CUST-1245,France
101313,SKU-HOU-003,Microfiber Cleaning Towels 4-Pack,5,2024/08/30,7.05,,France
101313,SKU-SNK-003,,7,2024/07/18,3.04,CUST-1413,United Kingdom
101314,SKU-HOU-001,Eco-Friendly Dishwashing Liquid 1L,3,06/28/2024 03:00,4.05,,France
101314,SKU-SNK-001,Artisan Sea Salt Potato Chips 150g,5,2024/09/06,3.09,CUST-1400,United States
101314,SKU-HOU-003,Microfiber Cleaning Towels 4-Pack,8,11/24/2024 05:00,5.88,CUST-1485,Australia
101315,SKU-HOU-003,Microfiber Cleaning Towels 4-Pack,3,01-05-2024 12:00,6.73,CUST-1280,Germany
101315,SKU-BEV-001,Cold Brew Coffee 250ml,6,2024-02-20 03:00:00,4.15,CUST-1186,Germany
101315,SKU-DRY-003,Whole Grain Pasta 500g,-2000,2024/07/30,1.9,CUST-1438,United States
101316,SKU-PER-002,Moisturizing Face Cleanser 150ml,2,04/01/2024 22:00,9.86,CUST-1128,France
C101316,SKU-DRY-003,Whole Grain Pasta 500g,-5,2024-06-13 14:00:00,1.98,,United Kingdom
101316,SKU-BEV-002,Organic Green Tea 500ml,7,02/07/2024 09:00,2.46,CUST-1182,United States
101317,SKU-SNK-001,Artisan Sea Salt Potato Chips 150g,5,2024-11-12 06:00:00,3.09,CUST-1106,United Kingdom
101317,SKU-BEV-002,Organic Green Tea 500ml,5,2024/11/14,2.58,CUST-1213,United Kingdom
101317,SKU-SNK-003,Dark Chocolate 70% Bar 100g,3,08/25/2024 07:00,3.75,,Australia
101318,SKU-SNK-003,Dark Chocolate 70% Bar 100g,5,23-01-2024 10:00,3.09,CUST-1433,Canada
101318,SKU-FRZ-001,Frozen Organic Mixed Berries 400g,6,29-04-2024 17:00,5.18,CUST-1254,Australia
101318,SKU-PER-002,Moisturizing Face Cleanser 150ml,500,2024/08/08,10.17,,France
101319,  SKU-DRY-001  ,Basmati Long Grain Rice 5kg,7,10-07-2024 04:00,13.54,CUST-1169,Canada
101319,SKU-HOU-003,Microfiber Cleaning Towels 4-Pack,3,2024/04/23,6.5,CUST-1402,France
101319,SKU-HOU-003,Microfiber Cleaning Towels 4-Pack,5,2024/01/05,7.12,CUST-1052,Canada
101320,SKU-HOU-003,,7,2024-04-21 02:00:00,6.18,CUST-1287,Australia
101320,SKU-HOU-001,Eco-Friendly Dishwashing Liquid 1L,4,11-07-2024 07:00,4.46,CUST-1165,United States
101320,SKU-SNK-002,Roasted Almonds & Cranberry Mix 200g,6,2024/12/15,5.7,CUST-1485,Germany
101321,SKU-DRY-003,Whole Grain Pasta 500g,6,13-06-2024 02:00,2.43,CUST-1311,Australia
101321,SKU-HOU-003,Microfiber Cleaning Towels 4-Pack,2,2024/02/15,6.2,CUST-1073,France
101321,SKU-PER-002,Moisturizing Face Cleanser 150ml,6,2024-08-07 14:00:00,10.57,CUST-1386,United Kingdom
101322,SKU-BEV-002,Organic Green Tea 500ml,7,24-02-2024 07:00,2.27,CUST-1049,United States
101322,SKU-BEV-001,Cold Brew Coffee 250ml,3,11-07-2024 09:00,4.41,CUST-1137,France
101322,SKU-DRY-002,Extra Virgin Olive Oil 750ml,4,09/07/2024 13:00,13.59,CUST-1366,United States
101323,SKU-FRZ-001,Frozen Organic Mixed Berries 400g,1,2024-07-19 23:00:00,4.97,CUST-1426,Canada
101323,SKU-SNK-003,Dark Chocolate 70% Bar 100g,3,24-01-2024 18:00,3.67,CUST-1427,Canada
101323,SKU-HOU-003,Microfiber Cleaning Towels 4-Pack,6,2024/10/29,7.2,CUST-1141,Germany
101324,SKU-BEV-003,Sparkling Mineral Water 1L,4,06/28/2024 05:00,2.05,CUST-1496,Canada
101324,SKU-HOU-001,Eco-Friendly Dishwashing Liquid 1L,4,10/06/2024 08:00,4.29,CUST-1343,Australia
101324,SKU-FRZ-001,Frozen Organic Mixed Berries 400g,6,01/15/2024 05:00,4.09,,Australia
101325,SKU-SNK-002,Roasted Almonds & Cranberry Mix 200g,6,2024/09/06,5.95,CUST-1099,France
101325,SKU-SNK-001,Artisan Sea Salt Potato Chips 150g,9,2024/05/19,3.16,CUST-1276,France
101325,SKU-HOU-003,Microfiber Cleaning Towels 4-Pack,4,2024-01-02 20:00:00,7.05,CUST-1369,Canada
101326,SKU-FRZ-001,Frozen Organic Mixed Berries 400g,5,04/19/2024 02:00,4.31,,United States
101326,SKU-DRY-003,Whole Grain Pasta 500g,6,2024/11/27,2.18,CUST-1371,France
101326,SKU-BEV-003,Sparkling Mineral Water 1L,6,02/04/2024 11:00,1.67,CUST-1162,Canada
101327,SKU-FRZ-001,Frozen Organic Mixed Berries 400g,7,2024/03/07,4.76,CUST-1072,Germany
101327,SKU-PER-001,Antibacterial Hand Soap 300ml,3,2024-01-12 15:00:00,3.85,CUST-1255,United States
101327,SKU-HOU-002,Multi-Surface Disinfectant Wipes 80ct,1,2024-06-01 08:00:00,4.65,CUST-1030,France
101328,SKU-PER-001,Antibacterial Hand Soap 300ml,4,26-04-2024 10:00,4.25,CUST-1119,United Kingdom
101328,SKU-BEV-001,Cold Brew Coffee 250ml,5,25-02-2024 18:00,4.5,CUST-1147,United States
101328,SKU-DRY-002,Extra Virgin Olive Oil 750ml,5,2024-01-06 22:00:00,12.92,,France
101329,SKU-SNK-002,Roasted Almonds & Cranberry Mix 200g,5,08/18/2024 15:00,4.88,CUST-1022,United States
101329,SKU-SNK-002,Roasted Almonds & Cranberry Mix 200g,5,2024/06/23,6.29,CUST-1419,Australia
101329,SKU-PER-001,Antibacterial Hand Soap 300ml,6,24-06-2024 03:00,4.36,CUST-1238,France
101330,  SKU-BEV-001  ,Cold Brew Coffee 250ml,7,2024/07/16,4.58,CUST-1118,Australia
101330,SKU-SNK-002,Roasted Almonds & Cranberry Mix 200g,6,19-09-2024 07:00,5.09,CUST-1264,Germany
101330,SKU-BEV-003,,8,08/04/2024 10:00,1.8,CUST-1442,Australia
101331,SKU-FRZ-001,Frozen Organic Mixed Berries 400g,4,17-01-2024 23:00,5.41,CUST-1050,Canada
101331,SKU-PER-001,Antibacterial Hand Soap 300ml,7,06-12-2024 19:00,3.89,CUST-1397,France
101331,SKU-SNK-003,Dark Chocolate 70% Bar 100g,2,06/20/2024 14:00,3.78,,Australia
101332,SKU-SNK-002,Roasted Almonds & Cranberry Mix 200g,1,03/07/2024 20:00,5.04,CUST-1227,United States
101332,SKU-SNK-003,Dark Chocolate 70% Bar 100g,4,2024/05/27,3.64,CUST-1309,France
101332,SKU-DRY-002,Extra Virgin Olive Oil 750ml,4,11/07/2024 07:00,0.0,CUST-1271,France
101333,SKU-SNK-003,Dark Chocolate 70% Bar 100g,10,2024/05/02,2.88,CUST-1189,France
101333,SKU-DRY-003,Whole Grain Pasta 500g,5,2024-08-24 15:00:00,2.39,CUST-1254,France
101333,SKU-SNK-002,Roasted Almonds & Cranberry Mix 200g,4,2024-04-02 02:00:00,5.75,CUST-1173,Germany
101334,SKU-SNK-002,Roasted Almonds & Cranberry Mix 200g,4,2024-11-05 18:00:00,5.7,CUST-1345,United Kingdom
101334,SKU-SNK-002,Roasted Almonds & Cranberry Mix 200g,9,2024-05-13 18:00:00,4.8,CUST-1192,United Kingdom
101334,SKU-SNK-001,Artisan Sea Salt Potato Chips 150g,3,2024/01/03,2.77,CUST-1472,United Kingdom
101335,SKU-FRZ-001,Frozen Organic Mixed Berries 400g,3,24-04-2024 00:00,5.43,,United States
101335,SKU-DRY-003,Whole Grain Pasta 500g,6,2024/05/02,2.05,,Australia
101335,SKU-BEV-002,Organic Green Tea 500ml,2,08/30/2024 19:00,2.18,CUST-1295,Canada
101336,SKU-HOU-003,Microfiber Cleaning Towels 4-Pack,2,2024-02-08 11:00:00,6.25,CUST-1224,United States
101336,SKU-BEV-003,Sparkling Mineral Water 1L,7,2024-05-31 17:00:00,1.77,,Canada
101336,SKU-SNK-003,Dark Chocolate 70% Bar 100g,5,17-11-2024 20:00,3.77,CUST-1408,France
101337,SKU-BEV-002,Organic Green Tea 500ml,6,02-07-2024 23:00,2.29,CUST-1412,United Kingdom
101337,SKU-SNK-001,Artisan Sea Salt Potato Chips 150g,5,11/19/2024 23:00,2.67,CUST-1105,France
101337,SKU-BEV-003,Sparkling Mineral Water 1L,8,09/16/2024 20:00,1.54,CUST-1477,Germany
101338,SKU-BEV-003,Sparkling Mineral Water 1L,5,19-04-2024 00:00,1.73,CUST-1253,United States
101338,SKU-BEV-002,Organic Green Tea 500ml,7,21-07-2024 16:00,2.75,CUST-1382,Germany
101338,SKU-FRZ-001,Frozen Organic Mixed Berries 400g,7,2024/05/19,4.7,CUST-1085,France
101339,SKU-BEV-002,Organic Green Tea 500ml,7,02-12-2024 13:00,2.32,CUST-1387,France
101339,SKU-HOU-001,Eco-Friendly Dishwashing Liquid 1L,4,30-01-2024 12:00,4.44,CUST-1026,United Kingdom
101339,SKU-PER-001,Antibacterial Hand Soap 300ml,7,2024-09-28 19:00:00,4.7,CUST-1113,Canada
101340,SKU-SNK-003,Dark Chocolate 70% Bar 100g,4,16-09-2024 11:00,3.39,CUST-1327,France
C101340,SKU-HOU-002,Multi-Surface Disinfectant Wipes 80ct,-3,05-05-2024 07:00,5.25,CUST-1499,France
101340,SKU-HOU-003,Microfiber Cleaning Towels 4-Pack,7,01/19/2024 06:00,6.24,CUST-1114,Germany
101341,SKU-DRY-003,Whole Grain Pasta 500g,6,02-11-2024 01:00,2.23,CUST-1375,United Kingdom
101341,SKU-PER-002,Moisturizing Face Cleanser 150ml,4,09-02-2024 11:00,10.88,CUST-1253,Australia
101341,SKU-HOU-002,Multi-Surface Disinfectant Wipes 80ct,4,2024/11/05,4.51,CUST-1170,Australia
101342,SKU-DRY-002,Extra Virgin Olive Oil 750ml,5,22-12-2024 15:00,16.48,CUST-1081,Canada
101342,SKU-PER-002,Moisturizing Face Cleanser 150ml,4,2024/04/15,11.19,CUST-1407,Germany
101342,SKU-PER-002,Moisturizing Face Cleanser 150ml,2,09/20/2024 06:00,10.17,CUST-1417,Australia
101343,SKU-DRY-001,Basmati Long Grain Rice 5kg,3,02/22/2024 02:00,12.17,CUST-1318,United Kingdom
101343,SKU-HOU-003,Microfiber Cleaning Towels 4-Pack,7,2024-07-16 06:00:00,6.49,CUST-1368,France
101343,SKU-HOU-002,Multi-Surface Disinfectant Wipes 80ct,5,23-12-2024 22:00,4.92,CUST-1486,United States
101344,SKU-BEV-002,Organic Green Tea 500ml,2,27-12-2024 03:00,2.16,CUST-1110,United States
101344,SKU-HOU-002,Multi-Surface Disinfectant Wipes 80ct,3,2024/04/07,4.7,,Australia
101344,SKU-HOU-003,Microfiber Cleaning Towels 4-Pack,0,2024/10/29,5.63,CUST-1352,Canada
101345,SKU-BEV-002,Organic Green Tea 500ml,4,2024/01/06,2.37,,United States
101345,SKU-FRZ-001,Frozen Organic Mixed Berries 400g,5,04/12/2024 04:00,5.08,CUST-1314,United States
101345,SKU-BEV-001,Cold Brew Coffee 250ml,6,2024-03-24 05:00:00,4.48,CUST-1371,United States
101346,SKU-FRZ-001,Frozen Organic Mixed Berries 400g,7,2024/11/12,5.28,CUST-1156,Canada
101346,SKU-BEV-003,Sparkling Mineral Water 1L,9,04/12/2024 06:00,1.66,CUST-1168,Canada
101346,SKU-DRY-002,Extra Virgin Olive Oil 750ml,5,2024-04-09 13:00:00,12.41,CUST-1154,Australia
101347,SKU-SNK-003,Dark Chocolate 70% Bar 100g,6,01/25/2024 14:00,2.95,CUST-1405,Germany
101347,SKU-SNK-002,Roasted Almonds & Cranberry Mix 200g,7,2024-12-24 07:00:00,5.24,CUST-1087,Germany
101347,SKU-BEV-003,Sparkling Mineral Water 1L,3,10/12/2024 23:00,1.64,CUST-1226,United States
101348,SKU-SNK-001,Artisan Sea Salt Potato Chips 150g,8,2024-04-14 21:00:00,3.16,,Australia
101348,SKU-DRY-001,Basmati Long Grain Rice 5kg,6,11-11-2024 13:00,11.73,CUST-1099,United States
101348,SKU-FRZ-001,Frozen Organic Mixed Berries 400g,4,2024/07/23,5.39,CUST-1223,Canada
101349,SKU-BEV-003,Sparkling Mineral Water 1L,11,23-10-2024 09:00,2.01,CUST-1062,Germany
101349,SKU-PER-001,Antibacterial Hand Soap 300ml,3,11-08-2024 16:00,4.43,CUST-1176,France
101349,SKU-SNK-001,Artisan Sea Salt Potato Chips 150g,8,2024-11-03 08:00:00,2.96,CUST-1266,Canada
101350,SKU-BEV-003,Sparkling Mineral Water 1L,4,2024/04/28,1.69,CUST-1255,Australia
101350,SKU-SNK-002,Roasted Almonds & Cranberry Mix 200g,3,19-10-2024 10:00,4.76,,Germany
101350,SKU-DRY-001,Basmati Long Grain Rice 5kg,3,10-08-2024 19:00,13.2,CUST-1127,Germany
101351,SKU-SNK-001,Artisan Sea Salt Potato Chips 150g,5,2024/08/26,3.43,CUST-1391,Germany
101351,SKU-PER-002,Moisturizing Face Cleanser 150ml,8,08-09-2024 14:00,10.48,CUST-1314,United States
101351,SKU-HOU-002,Multi-Surface Disinfectant Wipes 80ct,2,2024/11/14,5.59,,United States
101352,SKU-BEV-002,Organic Green Tea 500ml,4,2024-08-31 02:00:00,2.27,CUST-1037,Australia
101352,SKU-HOU-001,Eco-Friendly Dishwashing Liquid 1L,6,03-10-2024 11:00,3.75,CUST-1011,Canada
101352,SKU-PER-001,Antibacterial Hand Soap 300ml,6,2024-04-03 14:00:00,3.66,CUST-1015,Germany
101353,SKU-BEV-001,Cold Brew Coffee 250ml,4,01/25/2024 05:00,4.29,CUST-1074,Canada
101353,SKU-DRY-003,Whole Grain Pasta 500g,3,01/06/2024 19:00,1.97,CUST-1355,United States
101353,SKU-BEV-002,Organic Green Tea 500ml,3,2024/02/11,2.49,CUST-1141,United Kingdom
101354,SKU-FRZ-001,Frozen Organic Mixed Berries 400g,7,07/18/2024 05:00,4.61,CUST-1057,United Kingdom
101354,SKU-SNK-001,Artisan Sea Salt Potato Chips 150g,4,2024-12-11 14:00:00,3.19,CUST-1465,United States
101354,SKU-SNK-002,Roasted Almonds & Cranberry Mix 200g,4,19-11-2024 23:00,5.15,CUST-1301,United Kingdom
101355,  SKU-SNK-003  ,Dark Chocolate 70% Bar 100g,4,11/08/2024 19:00,3.13,CUST-1143,United States
101355,SKU-SNK-002,Roasted Almonds & Cranberry Mix 200g,4,2024-09-29 16:00:00,5.45,CUST-1289,France
101355,SKU-SNK-003,Dark Chocolate 70% Bar 100g,4,2024/10/27,3.53,CUST-1290,United Kingdom
101356,SKU-HOU-001,Eco-Friendly Dishwashing Liquid 1L,5,2024-01-06 17:00:00,3.46,CUST-1171,United Kingdom
101356,SKU-SNK-003,Dark Chocolate 70% Bar 100g,2,09/30/2024 06:00,3.46,CUST-1159,France
101356,SKU-HOU-002,Multi-Surface Disinfectant Wipes 80ct,8,2024-01-22 19:00:00,5.46,CUST-1341,Australia
101357,SKU-BEV-003,Sparkling Mineral Water 1L,7,07/19/2024 16:00,1.75,CUST-1280,Canada
101357,SKU-SNK-001,Artisan Sea Salt Potato Chips 150g,8,08/08/2024 22:00,3.0,CUST-1401,Australia
101357,SKU-HOU-002,Multi-Surface Disinfectant Wipes 80ct,5,28-04-2024 20:00,4.97,CUST-1398,United States
101358,SKU-HOU-002,Multi-Surface Disinfectant Wipes 80ct,7,2024-04-15 06:00:00,5.64,CUST-1243,United Kingdom
101358,SKU-DRY-002,Extra Virgin Olive Oil 750ml,7,24-11-2024 15:00,15.18,CUST-1440,Germany
101358,SKU-DRY-001,Basmati Long Grain Rice 5kg,5,2024-09-13 08:00:00,14.93,CUST-1265,Germany
101359,SKU-DRY-001,Basmati Long Grain Rice 5kg,6,07/13/2024 23:00,11.37,CUST-1162,United States
101359,SKU-HOU-001,Eco-Friendly Dishwashing Liquid 1L,5,2024-03-26 10:00:00,4.12,CUST-1209,United Kingdom
101359,SKU-HOU-001,Eco-Friendly Dishwashing Liquid 1L,7,24-03-2024 13:00,4.08,CUST-1355,Canada
101360,SKU-SNK-001,Artisan Sea Salt Potato Chips 150g,3,2024/12/17,3.0,CUST-1445,United States
101360,SKU-SNK-002,Roasted Almonds & Cranberry Mix 200g,7,2024/08/18,5.15,CUST-1430,Germany
101360,SKU-DRY-003,Whole Grain Pasta 500g,8,2024-05-23 08:00:00,1.98,CUST-1124,United Kingdom
101361,SKU-DRY-002,Extra Virgin Olive Oil 750ml,6,2024/08/29,14.08,CUST-1464,United States
101361,SKU-DRY-001,Basmati Long Grain Rice 5kg,3,2024/10/18,13.54,CUST-1075,United States
101361,SKU-PER-001,Antibacterial Hand Soap 300ml,6,06-10-2024 17:00,3.88,CUST-1443,France
101362,SKU-BEV-003,Sparkling Mineral Water 1L,5,2024-07-04 16:00:00,1.63,CUST-1162,Canada
C101362,SKU-BEV-001,Cold Brew Coffee 250ml,-7,02/15/2024 21:00,3.52,CUST-1303,France
101362,SKU-PER-002,Moisturizing Face Cleanser 150ml,4,2024/04/09,10.27,CUST-1488,Canada
101363,SKU-BEV-003,,7,2024/03/06,1.8,CUST-1381,Australia
101363,SKU-DRY-003,Whole Grain Pasta 500g,4,2024/10/21,1.94,CUST-1170,Australia
101363,SKU-BEV-003,Sparkling Mineral Water 1L,6,2024-12-14 09:00:00,1.74,CUST-1485,United States
101364,SKU-HOU-003,Microfiber Cleaning Towels 4-Pack,6,10-11-2024 15:00,6.16,CUST-1486,United Kingdom
101364,SKU-SNK-003,Dark Chocolate 70% Bar 100g,4,08/21/2024 22:00,3.16,CUST-1223,Canada
101364,SKU-SNK-003,Dark Chocolate 70% Bar 100g,8,2024/03/16,2.96,CUST-1099,Australia
101365,SKU-HOU-001,Eco-Friendly Dishwashing Liquid 1L,6,13-05-2024 06:00,3.33,CUST-1159,Canada
101365,SKU-DRY-003,Whole Grain Pasta 500g,1,28-10-2024 00:00,2.06,CUST-1072,Canada
101365,SKU-DRY-003,Whole Grain Pasta 500g,3,2024-04-30 18:00:00,2.46,CUST-1143,Germany
101366,SKU-HOU-002,Multi-Surface Disinfectant Wipes 80ct,7,14-02-2024 10:00,5.24,CUST-1165,Australia
101366,SKU-DRY-001,Basmati Long Grain Rice 5kg,5,2024/05/29,14.49,CUST-1381,Australia
101366,SKU-FRZ-001,Frozen Organic Mixed Berries 400g,6,18-06-2024 22:00,4.68,CUST-1373,Australia
101367,SKU-DRY-001,Basmati Long Grain Rice 5kg,2,18-09-2024 01:00,13.82,CUST-1025,Australia
101367,SKU-DRY-001,Basmati Long Grain Rice 5kg,3,2024/10/27,11.41,CUST-1128,Canada
101367,SKU-HOU-001,Eco-Friendly Dishwashing Liquid 1L,4,03/17/2024 10:00,3.32,,Germany
101368,SKU-DRY-003,Whole Grain Pasta 500g,8,2024/05/05,2.44,CUST-1491,United Kingdom
101368,SKU-BEV-001,Cold Brew Coffee 250ml,6,2024/10/25,4.23,CUST-1243,Australia
101368,SKU-FRZ-001,Frozen Organic Mixed Berries 400g,7,14-11-2024 19:00,5.08,CUST-1358,United States
101369,SKU-HOU-003,Microfiber Cleaning Towels 4-Pack,8,2024/02/29,6.1,,France
101369,SKU-BEV-003,Sparkling Mineral Water 1L,2,02-06-2024 19:00,1.87,CUST-1485,Canada
101369,SKU-DRY-001,Basmati Long Grain Rice 5kg,7,2024/09/24,13.4,,Canada
101370,SKU-SNK-003,Dark Chocolate 70% Bar 100g,3,02/11/2024 06:00,3.7,CUST-1020,Canada
101370,SKU-BEV-002,Organic Green Tea 500ml,3,06/01/2024 04:00,2.33,CUST-1322,Canada
101370,SKU-BEV-002,Organic Green Tea 500ml,4,21-01-2024 16:00,2.62,CUST-1154,United Kingdom
101371,SKU-DRY-001,Basmati Long Grain Rice 5kg,8,2024/10/30,13.25,CUST-1325,United Kingdom
101371,SKU-PER-002,Moisturizing Face Cleanser 150ml,5,2024/08/07,10.65,CUST-1478,Australia
101371,SKU-PER-002,Moisturizing Face Cleanser 150ml,4,26-07-2024 15:00,9.03,CUST-1169,United States
101372,SKU-HOU-002,Multi-Surface Disinfectant Wipes 80ct,5,01/21/2024 03:00,4.92,CUST-1124,France
101372,SKU-BEV-002,Organic Green Tea 500ml,3,19-05-2024 15:00,2.16,CUST-1293,Canada
101372,SKU-BEV-002,Organic Green Tea 500ml,2,2024/11/23,2.72,CUST-1484,United Kingdom
101373,SKU-HOU-003,Microfiber Cleaning Towels 4-Pack,6,2024/03/11,6.58,CUST-1462,Germany
101373,SKU-HOU-001,Eco-Friendly Dishwashing Liquid 1L,6,2024/11/30,3.63,CUST-1300,United States
101373,SKU-DRY-001,Basmati Long Grain Rice 5kg,6,2024-08-05 18:00:00,12.92,CUST-1162,Australia
101374,SKU-DRY-001,Basmati Long Grain Rice 5kg,5,2024/12/12,14.34,CUST-1236,Canada
101374,SKU-BEV-002,,2,2024-05-13 02:00:00,2.47,CUST-1005,United Kingdom
101374,SKU-PER-001,Antibacterial Hand Soap 300ml,4,10/16/2024 09:00,3.85,CUST-1000,United States
101375,SKU-DRY-003,Whole Grain Pasta 500g,5,2024-12-05 06:00:00,2.05,CUST-1377,France
101375,SKU-DRY-003,Whole Grain Pasta 500g,3,10-10-2024 00:00,2.32,CUST-1107,United Kingdom
C101375,SKU-DRY-003,Whole Grain Pasta 500g,-9,2024/10/01,2.17,CUST-1272,Germany
101376,SKU-HOU-001,Eco-Friendly Dishwashing Liquid 1L,6,20-09-2024 20:00,3.61,,United Kingdom
101376,SKU-BEV-003,Sparkling Mineral Water 1L,8,2024/08/24,1.6,CUST-1408,United States
101376,SKU-HOU-003,Microfiber Cleaning Towels 4-Pack,4,03-08-2024 04:00,6.39,CUST-1490,United Kingdom
101377,SKU-PER-002,Moisturizing Face Cleanser 150ml,1000,2024/06/21,10.91,CUST-1031,Germany
101377,SKU-HOU-002,Multi-Surface Disinfectant Wipes 80ct,5,2024/12/26,5.22,CUST-1244,France
101377,SKU-HOU-002,Multi-Surface Disinfectant Wipes 80ct,4,06/01/2024 19:00,4.53,CUST-1282,Canada
101378,SKU-HOU-002,Multi-Surface Disinfectant Wipes 80ct,5,12/27/2024 08:00,4.91,CUST-1052,Canada
101378,SKU-HOU-001,Eco-Friendly Dishwashing Liquid 1L,6,04/06/2024 23:00,4.27,CUST-1245,Canada
101378,SKU-PER-002,Moisturizing Face Cleanser 150ml,3,09/02/2024 16:00,8.57,CUST-1206,United Kingdom
101379,SKU-FRZ-001,Frozen Organic Mixed Berries 400g,7,07/16/2024 12:00,4.96,CUST-1368,France
101379,SKU-BEV-003,Sparkling Mineral Water 1L,4,2024-12-30 22:00:00,1.76,CUST-1436,Canada
101379,SKU-SNK-001,Artisan Sea Salt Potato Chips 150g,9,2024-11-25 03:00:00,3.09,CUST-1220,Australia
101380,SKU-SNK-001,Artisan Sea Salt Potato Chips 150g,5,2024-05-28 06:00:00,2.79,CUST-1198,France
101380,SKU-BEV-003,Sparkling Mineral Water 1L,8,2024/07/09,1.58,CUST-1274,Canada
101380,SKU-BEV-003,Sparkling Mineral Water 1L,7,2024-07-24 13:00:00,2.04,CUST-1306,Canada
101381,SKU-HOU-002,Multi-Surface Disinfectant Wipes 80ct,5,27-09-2024 20:00,5.07,CUST-1331,Germany
101381,SKU-HOU-003,Microfiber Cleaning Towels 4-Pack,5,2024-01-06 15:00:00,7.31,CUST-1291,France
101381,SKU-PER-002,Moisturizing Face Cleanser 150ml,5,2024-08-01 16:00:00,9.29,CUST-1114,Australia
101382,SKU-SNK-002,Roasted Almonds & Cranberry Mix 200g,8,03-06-2024 01:00,6.3,CUST-1366,Canada
101382,SKU-PER-001,Antibacterial Hand Soap 300ml,7,2024/10/30,4.5,CUST-1043,Germany
101382,SKU-SNK-001,Artisan Sea Salt Potato Chips 150g,6,2024-01-24 07:00:00,2.95,CUST-1431,Australia
101383,  SKU-FRZ-001  ,Frozen Organic Mixed Berries 400g,4,10/25/2024 06:00,5.36,CUST-1193,France
101383,SKU-FRZ-001,Frozen Organic Mixed Berries 400g,2,2024-10-23 20:00:00,4.13,,Australia
101383,SKU-SNK-003,Dark Chocolate 70% Bar 100g,3,06-09-2024 19:00,3.37,CUST-1131,Canada
101384,SKU-SNK-001,Artisan Sea Salt Potato Chips 150g,2,05/03/2024 21:00,3.02,CUST-1318,Australia
101384,SKU-PER-002,Moisturizing Face Cleanser 150ml,6,2024/02/28,9.12,CUST-1298,United States
101384,SKU-SNK-003,Dark Chocolate 70% Bar 100g,4,24-10-2024 04:00,3.22,CUST-1402,United Kingdom
101385,SKU-DRY-002,Extra Virgin Olive Oil 750ml,4,2024-07-17 20:00:00,12.82,,Australia
101385,SKU-DRY-003,Whole Grain Pasta 500g,8,2024-04-09 04:00:00,2.15,CUST-1297,Canada
101385,SKU-PER-001,Antibacterial Hand Soap 300ml,5,2024-06-09 03:00:00,3.98,CUST-1164,United States
101386,SKU-SNK-001,Artisan Sea Salt Potato Chips 150g,4,2024-03-13 22:00:00,2.78,CUST-1290,Germany
101386,SKU-DRY-003,Whole Grain Pasta 500g,5,16-02-2024 09:00,2.44,CUST-1157,Australia
101386,SKU-FRZ-001,Frozen Organic Mixed Berries 400g,6,2024-12-07 01:00:00,4.8,CUST-1194,United States
101387,SKU-FRZ-001,,11,02-02-2024 06:00,5.0,CUST-1184,United States
101387,SKU-FRZ-001,Frozen Organic Mixed Berries 400g,10,30-05-2024 23:00,4.61,CUST-1424,Germany
101387,SKU-HOU-003,Microfiber Cleaning Towels 4-Pack,4,15-12-2024 01:00,6.36,CUST-1411,France
101388,SKU-PER-001,Antibacterial Hand Soap 300ml,4,06-03-2024 16:00,3.81,CUST-1166,United States
101388,SKU-HOU-002,Multi-Surface Disinfectant Wipes 80ct,5,2024-09-21 14:00:00,4.92,,Germany
101388,SKU-PER-002,Moisturizing Face Cleanser 150ml,8,06/04/2024 13:00,10.39,CUST-1344,Canada
101389,SKU-PER-002,Moisturizing Face Cleanser 150ml,5,03/15/2024 10:00,8.51,CUST-1134,United Kingdom
101389,SKU-DRY-003,Whole Grain Pasta 500g,7,01/09/2024 22:00,1.99,CUST-1078,Canada
101389,SKU-FRZ-001,Frozen Organic Mixed Berries 400g,5,2024/09/25,5.02,,Australia
101390,SKU-SNK-003,Dark Chocolate 70% Bar 100g,6,2024-05-26 22:00:00,3.65,CUST-1113,France
101390,SKU-SNK-003,Dark Chocolate 70% Bar 100g,6,2024-11-05 23:00:00,3.27,CUST-1317,United States
101390,SKU-FRZ-001,Frozen Organic Mixed Berries 400g,7,2024-12-28 03:00:00,4.98,CUST-1218,Australia
101391,SKU-SNK-003,Dark Chocolate 70% Bar 100g,3,2024-06-21 09:00:00,3.65,CUST-1466,Canada
101391,SKU-SNK-003,Dark Chocolate 70% Bar 100g,6,17-07-2024 07:00,3.66,CUST-1254,Germany
101391,SKU-FRZ-001,Frozen Organic Mixed Berries 400g,5,2024-08-28 10:00:00,4.48,CUST-1287,Canada
101392,SKU-DRY-001,Basmati Long Grain Rice 5kg,6,19-10-2024 21:00,13.56,CUST-1453,Australia
101392,SKU-SNK-001,Artisan Sea Salt Potato Chips 150g,5,2024-08-16 19:00:00,2.72,CUST-1346,Germany
101392,SKU-HOU-003,Microfiber Cleaning Towels 4-Pack,9,2024/03/15,6.51,CUST-1425,United Kingdom
101393,SKU-HOU-001,Eco-Friendly Dishwashing Liquid 1L,5,04/29/2024 22:00,4.18,CUST-1497,Australia
101393,SKU-BEV-003,Sparkling Mineral Water 1L,5,24-08-2024 08:00,2.03,CUST-1324,Germany
C101393,SKU-PER-002,Moisturizing Face Cleanser 150ml,-4,04-12-2024 07:00,9.83,CUST-1077,Canada
101394,SKU-DRY-002,Extra Virgin Olive Oil 750ml,5,2024/08/25,14.81,CUST-1124,Germany
101394,SKU-BEV-002,Organic Green Tea 500ml,7,2024-02-28 22:00:00,2.35,CUST-1053,United Kingdom
101394,SKU-DRY-001,Basmati Long Grain Rice 5kg,8,10-06-2024 17:00,14.79,CUST-1456,France
101395,SKU-PER-001,Antibacterial Hand Soap 300ml,4,21-03-2024 01:00,3.93,CUST-1049,Canada
101395,SKU-SNK-002,Roasted Almonds & Cranberry Mix 200g,9,2024-10-24 05:00:00,6.3,CUST-1217,Australia
101395,SKU-HOU-001,Eco-Friendly Dishwashing Liquid 1L,3,03/01/2024 12:00,3.9,CUST-1191,United States
101396,SKU-SNK-002,Roasted Almonds & Cranberry Mix 200g,8,2024-08-23 09:00:00,5.13,CUST-1396,Canada
101396,SKU-DRY-001,Basmati Long Grain Rice 5kg,5,2024/01/25,13.87,CUST-1123,Australia
101396,SKU-DRY-001,Basmati Long Grain Rice 5kg,7,07/31/2024 06:00,14.86,CUST-1016,United States
101397,SKU-HOU-001,Eco-Friendly Dishwashing Liquid 1L,500,19-09-2024 22:00,4.08,CUST-1370,Australia
101397,SKU-DRY-003,Whole Grain Pasta 500g,6,2024/02/27,1.98,CUST-1071,Canada
101397,SKU-SNK-001,Artisan Sea Salt Potato Chips 150g,5,12/04/2024 18:00,2.83,CUST-1197,Germany
101398,SKU-SNK-002,Roasted Almonds & Cranberry Mix 200g,7,11/12/2024 23:00,4.9,CUST-1133,United States
101398,SKU-HOU-003,Microfiber Cleaning Towels 4-Pack,5,08/22/2024 19:00,7.26,CUST-1346,Australia
101398,SKU-SNK-002,Roasted Almonds & Cranberry Mix 200g,4,2024/04/09,4.77,CUST-1080,United States
101399,SKU-BEV-002,Organic Green Tea 500ml,8,06/25/2024 09:00,2.33,CUST-1359,Germany
101399,SKU-HOU-001,Eco-Friendly Dishwashing Liquid 1L,4,02/03/2024 17:00,4.34,CUST-1276,Australia
101399,SKU-BEV-003,Sparkling Mineral Water 1L,7,09-05-2024 06:00,1.85,CUST-1472,Germany
101400,SKU-DRY-003,Whole Grain Pasta 500g,6,04/24/2024 03:00,2.04,CUST-1227,Canada
101400,  SKU-BEV-002  ,Organic Green Tea 500ml,2,20-04-2024 20:00,2.26,CUST-1029,France
101400,SKU-BEV-003,Sparkling Mineral Water 1L,6,2024-03-28 02:00:00,2.02,CUST-1328,Germany
101401,SKU-SNK-002,Roasted Almonds & Cranberry Mix 200g,3,07/15/2024 02:00,5.78,CUST-1288,France
101401,SKU-PER-001,Antibacterial Hand Soap 300ml,6,10/17/2024 02:00,3.8,CUST-1098,France
101401,SKU-HOU-002,Multi-Surface Disinfectant Wipes 80ct,5,08/19/2024 20:00,4.98,CUST-1484,Canada
101402,SKU-HOU-001,Eco-Friendly Dishwashing Liquid 1L,10,13-04-2024 12:00,3.86,,United States
101402,SKU-SNK-001,Artisan Sea Salt Potato Chips 150g,7,01/14/2024 19:00,2.67,CUST-1049,Canada
101402,SKU-SNK-001,Artisan Sea Salt Potato Chips 150g,8,04/03/2024 02:00,2.77,CUST-1419,United Kingdom
101403,SKU-HOU-001,Eco-Friendly Dishwashing Liquid 1L,3,2024-03-28 02:00:00,4.37,CUST-1063,Canada
101403,SKU-HOU-003,Microfiber Cleaning Towels 4-Pack,6,2024/10/27,7.02,CUST-1389,United Kingdom
101403,SKU-DRY-003,Whole Grain Pasta 500g,6,07/22/2024 18:00,2.31,CUST-1312,United Kingdom
101404,SKU-DRY-001,Basmati Long Grain Rice 5kg,3,2024-05-08 12:00:00,12.37,CUST-1360,Germany
101404,SKU-SNK-003,Dark Chocolate 70% Bar 100g,3,2024/04/03,3.52,CUST-1003,United Kingdom
C101404,SKU-SNK-002,Roasted Almonds & Cranberry Mix 200g,-4,01/15/2024 22:00,5.68,,United States
101405,SKU-DRY-003,Whole Grain Pasta 500g,5,2024/10/25,2.24,CUST-1055,France
101405,SKU-FRZ-001,Frozen Organic Mixed Berries 400g,4,2024/07/17,4.41,CUST-1018,United States
101405,SKU-BEV-002,Organic Green Tea 500ml,2,03-12-2024 12:00,2.28,CUST-1103,Canada
101406,SKU-DRY-003,Whole Grain Pasta 500g,4,2024/10/01,2.39,CUST-1381,United States
101406,SKU-BEV-003,Sparkling Mineral Water 1L,5,2024-02-15 18:00:00,1.71,CUST-1129,United Kingdom
101406,SKU-FRZ-001,Frozen Organic Mixed Berries 400g,8,01-10-2024 19:00,4.36,CUST-1339,United Kingdom
101407,SKU-PER-002,Moisturizing Face Cleanser 150ml,6,2024/04/08,10.16,CUST-1280,Canada
101407,SKU-SNK-003,Dark Chocolate 70% Bar 100g,1,21-12-2024 22:00,2.98,CUST-1379,Germany
101407,SKU-FRZ-001,Frozen Organic Mixed Berries 400g,4,2024-10-22 18:00:00,5.17,CUST-1022,United States
101408,SKU-HOU-003,Microfiber Cleaning Towels 4-Pack,10,19-03-2024 19:00,6.98,,France
101408,SKU-SNK-001,Artisan Sea Salt Potato Chips 150g,3,2024/06/30,3.41,CUST-1130,United Kingdom
101408,SKU-DRY-001,Basmati Long Grain Rice 5kg,5,2024/07/25,13.73,CUST-1174,France
101409,SKU-HOU-003,Microfiber Cleaning Towels 4-Pack,7,07/16/2024 10:00,5.69,CUST-1344,Australia
101409,SKU-HOU-003,Microfiber Cleaning Towels 4-Pack,6,30-09-2024 04:00,7.07,CUST-1009,Australia
101409,SKU-BEV-002,Organic Green Tea 500ml,4,04/22/2024 22:00,2.4,CUST-1392,Australia
101410,SKU-BEV-001,Cold Brew Coffee 250ml,2,2024-04-20 04:00:00,4.09,CUST-1443,France
101410,SKU-BEV-002,Organic Green Tea 500ml,2,2024/02/21,2.2,CUST-1104,Australia
101410,SKU-DRY-003,Whole Grain Pasta 500g,3,2024-09-22 17:00:00,2.17,CUST-1393,Canada
101411,SKU-BEV-003,Sparkling Mineral Water 1L,6,2024-01-25 05:00:00,1.53,CUST-1195,Canada
101411,SKU-HOU-002,Multi-Surface Disinfectant Wipes 80ct,7,2024-06-20 15:00:00,4.35,CUST-1116,Australia
101411,SKU-HOU-001,Eco-Friendly Dishwashing Liquid 1L,3,07/24/2024 13:00,3.54,,Australia
101412,SKU-SNK-001,Artisan Sea Salt Potato Chips 150g,4,2024-07-31 10:00:00,2.88,CUST-1221,United Kingdom
101412,SKU-DRY-001,Basmati Long Grain Rice 5kg,3,13-05-2024 15:00,12.31,CUST-1071,France
101412,SKU-SNK-002,Roasted Almonds & Cranberry Mix 200g,3,15-12-2024 04:00,5.65,CUST-1305,Germany
101413,SKU-DRY-002,Extra Virgin Olive Oil 750ml,6,08/03/2024 05:00,13.09,CUST-1198,Canada
101413,SKU-BEV-003,Sparkling Mineral Water 1L,3,2024-05-13 23:00:00,1.69,,Germany
101413,SKU-DRY-001,Basmati Long Grain Rice 5kg,4,05/14/2024 08:00,11.78,CUST-1008,United Kingdom
101414,SKU-PER-001,Antibacterial Hand Soap 300ml,7,09/27/2024 22:00,3.99,,Canada
101414,SKU-SNK-002,Roasted Almonds & Cranberry Mix 200g,6,01-08-2024 20:00,5.51,CUST-1245,Canada
101414,SKU-HOU-003,Microfiber Cleaning Towels 4-Pack,7,2024/05/06,5.9,CUST-1112,Australia
101415,SKU-HOU-001,Eco-Friendly Dishwashing Liquid 1L,0,2024-04-02 01:00:00,4.08,CUST-1151,Germany
101415,SKU-HOU-003,Microfiber Cleaning Towels 4-Pack,2,2024-08-28 04:00:00,6.35,,Germany
C101415,SKU-SNK-003,Dark Chocolate 70% Bar 100g,-8,2024/04/12,3.67,CUST-1160,United States
101416,SKU-BEV-002,Organic Green Tea 500ml,9,2024/01/08,2.39,CUST-1172,Canada
101416,SKU-BEV-001,Cold Brew Coffee 250ml,2,10-12-2024 12:00,4.07,CUST-1113,France
101416,SKU-HOU-001,Eco-Friendly Dishwashing Liquid 1L,5,2024-02-18 14:00:00,3.55,CUST-1447,Germany
101417,SKU-HOU-003,Microfiber Cleaning Towels 4-Pack,6,2024-08-13 15:00:00,6.75,CUST-1100,United Kingdom
101417,SKU-HOU-001,Eco-Friendly Dishwashing Liquid 1L,4,04/12/2024 11:00,4.1,CUST-1320,Australia
101417,SKU-HOU-002,Multi-Surface Disinfectant Wipes 80ct,4,11/16/2024 13:00,5.14,CUST-1224,United Kingdom
101418,SKU-BEV-001,Cold Brew Coffee 250ml,3,07/19/2024 01:00,4.36,CUST-1155,Germany
101418,SKU-DRY-001,Basmati Long Grain Rice 5kg,4,2024/08/19,12.61,,Australia
101418,SKU-HOU-002,Multi-Surface Disinfectant Wipes 80ct,5,2024/03/25,5.12,CUST-1265,France
101419,SKU-BEV-002,Organic Green Tea 500ml,7,2024-07-16 16:00:00,2.68,CUST-1210,United Kingdom
101419,SKU-SNK-003,Dark Chocolate 70% Bar 100g,2,2024/01/01,3.74,CUST-1447,United States
101419,SKU-PER-001,Antibacterial Hand Soap 300ml,4,2024-04-23 09:00:00,4.86,CUST-1401,France
101420,SKU-SNK-001,Artisan Sea Salt Potato Chips 150g,4,10/05/2024 20:00,3.21,CUST-1456,Canada
101420,SKU-SNK-001,Artisan Sea Salt Potato Chips 150g,6,2024-12-11 09:00:00,3.35,CUST-1019,Canada
101420,SKU-BEV-003,Sparkling Mineral Water 1L,9,09-10-2024 21:00,1.7,CUST-1269,Canada
101421,SKU-DRY-002,Extra Virgin Olive Oil 750ml,4,2024-12-18 22:00:00,13.56,CUST-1256,Canada
101421,SKU-SNK-001,Artisan Sea Salt Potato Chips 150g,5,2024-04-26 11:00:00,2.59,CUST-1173,France
101421,SKU-PER-002,Moisturizing Face Cleanser 150ml,4,2024-03-23 10:00:00,11.24,CUST-1023,France
101422,SKU-FRZ-001,Frozen Organic Mixed Berries 400g,5,2024/08/18,4.09,CUST-1434,United Kingdom
101422,SKU-SNK-001,Artisan Sea Salt Potato Chips 150g,6,2024/02/25,2.59,CUST-1237,France
101422,SKU-SNK-002,Roasted Almonds & Cranberry Mix 200g,3,2024/11/15,6.07,CUST-1255,Canada
101423,SKU-SNK-003,Dark Chocolate 70% Bar 100g,3,2024-03-01 13:00:00,3.5,CUST-1284,Australia
101423,SKU-BEV-002,Organic Green Tea 500ml,3,2024-05-27 03:00:00,2.74,CUST-1425,France
101423,SKU-SNK-002,Roasted Almonds & Cranberry Mix 200g,7,20-07-2024 18:00,5.7,CUST-1113,United States
101424,SKU-FRZ-001,Frozen Organic Mixed Berries 400g,6,2024/03/03,4.95,,Germany
101424,SKU-BEV-002,Organic Green Tea 500ml,5,2024-05-15 05:00:00,2.41,CUST-1476,France
101424,SKU-DRY-003,Whole Grain Pasta 500g,4,2024/07/01,2.3,,Canada
101425,SKU-SNK-002,Roasted Almonds & Cranberry Mix 200g,8,2024-12-23 05:00:00,5.61,CUST-1459,Germany
101425,SKU-BEV-003,Sparkling Mineral Water 1L,4,2024/07/30,1.95,CUST-1494,United States
C101425,SKU-PER-001,Antibacterial Hand Soap 300ml,-4,2024/02/20,3.96,CUST-1376,United Kingdom
101426,SKU-PER-001,Antibacterial Hand Soap 300ml,5,2024-01-20 12:00:00,4.11,CUST-1418,United States
101426,SKU-HOU-002,Multi-Surface Disinfectant Wipes 80ct,6,09/04/2024 19:00,4.62,,Canada
101426,SKU-HOU-003,Microfiber Cleaning Towels 4-Pack,8,2024/09/06,5.83,CUST-1438,Germany
101427,SKU-DRY-001,Basmati Long Grain Rice 5kg,5,2024/08/03,12.35,CUST-1420,United States
101427,SKU-BEV-001,Cold Brew Coffee 250ml,3,2024-03-12 09:00:00,4.31,CUST-1323,United Kingdom
101427,SKU-FRZ-001,Frozen Organic Mixed Berries 400g,9,10/06/2024 09:00,4.27,,United Kingdom
101428,SKU-HOU-003,Microfiber Cleaning Towels 4-Pack,6,16-12-2024 09:00,6.34,CUST-1325,United Kingdom
101428,SKU-HOU-003,Microfiber Cleaning Towels 4-Pack,3,06/21/2024 15:00,6.68,CUST-1111,United States
101428,SKU-BEV-001,Cold Brew Coffee 250ml,9,02/14/2024 01:00,4.07,CUST-1024,Canada
101429,SKU-SNK-002,Roasted Almonds & Cranberry Mix 200g,5,2024-01-11 20:00:00,549.0,CUST-1230,United States
101429,SKU-HOU-003,Microfiber Cleaning Towels 4-Pack,4,01-02-2024 16:00,7.31,CUST-1098,United States
101429,SKU-HOU-002,Multi-Surface Disinfectant Wipes 80ct,5,03/17/2024 01:00,4.64,CUST-1300,Canada
101430,SKU-HOU-001,Eco-Friendly Dishwashing Liquid 1L,6,2024/05/12,3.86,CUST-1094,France
101430,SKU-PER-001,Antibacterial Hand Soap 300ml,4,07/23/2024 05:00,4.07,CUST-1473,France
101430,SKU-PER-002,Moisturizing Face Cleanser 150ml,7,2024-06-29 18:00:00,10.99,CUST-1185,Australia
101431,SKU-DRY-002,Extra Virgin Olive Oil 750ml,5,18-08-2024 15:00,13.48,CUST-1487,France
101431,SKU-DRY-003,Whole Grain Pasta 500g,2,2024/12/29,2.33,CUST-1057,United Kingdom
101431,SKU-BEV-001,Cold Brew Coffee 250ml,4,26-10-2024 04:00,4.44,CUST-1417,Australia
101432,SKU-SNK-001,Artisan Sea Salt Potato Chips 150g,6,2024-04-29 02:00:00,2.8,CUST-1372,Germany
101432,SKU-FRZ-001,Frozen Organic Mixed Berries 400g,6,05/06/2024 06:00,5.39,CUST-1123,Germany
101432,SKU-PER-002,Moisturizing Face Cleanser 150ml,8,07-12-2024 08:00,10.77,CUST-1021,Australia
101433,SKU-PER-001,,3,2024/09/21,4.53,CUST-1477,Australia
101433,SKU-HOU-003,Microfiber Cleaning Towels 4-Pack,2,07-12-2024 23:00,6.43,CUST-1020,Germany
101433,SKU-BEV-003,Sparkling Mineral Water 1L,5,2024/08/05,1.55,,Germany
C101434,SKU-FRZ-001,Frozen Organic Mixed Berries 400g,-5,22-08-2024 10:00,5.17,CUST-1431,Canada
101434,SKU-BEV-001,Cold Brew Coffee 250ml,7,2024/09/12,3.91,CUST-1083,Germany
101434,SKU-BEV-003,Sparkling Mineral Water 1L,5,2024-05-24 19:00:00,1.58,CUST-1379,France
101435,SKU-BEV-001,Cold Brew Coffee 250ml,3,05/27/2024 19:00,4.57,CUST-1238,Canada
101435,SKU-DRY-001,Basmati Long Grain Rice 5kg,6,2024/12/01,12.51,CUST-1141,Germany
101435,SKU-BEV-003,Sparkling Mineral Water 1L,6,2024-10-12 17:00:00,1.78,CUST-1271,France
101436,SKU-SNK-003,Dark Chocolate 70% Bar 100g,3,26-09-2024 07:00,3.37,CUST-1197,United Kingdom
101436,SKU-PER-001,Antibacterial Hand Soap 300ml,8,2024-09-04 22:00:00,4.46,CUST-1044,Canada
101436,SKU-SNK-001,Artisan Sea Salt Potato Chips 150g,2,2024-06-26 05:00:00,2.97,CUST-1398,Canada
101437,SKU-BEV-002,Organic Green Tea 500ml,4,01/13/2024 10:00,2.75,CUST-1249,Canada
101437,SKU-HOU-003,Microfiber Cleaning Towels 4-Pack,5,2024/10/06,6.08,CUST-1359,Germany
101437,SKU-SNK-002,Roasted Almonds & Cranberry Mix 200g,3,10/02/2024 09:00,5.01,CUST-1207,United States
101438,SKU-BEV-002,Organic Green Tea 500ml,4,2024-03-31 13:00:00,2.76,CUST-1328,Australia
101438,SKU-HOU-001,Eco-Friendly Dishwashing Liquid 1L,6,2024/10/20,4.05,,Canada
101438,SKU-HOU-002,Multi-Surface Disinfectant Wipes 80ct,8,08/26/2024 21:00,4.4,CUST-1443,Canada
101439,SKU-HOU-001,Eco-Friendly Dishwashing Liquid 1L,5,01-04-2024 06:00,3.74,CUST-1184,Australia
101439,SKU-HOU-002,Multi-Surface Disinfectant Wipes 80ct,2,13-05-2024 13:00,4.45,CUST-1237,United States
101439,SKU-BEV-002,Organic Green Tea 500ml,7,2024-12-07 15:00:00,2.32,CUST-1273,France
101440,SKU-HOU-003,Microfiber Cleaning Towels 4-Pack,5,15-08-2024 05:00,6.09,CUST-1452,United Kingdom
101440,SKU-PER-002,Moisturizing Face Cleanser 150ml,3,02/15/2024 06:00,10.67,CUST-1262,Australia
101440,SKU-PER-001,Antibacterial Hand Soap 300ml,4,2024/12/18,4.61,CUST-1218,United States
101441,SKU-SNK-001,Artisan Sea Salt Potato Chips 150g,3,2024-11-14 06:00:00,2.81,CUST-1277,France
101441,SKU-BEV-001,Cold Brew Coffee 250ml,5,2024/09/16,3.75,CUST-1075,Canada
101441,SKU-HOU-001,Eco-Friendly Dishwashing Liquid 1L,4,2024/08/14,4.19,CUST-1072,France
101442,SKU-BEV-003,Sparkling Mineral Water 1L,4,01/30/2024 06:00,1.89,CUST-1040,United States
101442,SKU-HOU-002,Multi-Surface Disinfectant Wipes 80ct,8,20-02-2024 12:00,5.21,CUST-1142,Germany
101442,SKU-HOU-001,Eco-Friendly Dishwashing Liquid 1L,7,21-09-2024 16:00,3.32,CUST-1243,Australia
101443,SKU-BEV-001,Cold Brew Coffee 250ml,3,05/20/2024 09:00,3.42,CUST-1382,United Kingdom
101443,SKU-SNK-002,Roasted Almonds & Cranberry Mix 200g,5,29-12-2024 03:00,5.03,CUST-1071,United Kingdom
101443,SKU-PER-002,Moisturizing Face Cleanser 150ml,3,29-08-2024 15:00,11.36,CUST-1175,United States
101444,SKU-FRZ-001,Frozen Organic Mixed Berries 400g,6,08-07-2024 12:00,4.86,CUST-1348,United States
101444,SKU-SNK-003,Dark Chocolate 70% Bar 100g,2,12/08/2024 07:00,3.0,CUST-1472,Germany
101444,SKU-PER-002,Moisturizing Face Cleanser 150ml,4,2024/10/08,10.98,CUST-1418,Germany
101445,SKU-HOU-001,Eco-Friendly Dishwashing Liquid 1L,5,22-08-2024 12:00,3.69,CUST-1429,France
101445,SKU-HOU-002,Multi-Surface Disinfectant Wipes 80ct,3,2024/12/25,4.44,CUST-1371,United Kingdom
101445,SKU-SNK-002,Roasted Almonds & Cranberry Mix 200g,1,18-10-2024 18:00,4.83,CUST-1177,Germany
101446,SKU-DRY-002,Extra Virgin Olive Oil 750ml,6,2024/04/02,15.82,CUST-1036,Canada
101446,SKU-BEV-002,Organic Green Tea 500ml,12,01/05/2024 13:00,2.72,CUST-1015,Canada
101446,SKU-FRZ-001,Frozen Organic Mixed Berries 400g,4,2024/07/28,5.26,CUST-1349,Australia
101447,SKU-PER-002,Moisturizing Face Cleanser 150ml,5,07/01/2024 08:00,9.21,CUST-1013,United States
C101447,SKU-FRZ-001,Frozen Organic Mixed Berries 400g,-5,2024/12/13,4.08,CUST-1028,United Kingdom
101447,SKU-BEV-001,Cold Brew Coffee 250ml,1,09-06-2024 10:00,4.02,CUST-1434,United States
101448,SKU-SNK-002,Roasted Almonds & Cranberry Mix 200g,3,11/16/2024 23:00,5.25,CUST-1463,Australia
101448,SKU-DRY-001,Basmati Long Grain Rice 5kg,9,12-10-2024 20:00,13.11,CUST-1398,Canada
C101448,SKU-SNK-001,Artisan Sea Salt Potato Chips 150g,-4,2024/03/23,2.85,CUST-1007,United Kingdom
101449,SKU-DRY-002,Extra Virgin Olive Oil 750ml,2,11-02-2024 12:00,16.3,CUST-1131,France
101449,SKU-DRY-001,Basmati Long Grain Rice 5kg,6,2024/07/23,12.59,CUST-1210,United States
C101449,SKU-HOU-001,Eco-Friendly Dishwashing Liquid 1L,-5,10-12-2024 18:00,4.36,CUST-1481,Germany
101450,SKU-DRY-003,Whole Grain Pasta 500g,6,2024/07/04,2.17,CUST-1075,France
101450,SKU-PER-002,Moisturizing Face Cleanser 150ml,4,06/01/2024 05:00,11.2,CUST-1368,Germany
101450,SKU-SNK-003,Dark Chocolate 70% Bar 100g,5,2024-07-07 09:00:00,3.25,CUST-1021,United States
101451,SKU-FRZ-001,Frozen Organic Mixed Berries 400g,6,2024-08-27 22:00:00,5.36,CUST-1385,United Kingdom
101451,SKU-SNK-001,Artisan Sea Salt Potato Chips 150g,6,2024-07-24 17:00:00,3.41,CUST-1115,Germany
101451,SKU-SNK-003,Dark Chocolate 70% Bar 100g,5,2024-08-27 14:00:00,3.16,CUST-1353,Australia
101452,SKU-SNK-001,,4,04/02/2024 17:00,3.02,CUST-1163,France
101452,SKU-DRY-003,Whole Grain Pasta 500g,3,02/29/2024 19:00,2.46,CUST-1090,United Kingdom
101452,SKU-HOU-001,Eco-Friendly Dishwashing Liquid 1L,7,10-07-2024 00:00,4.31,CUST-1430,France
101453,SKU-BEV-001,Cold Brew Coffee 250ml,7,15-10-2024 05:00,3.74,CUST-1242,United States
101453,  SKU-DRY-003  ,Whole Grain Pasta 500g,10,2024/04/16,2.17,CUST-1310,France
101453,SKU-HOU-001,Eco-Friendly Dishwashing Liquid 1L,3,16-01-2024 01:00,4.26,CUST-1442,United States
101454,SKU-HOU-003,Microfiber Cleaning Towels 4-Pack,5,05/07/2024 13:00,7.45,CUST-1287,United States
101454,SKU-SNK-003,Dark Chocolate 70% Bar 100g,4,06/01/2024 09:00,3.74,CUST-1322,Australia
101454,SKU-PER-002,Moisturizing Face Cleanser 150ml,7,2024-10-02 23:00:00,9.67,CUST-1140,Canada
C101455,SKU-PER-002,Moisturizing Face Cleanser 150ml,-9,04/25/2024 18:00,10.79,CUST-1396,United Kingdom
101455,SKU-SNK-001,Artisan Sea Salt Potato Chips 150g,2,2024-08-26 17:00:00,3.24,CUST-1130,Australia
101455,SKU-HOU-003,Microfiber Cleaning Towels 4-Pack,6,27-01-2024 18:00,6.61,CUST-1426,United Kingdom
101456,SKU-BEV-003,Sparkling Mineral Water 1L,3,2024/11/05,1.55,CUST-1070,Australia
101456,SKU-DRY-003,Whole Grain Pasta 500g,4,2024/03/01,2.5,,United Kingdom
101456,SKU-FRZ-001,Frozen Organic Mixed Berries 400g,2,12/01/2024 11:00,4.53,CUST-1314,Germany
C101457,SKU-BEV-001,Cold Brew Coffee 250ml,-4,2024-01-13 06:00:00,4.38,CUST-1326,United States
101457,SKU-DRY-003,Whole Grain Pasta 500g,9,13-01-2024 13:00,2.34,CUST-1292,Germany
101457,SKU-DRY-003,Whole Grain Pasta 500g,6,02/23/2024 06:00,1.96,CUST-1486,Canada
101458,SKU-HOU-001,Eco-Friendly Dishwashing Liquid 1L,5,2024/07/30,3.74,CUST-1105,Germany
101458,SKU-DRY-002,Extra Virgin Olive Oil 750ml,10,2024/07/30,15.06,CUST-1352,United Kingdom
101458,SKU-PER-001,Antibacterial Hand Soap 300ml,4,01/11/2024 04:00,3.78,CUST-1240,Australia
101459,SKU-FRZ-001,Frozen Organic Mixed Berries 400g,3,02/18/2024 02:00,4.96,CUST-1290,France
101459,SKU-DRY-002,Extra Virgin Olive Oil 750ml,8,2024-11-05 06:00:00,15.08,CUST-1463,Australia
101459,SKU-SNK-003,Dark Chocolate 70% Bar 100g,2,2024/11/03,3.69,CUST-1340,France
101460,SKU-BEV-001,Cold Brew Coffee 250ml,3,11-11-2024 15:00,4.02,CUST-1120,United Kingdom
101460,SKU-SNK-002,Roasted Almonds & Cranberry Mix 200g,1,15-11-2024 05:00,5.85,CUST-1172,Canada
101460,  SKU-HOU-003  ,Microfiber Cleaning Towels 4-Pack,-2000,08-09-2024 06:00,5.83,CUST-1069,United Kingdom
101461,SKU-SNK-003,Dark Chocolate 70% Bar 100g,7,2024/12/16,3.59,CUST-1365,United Kingdom
101461,SKU-HOU-003,Microfiber Cleaning Towels 4-Pack,3,24-08-2024 13:00,6.5,CUST-1275,France
101461,SKU-PER-001,Antibacterial Hand Soap 300ml,6,2024-02-16 17:00:00,4.46,CUST-1156,United States
C101462,SKU-DRY-002,Extra Virgin Olive Oil 750ml,-8,2024/07/30,16.2,CUST-1360,United Kingdom
101462,SKU-DRY-003,Whole Grain Pasta 500g,6,2024/08/03,2.11,,United States
101462,SKU-BEV-003,Sparkling Mineral Water 1L,5,2024/09/24,1.85,,United Kingdom
101463,SKU-BEV-002,,3,2024/09/11,2.62,CUST-1056,Germany
101463,SKU-PER-001,Antibacterial Hand Soap 300ml,5,2024-04-18 08:00:00,4.27,CUST-1076,United Kingdom
101463,SKU-DRY-003,Whole Grain Pasta 500g,5,2024-09-28 10:00:00,2.07,CUST-1121,Canada
101464,SKU-SNK-002,Roasted Almonds & Cranberry Mix 200g,6,01-03-2024 01:00,5.27,CUST-1126,Germany
101464,SKU-BEV-002,Organic Green Tea 500ml,5,10-10-2024 07:00,2.61,CUST-1102,Canada
C101464,SKU-DRY-003,Whole Grain Pasta 500g,-3,29-09-2024 19:00,2.06,CUST-1433,United States
101465,SKU-BEV-002,Organic Green Tea 500ml,8,09-10-2024 02:00,2.13,CUST-1413,France
101465,SKU-DRY-003,Whole Grain Pasta 500g,6,03/08/2024 15:00,2.09,CUST-1221,Australia
101465,SKU-HOU-003,Microfiber Cleaning Towels 4-Pack,7,08/03/2024 23:00,5.56,CUST-1038,Germany
101466,SKU-FRZ-001,Frozen Organic Mixed Berries 400g,2,09/15/2024 11:00,4.44,CUST-1104,Canada
101466,SKU-BEV-001,Cold Brew Coffee 250ml,3,2024-07-23 06:00:00,4.53,CUST-1494,Canada
101466,SKU-HOU-001,Eco-Friendly Dishwashing Liquid 1L,6,03/07/2024 21:00,4.39,CUST-1290,United Kingdom
101467,SKU-HOU-003,Microfiber Cleaning Towels 4-Pack,6,09/23/2024 22:00,5.79,CUST-1061,France
101467,SKU-PER-001,Antibacterial Hand Soap 300ml,7,25-04-2024 06:00,3.79,CUST-1452,United Kingdom
101467,SKU-HOU-002,Multi-Surface Disinfectant Wipes 80ct,5,2024-12-29 04:00:00,5.73,CUST-1252,Canada
101468,SKU-BEV-002,Organic Green Tea 500ml,4,2024-10-25 03:00:00,2.19,CUST-1121,France
101468,SKU-BEV-002,Organic Green Tea 500ml,3,06/18/2024 22:00,2.4,CUST-1439,United Kingdom
101468,SKU-SNK-003,Dark Chocolate 70% Bar 100g,5,16-01-2024 00:00,3.48,CUST-1340,Canada
101469,SKU-DRY-003,Whole Grain Pasta 500g,6,2024-04-28 05:00:00,2.05,CUST-1099,Australia
101469,SKU-SNK-001,Artisan Sea Salt Potato Chips 150g,2,2024/12/23,3.32,CUST-1224,United Kingdom
101469,SKU-BEV-003,Sparkling Mineral Water 1L,10,05/28/2024 14:00,1.98,CUST-1109,France
101470,SKU-SNK-003,Dark Chocolate 70% Bar 100g,6,2024-06-20 14:00:00,3.72,CUST-1244,United States
101470,SKU-DRY-002,Extra Virgin Olive Oil 750ml,9,2024-07-12 05:00:00,13.51,CUST-1341,Canada
101470,SKU-BEV-003,Sparkling Mineral Water 1L,7,08/26/2024 19:00,1.59,CUST-1118,Germany
101471,SKU-PER-001,Antibacterial Hand Soap 300ml,4,08-09-2024 22:00,4.44,CUST-1135,France
C101471,SKU-BEV-002,Organic Green Tea 500ml,-7,2024/08/07,249.0,CUST-1480,United States
101471,SKU-PER-002,Moisturizing Face Cleanser 150ml,6,2024/11/02,11.09,CUST-1128,United Kingdom
C101472,SKU-SNK-003,Dark Chocolate 70% Bar 100g,-7,04/27/2024 08:00,3.34,CUST-1024,United States
101472,SKU-PER-002,Moisturizing Face Cleanser 150ml,11,2024-12-08 20:00:00,9.04,CUST-1090,United States
101472,SKU-HOU-002,Multi-Surface Disinfectant Wipes 80ct,2,07/05/2024 21:00,4.63,CUST-1250,Australia
101473,SKU-HOU-003,Microfiber Cleaning Towels 4-Pack,7,01/08/2024 16:00,7.08,CUST-1473,Germany
101473,SKU-PER-001,Antibacterial Hand Soap 300ml,4,12/15/2024 20:00,4.64,CUST-1404,United Kingdom
101473,SKU-SNK-002,Roasted Almonds & Cranberry Mix 200g,5,2024-02-03 13:00:00,5.72,CUST-1251,Germany
101474,SKU-DRY-001,Basmati Long Grain Rice 5kg,8,08/11/2024 18:00,13.03,CUST-1294,France
101474,SKU-SNK-003,Dark Chocolate 70% Bar 100g,7,20-03-2024 22:00,3.43,CUST-1011,Australia
101474,SKU-DRY-002,Extra Virgin Olive Oil 750ml,4,16-07-2024 19:00,14.25,,Australia
101475,SKU-SNK-001,Artisan Sea Salt Potato Chips 150g,6,11/17/2024 16:00,3.26,CUST-1308,Australia
101475,SKU-HOU-001,Eco-Friendly Dishwashing Liquid 1L,6,19-05-2024 02:00,4.46,CUST-1338,Canada
101475,SKU-SNK-002,Roasted Almonds & Cranberry Mix 200g,8,05-05-2024 16:00,5.65,CUST-1297,France
101476,SKU-DRY-002,Extra Virgin Olive Oil 750ml,4,2024-02-05 05:00:00,15.86,CUST-1118,United Kingdom
101476,SKU-SNK-001,Artisan Sea Salt Potato Chips 150g,6,08/26/2024 11:00,2.7,CUST-1044,Australia
101476,SKU-FRZ-001,Frozen Organic Mixed Berries 400g,6,2024/10/23,5.48,CUST-1028,United States
101477,SKU-BEV-003,Sparkling Mineral Water 1L,7,2024-03-20 02:00:00,1.93,CUST-1363,Australia
101477,SKU-HOU-001,Eco-Friendly Dishwashing Liquid 1L,7,20-09-2024 18:00,3.86,CUST-1280,United Kingdom
C101477,SKU-HOU-002,Multi-Surface Disinfectant Wipes 80ct,-3,03-11-2024 13:00,4.24,CUST-1422,Canada
101478,SKU-BEV-003,Sparkling Mineral Water 1L,4,03-05-2024 16:00,1.73,CUST-1375,France
101478,SKU-PER-002,Moisturizing Face Cleanser 150ml,6,2024-12-08 01:00:00,10.45,CUST-1306,Germany
101478,SKU-DRY-001,Basmati Long Grain Rice 5kg,9,01/28/2024 20:00,12.04,CUST-1145,United States
101479,SKU-PER-001,Antibacterial Hand Soap 300ml,5,2024-02-17 10:00:00,4.03,CUST-1110,United Kingdom
101479,SKU-DRY-002,Extra Virgin Olive Oil 750ml,5,2024/04/24,15.64,,Germany
101479,SKU-PER-001,Antibacterial Hand Soap 300ml,4,2024/01/19,3.69,CUST-1319,United States
101480,SKU-HOU-002,Multi-Surface Disinfectant Wipes 80ct,5,08/10/2024 13:00,4.81,CUST-1181,France
101480,SKU-PER-001,Antibacterial Hand Soap 300ml,5,2024-05-08 11:00:00,4.54,CUST-1289,Germany
101480,SKU-DRY-003,Whole Grain Pasta 500g,8,03/13/2024 08:00,2.22,CUST-1408,Australia
101481,SKU-HOU-001,Eco-Friendly Dishwashing Liquid 1L,8,06/11/2024 16:00,3.35,CUST-1268,France
101481,SKU-SNK-001,Artisan Sea Salt Potato Chips 150g,5,27-04-2024 23:00,2.64,CUST-1059,Canada
101481,SKU-BEV-002,Organic Green Tea 500ml,4,2024-09-04 12:00:00,2.49,CUST-1222,United States
101482,SKU-HOU-003,Microfiber Cleaning Towels 4-Pack,3,04-04-2024 20:00,6.14,CUST-1179,Canada
101482,SKU-HOU-002,Multi-Surface Disinfectant Wipes 80ct,4,2024-08-28 21:00:00,5.1,CUST-1424,Germany
101482,SKU-FRZ-001,Frozen Organic Mixed Berries 400g,6,15-01-2024 15:00,4.52,CUST-1191,United States
101483,SKU-SNK-001,Artisan Sea Salt Potato Chips 150g,7,11/07/2024 19:00,3.25,CUST-1380,Germany
101483,SKU-HOU-003,Microfiber Cleaning Towels 4-Pack,3,24-06-2024 06:00,5.99,CUST-1303,Canada
101483,SKU-SNK-003,Dark Chocolate 70% Bar 100g,3,2024-02-14 20:00:00,3.54,CUST-1114,France
101484,SKU-DRY-001,Basmati Long Grain Rice 5kg,4,2024-12-15 05:00:00,14.91,CUST-1087,Australia
C101484,SKU-SNK-003,Dark Chocolate 70% Bar 100g,-2,2024/05/03,3.42,CUST-1258,United Kingdom
101484,SKU-DRY-001,Basmati Long Grain Rice 5kg,4,03/08/2024 07:00,14.7,CUST-1042,Australia
101485,SKU-SNK-001,Artisan Sea Salt Potato Chips 150g,5,2024-03-31 12:00:00,3.36,CUST-1370,France
101485,SKU-HOU-002,Multi-Surface Disinfectant Wipes 80ct,5,2024-11-05 08:00:00,5.32,CUST-1174,France
101485,SKU-SNK-003,Dark Chocolate 70% Bar 100g,6,10/10/2024 02:00,3.34,CUST-1260,United Kingdom
101486,SKU-SNK-002,Roasted Almonds & Cranberry Mix 200g,7,2024-04-12 20:00:00,6.1,CUST-1239,Canada
101486,SKU-PER-002,Moisturizing Face Cleanser 150ml,5,2024-05-22 20:00:00,8.78,CUST-1023,United States
101486,SKU-HOU-003,Microfiber Cleaning Towels 4-Pack,7,27-02-2024 03:00,7.11,CUST-1385,United Kingdom
101487,SKU-DRY-003,Whole Grain Pasta 500g,7,05/10/2024 00:00,1.91,CUST-1136,France
101487,SKU-SNK-003,Dark Chocolate 70% Bar 100g,3,2024/11/19,3.54,CUST-1426,Canada
101487,SKU-BEV-003,Sparkling Mineral Water 1L,4,01/30/2024 11:00,2.04,CUST-1227,Germany
101488,SKU-HOU-002,Multi-Surface Disinfectant Wipes 80ct,6,04/27/2024 21:00,4.44,CUST-1491,Canada
101488,SKU-SNK-002,Roasted Almonds & Cranberry Mix 200g,2,06/04/2024 15:00,5.98,CUST-1306,Canada
101488,SKU-BEV-003,Sparkling Mineral Water 1L,6,2024-02-14 16:00:00,2.05,,Australia
101489,SKU-PER-001,Antibacterial Hand Soap 300ml,10,2024-05-24 22:00:00,4.42,CUST-1403,United States
101489,SKU-HOU-002,Multi-Surface Disinfectant Wipes 80ct,10,2024-06-16 15:00:00,5.54,CUST-1018,Germany
101489,SKU-FRZ-001,Frozen Organic Mixed Berries 400g,4,01-02-2024 23:00,5.36,CUST-1010,Australia
101490,SKU-DRY-002,Extra Virgin Olive Oil 750ml,3,05/03/2024 23:00,14.63,CUST-1004,United Kingdom
101490,SKU-SNK-002,Roasted Almonds & Cranberry Mix 200g,6,2024-12-26 23:00:00,5.65,CUST-1406,Germany
101490,SKU-SNK-003,Dark Chocolate 70% Bar 100g,5,2024-04-22 02:00:00,2.87,CUST-1121,Germany
101491,SKU-PER-002,Moisturizing Face Cleanser 150ml,6,2024-02-14 22:00:00,9.29,CUST-1285,United Kingdom
101491,SKU-HOU-001,Eco-Friendly Dishwashing Liquid 1L,6,30-06-2024 23:00,3.63,CUST-1155,France
101491,SKU-PER-001,Antibacterial Hand Soap 300ml,7,30-07-2024 21:00,3.95,CUST-1380,Germany
101492,SKU-HOU-001,Eco-Friendly Dishwashing Liquid 1L,2,2024/02/07,3.98,CUST-1206,France
101492,SKU-HOU-002,Multi-Surface Disinfectant Wipes 80ct,9,03/31/2024 07:00,4.64,CUST-1458,Australia
101492,SKU-HOU-003,Microfiber Cleaning Towels 4-Pack,7,2024/05/21,7.13,CUST-1111,Australia
101493,SKU-DRY-002,Extra Virgin Olive Oil 750ml,2,01/19/2024 00:00,13.26,,United Kingdom
101493,SKU-HOU-003,Microfiber Cleaning Towels 4-Pack,4,02/29/2024 12:00,7.35,CUST-1107,France
101493,SKU-DRY-002,Extra Virgin Olive Oil 750ml,7,10-06-2024 06:00,13.8,CUST-1048,Germany
101494,SKU-DRY-002,Extra Virgin Olive Oil 750ml,10,08-12-2024 20:00,14.1,CUST-1201,France
101494,SKU-HOU-001,Eco-Friendly Dishwashing Liquid 1L,4,30-04-2024 22:00,3.45,CUST-1444,Germany
101494,SKU-HOU-003,Microfiber Cleaning Towels 4-Pack,5,2024/07/02,5.66,CUST-1133,Germany
101495,SKU-BEV-001,Cold Brew Coffee 250ml,6,03/01/2024 22:00,4.48,CUST-1257,United States
101495,SKU-BEV-003,Sparkling Mineral Water 1L,5,06-02-2024 15:00,1.82,,United Kingdom
101495,SKU-BEV-003,Sparkling Mineral Water 1L,2,2024-04-13 10:00:00,1.69,CUST-1400,United States
101496,  SKU-FRZ-001  ,Frozen Organic Mixed Berries 400g,1,10/02/2024 16:00,4.31,,France
101496,SKU-PER-002,Moisturizing Face Cleanser 150ml,5,2024/11/24,9.37,CUST-1306,United States
101496,SKU-BEV-003,Sparkling Mineral Water 1L,2,03/02/2024 22:00,1.55,CUST-1101,Germany
101497,SKU-PER-001,Antibacterial Hand Soap 300ml,4,2024/05/31,4.03,CUST-1044,United Kingdom
101497,SKU-BEV-002,Organic Green Tea 500ml,4,26-06-2024 17:00,2.49,CUST-1116,Canada
101497,SKU-FRZ-001,Frozen Organic Mixed Berries 400g,4,09-08-2024 10:00,5.26,,United Kingdom
101498,SKU-BEV-001,Cold Brew Coffee 250ml,6,11/11/2024 18:00,3.73,CUST-1076,Australia
101498,SKU-DRY-003,Whole Grain Pasta 500g,5,2024/10/04,1.93,CUST-1455,United Kingdom
101498,SKU-SNK-002,Roasted Almonds & Cranberry Mix 200g,4,07/31/2024 17:00,5.01,CUST-1484,Canada
C101499,SKU-FRZ-001,Frozen Organic Mixed Berries 400g,-4,2024/06/08,4.79,,France
101499,SKU-PER-002,Moisturizing Face Cleanser 150ml,4,2024-08-26 14:00:00,0.0,CUST-1291,United Kingdom
101499,SKU-DRY-002,Extra Virgin Olive Oil 750ml,2,2024-11-19 08:00:00,13.93,CUST-1379,Germany
101500,SKU-HOU-003,Microfiber Cleaning Towels 4-Pack,8,2024/07/21,6.13,CUST-1003,Australia
101500,SKU-HOU-003,Microfiber Cleaning Towels 4-Pack,7,2024-08-26 10:00:00,6.71,CUST-1330,France
101500,SKU-BEV-001,,6,2024/02/13,3.41,CUST-1117,Australia
101501,SKU-FRZ-001,Frozen Organic Mixed Berries 400g,10,2024/07/30,4.51,CUST-1095,Australia
101501,SKU-DRY-002,Extra Virgin Olive Oil 750ml,10,2024/09/16,12.77,CUST-1208,Canada
101501,SKU-HOU-003,Microfiber Cleaning Towels 4-Pack,4,10/13/2024 03:00,6.1,CUST-1048,Australia
101502,SKU-HOU-002,Multi-Surface Disinfectant Wipes 80ct,4,09/10/2024 15:00,4.42,CUST-1161,United Kingdom
101502,SKU-HOU-001,Eco-Friendly Dishwashing Liquid 1L,11,05/19/2024 06:00,4.3,CUST-1285,France
101502,SKU-SNK-002,Roasted Almonds & Cranberry Mix 200g,7,16-02-2024 03:00,5.89,CUST-1156,France
101503,SKU-SNK-003,Dark Chocolate 70% Bar 100g,7,2024/11/20,3.6,CUST-1095,United Kingdom
101503,SKU-HOU-002,Multi-Surface Disinfectant Wipes 80ct,7,15-04-2024 04:00,4.25,,Australia
101503,SKU-SNK-003,Dark Chocolate 70% Bar 100g,6,02-11-2024 06:00,3.08,CUST-1236,United Kingdom
101504,SKU-FRZ-001,Frozen Organic Mixed Berries 400g,4,14-03-2024 18:00,4.64,CUST-1000,France
101504,SKU-DRY-002,Extra Virgin Olive Oil 750ml,8,04/11/2024 19:00,15.37,CUST-1013,Canada
101504,SKU-SNK-001,Artisan Sea Salt Potato Chips 150g,6,22-05-2024 01:00,2.75,CUST-1281,France
101505,SKU-SNK-001,Artisan Sea Salt Potato Chips 150g,9,16-12-2024 14:00,2.99,CUST-1477,Canada
101505,SKU-DRY-001,Basmati Long Grain Rice 5kg,6,2024/03/31,14.58,CUST-1347,Canada
101505,SKU-SNK-002,Roasted Almonds & Cranberry Mix 200g,2,2024/07/14,6.14,CUST-1009,Canada
101506,SKU-DRY-003,Whole Grain Pasta 500g,9,03/29/2024 04:00,2.49,CUST-1241,Canada
101506,SKU-HOU-001,Eco-Friendly Dishwashing Liquid 1L,2,04-04-2024 20:00,3.54,CUST-1061,Australia
101506,SKU-PER-001,Antibacterial Hand Soap 300ml,3,01/15/2024 06:00,4.3,CUST-1458,United Kingdom
101507,SKU-SNK-001,Artisan Sea Salt Potato Chips 150g,6,27-07-2024 04:00,3.23,CUST-1268,France
101507,SKU-HOU-002,Multi-Surface Disinfectant Wipes 80ct,6,07/04/2024 00:00,5.27,CUST-1154,Canada
101507,SKU-PER-001,Antibacterial Hand Soap 300ml,6,2024-10-30 14:00:00,4.59,CUST-1056,United Kingdom
101508,SKU-HOU-002,Multi-Surface Disinfectant Wipes 80ct,7,08/05/2024 02:00,5.23,CUST-1244,United States
101508,SKU-DRY-003,Whole Grain Pasta 500g,13,02-12-2024 03:00,1.98,CUST-1016,Germany
101508,SKU-HOU-002,Multi-Surface Disinfectant Wipes 80ct,5,2024-09-05 23:00:00,4.9,CUST-1384,United States
101509,SKU-BEV-001,Cold Brew Coffee 250ml,4,2024-06-17 07:00:00,3.68,CUST-1186,Germany
101509,SKU-DRY-002,Extra Virgin Olive Oil 750ml,5,2024-11-28 03:00:00,13.7,CUST-1113,Canada
101509,SKU-PER-001,Antibacterial Hand Soap 300ml,2,01/26/2024 10:00,4.88,CUST-1028,Australia
101510,SKU-PER-002,Moisturizing Face Cleanser 150ml,5,2024/11/09,9.0,CUST-1380,United States
101510,SKU-PER-002,Moisturizing Face Cleanser 150ml,8,09/30/2024 14:00,10.21,CUST-1068,Germany
101510,SKU-HOU-003,Microfiber Cleaning Towels 4-Pack,3,11/03/2024 02:00,5.63,CUST-1011,Canada
101511,SKU-SNK-003,Dark Chocolate 70% Bar 100g,3,2024/08/15,3.27,CUST-1366,Germany
101511,SKU-PER-001,Antibacterial Hand Soap 300ml,2,2024-12-12 20:00:00,3.77,CUST-1431,Australia
101511,SKU-BEV-001,Cold Brew Coffee 250ml,5,23-04-2024 02:00,3.55,CUST-1004,United Kingdom
101512,SKU-FRZ-001,Frozen Organic Mixed Berries 400g,5,2024/12/30,4.53,CUST-1100,United Kingdom
101512,SKU-HOU-003,Microfiber Cleaning Towels 4-Pack,3,2024-06-05 21:00:00,5.93,CUST-1055,France
101512,SKU-HOU-002,Multi-Surface Disinfectant Wipes 80ct,8,20-01-2024 16:00,5.53,CUST-1277,Germany
101513,SKU-PER-001,Antibacterial Hand Soap 300ml,6,11/11/2024 17:00,4.36,,Australia
101513,SKU-HOU-002,Multi-Surface Disinfectant Wipes 80ct,5,09/27/2024 09:00,4.3,CUST-1235,United Kingdom
101513,SKU-HOU-002,Multi-Surface Disinfectant Wipes 80ct,6,2024-05-31 22:00:00,5.61,CUST-1239,France
101514,SKU-DRY-003,Whole Grain Pasta 500g,5,04-10-2024 19:00,1.9,CUST-1134,Canada
101514,SKU-BEV-003,Sparkling Mineral Water 1L,8,08-08-2024 10:00,1.92,CUST-1069,Germany
101514,SKU-SNK-001,Artisan Sea Salt Potato Chips 150g,6,01/12/2024 06:00,3.37,CUST-1425,United States
101515,SKU-HOU-003,Microfiber Cleaning Towels 4-Pack,6,2024/04/24,7.34,CUST-1358,Germany
101515,SKU-DRY-001,Basmati Long Grain Rice 5kg,6,09/18/2024 22:00,12.75,CUST-1225,France
C101515,SKU-HOU-001,Eco-Friendly Dishwashing Liquid 1L,-3,2024/07/06,4.39,CUST-1464,United States
101516,SKU-HOU-002,Multi-Surface Disinfectant Wipes 80ct,4,07-06-2024 13:00,4.9,CUST-1355,Canada
101516,SKU-PER-001,,6,2024-03-26 21:00:00,3.86,CUST-1305,Australia
101516,SKU-BEV-002,Organic Green Tea 500ml,4,2024-01-09 18:00:00,2.47,CUST-1265,United Kingdom
101517,SKU-SNK-001,Artisan Sea Salt Potato Chips 150g,4,21-11-2024 08:00,3.15,CUST-1028,United States
101517,SKU-SNK-001,Artisan Sea Salt Potato Chips 150g,3,04/12/2024 11:00,3.12,CUST-1371,Germany
101517,SKU-BEV-003,Sparkling Mineral Water 1L,6,2024/10/29,1.68,CUST-1235,United States
101518,SKU-BEV-001,Cold Brew Coffee 250ml,5,2024/10/05,4.31,,United States
101518,SKU-DRY-001,Basmati Long Grain Rice 5kg,9,12/29/2024 02:00,14.25,CUST-1459,United Kingdom
101518,SKU-DRY-003,Whole Grain Pasta 500g,8,2024/12/02,1.98,CUST-1082,United Kingdom
101519,SKU-FRZ-001,Frozen Organic Mixed Berries 400g,1,17-03-2024 05:00,4.32,CUST-1387,United States
101519,SKU-SNK-001,Artisan Sea Salt Potato Chips 150g,6,2024/08/04,3.0,CUST-1408,Australia
101519,SKU-HOU-001,Eco-Friendly Dishwashing Liquid 1L,8,03/08/2024 19:00,3.37,CUST-1035,Australia
101520,SKU-BEV-002,Organic Green Tea 500ml,3,14-04-2024 18:00,2.61,CUST-1105,United States
101520,SKU-PER-001,Antibacterial Hand Soap 300ml,9,2024-06-30 22:00:00,4.88,CUST-1455,Germany
101520,SKU-SNK-002,Roasted Almonds & Cranberry Mix 200g,4,2024/03/10,6.31,CUST-1319,Australia
101521,SKU-SNK-002,Roasted Almonds & Cranberry Mix 200g,3,18-10-2024 04:00,4.82,CUST-1276,France
101521,SKU-HOU-002,Multi-Surface Disinfectant Wipes 80ct,8,26-05-2024 03:00,4.31,CUST-1362,Australia
101521,SKU-BEV-003,Sparkling Mineral Water 1L,4,05-04-2024 00:00,1.9,CUST-1127,United States
101522,SKU-FRZ-001,,5,2024/05/06,4.48,CUST-1320,France
101522,SKU-PER-001,Antibacterial Hand Soap 300ml,7,08/04/2024 12:00,4.21,CUST-1341,United Kingdom
101522,SKU-DRY-002,,8,2024-08-06 00:00:00,14.07,CUST-1153,France
101523,SKU-HOU-003,,4,2024/01/27,5.86,CUST-1272,Canada
101523,SKU-PER-002,,3,30-08-2024 22:00,9.04,CUST-1170,Germany
101523,SKU-SNK-002,Roasted Almonds & Cranberry Mix 200g,8,2024-07-24 07:00:00,4.96,CUST-1205,United Kingdom
101524,SKU-PER-001,Antibacterial Hand Soap 300ml,4,08-06-2024 19:00,4.23,CUST-1207,Australia
101524,SKU-DRY-003,Whole Grain Pasta 500g,6,01-02-2024 12:00,0.0,CUST-1433,Germany
101524,SKU-BEV-002,Organic Green Tea 500ml,4,28-11-2024 09:00,2.24,CUST-1277,Germany
101525,SKU-SNK-001,Artisan Sea Salt Potato Chips 150g,3,22-02-2024 03:00,2.9,,Australia
101525,SKU-SNK-003,Dark Chocolate 70% Bar 100g,6,16-08-2024 16:00,3.39,CUST-1041,Canada
101525,SKU-BEV-001,Cold Brew Coffee 250ml,6,03-10-2024 05:00,4.54,CUST-1155,United Kingdom
101526,SKU-BEV-002,Organic Green Tea 500ml,11,2024/11/20,2.34,CUST-1236,United States
101526,SKU-PER-002,Moisturizing Face Cleanser 150ml,6,21-08-2024 09:00,9.06,CUST-1385,United Kingdom
101526,SKU-HOU-003,Microfiber Cleaning Towels 4-Pack,5,14-11-2024 09:00,5.66,CUST-1232,United States
101527,SKU-SNK-003,Dark Chocolate 70% Bar 100g,6,09/18/2024 08:00,3.41,CUST-1064,Australia
101527,SKU-BEV-001,Cold Brew Coffee 250ml,5,10-08-2024 08:00,3.9,CUST-1209,France
101527,SKU-SNK-002,Roasted Almonds & Cranberry Mix 200g,6,05/17/2024 04:00,5.81,CUST-1410,France
101528,  SKU-PER-001  ,Antibacterial Hand Soap 300ml,7,06/18/2024 23:00,4.03,CUST-1492,France
101528,SKU-FRZ-001,Frozen Organic Mixed Berries 400g,4,2024/09/25,4.79,CUST-1290,United Kingdom
101528,SKU-FRZ-001,,5,2024-02-26 06:00:00,4.31,CUST-1287,France
101529,SKU-DRY-001,Basmati Long Grain Rice 5kg,7,24-06-2024 07:00,13.3,CUST-1253,Canada
101529,SKU-BEV-003,Sparkling Mineral Water 1L,5,07/20/2024 09:00,1.6,CUST-1103,Canada
101529,SKU-PER-001,Antibacterial Hand Soap 300ml,5,2024/04/16,4.71,CUST-1147,United Kingdom
101530,SKU-BEV-001,Cold Brew Coffee 250ml,6,2024-03-15 16:00:00,4.21,CUST-1150,United States
101530,SKU-SNK-002,Roasted Almonds & Cranberry Mix 200g,4,13-09-2024 04:00,5.2,CUST-1048,United Kingdom
101530,SKU-HOU-003,Microfiber Cleaning Towels 4-Pack,6,08/05/2024 16:00,5.86,CUST-1429,France
101531,SKU-SNK-003,Dark Chocolate 70% Bar 100g,4,12-03-2024 09:00,3.52,CUST-1286,United Kingdom
101531,SKU-DRY-002,Extra Virgin Olive Oil 750ml,4,05/11/2024 12:00,13.02,CUST-1398,United Kingdom
101531,SKU-SNK-003,Dark Chocolate 70% Bar 100g,11,2024-08-30 21:00:00,3.39,CUST-1346,Australia
101532,SKU-SNK-003,Dark Chocolate 70% Bar 100g,4,10-05-2024 14:00,2.8,CUST-1373,Germany
101532,SKU-PER-001,Antibacterial Hand Soap 300ml,5,16-07-2024 22:00,4.34,CUST-1002,France
101532,SKU-DRY-003,Whole Grain Pasta 500g,3,2024-11-21 04:00:00,2.41,CUST-1067,United States
101533,SKU-BEV-001,Cold Brew Coffee 250ml,6,24-01-2024 03:00,3.96,,Canada
101533,SKU-BEV-003,Sparkling Mineral Water 1L,4,24-08-2024 22:00,1.8,CUST-1487,Germany
101533,SKU-SNK-002,Roasted Almonds & Cranberry Mix 200g,7,2024/03/05,6.09,CUST-1110,France
101534,SKU-PER-001,Antibacterial Hand Soap 300ml,5,2024/01/23,3.93,CUST-1171,France
101534,  SKU-DRY-003  ,Whole Grain Pasta 500g,4,2024-08-15 20:00:00,1.95,,France
101534,SKU-DRY-002,Extra Virgin Olive Oil 750ml,4,09/23/2024 17:00,13.06,CUST-1373,Australia
101535,SKU-HOU-001,Eco-Friendly Dishwashing Liquid 1L,3,09/26/2024 10:00,3.8,CUST-1120,France
101535,SKU-FRZ-001,Frozen Organic Mixed Berries 400g,3,2024-06-07 07:00:00,4.66,CUST-1015,United States
101535,SKU-SNK-003,Dark Chocolate 70% Bar 100g,3,2024-07-20 11:00:00,2.86,,France
101536,SKU-SNK-002,Roasted Almonds & Cranberry Mix 200g,7,07/03/2024 14:00,4.74,CUST-1410,Germany
101536,SKU-PER-001,Antibacterial Hand Soap 300ml,7,2024-10-06 03:00:00,4.23,CUST-1200,Australia
101536,SKU-BEV-003,Sparkling Mineral Water 1L,6,21-04-2024 02:00,1.73,CUST-1430,Germany
101537,SKU-BEV-003,Sparkling Mineral Water 1L,5,2024/04/29,1.85,CUST-1422,Australia
101537,SKU-HOU-003,Microfiber Cleaning Towels 4-Pack,5,05/07/2024 16:00,6.72,CUST-1052,Australia
101537,SKU-BEV-002,Organic Green Tea 500ml,3,07/15/2024 10:00,2.64,CUST-1318,United Kingdom
101538,SKU-SNK-002,Roasted Almonds & Cranberry Mix 200g,5,2024/06/16,4.91,CUST-1327,United Kingdom
101538,SKU-SNK-001,Artisan Sea Salt Potato Chips 150g,10,2024/07/22,2.74,CUST-1499,Australia
101538,SKU-FRZ-001,Frozen Organic Mixed Berries 400g,4,21-10-2024 07:00,5.21,CUST-1034,France
101539,SKU-PER-001,Antibacterial Hand Soap 300ml,5,11/30/2024 01:00,4.52,CUST-1476,Germany
101539,SKU-PER-002,Moisturizing Face Cleanser 150ml,4,07/31/2024 23:00,10.62,CUST-1010,United States
101539,SKU-BEV-002,Organic Green Tea 500ml,6,08-03-2024 16:00,2.72,CUST-1320,Australia
101540,SKU-HOU-002,Multi-Surface Disinfectant Wipes 80ct,7,2024-09-17 04:00:00,5.15,CUST-1426,Canada
101540,SKU-HOU-003,Microfiber Cleaning Towels 4-Pack,3,02/24/2024 01:00,6.78,CUST-1133,Canada
101540,SKU-PER-002,Moisturizing Face Cleanser 150ml,7,2024-02-17 05:00:00,9.93,CUST-1391,Canada
101541,SKU-HOU-002,Multi-Surface Disinfectant Wipes 80ct,5,2024-03-26 14:00:00,5.3,CUST-1341,Canada
101541,SKU-BEV-001,Cold Brew Coffee 250ml,1,11/19/2024 11:00,3.83,CUST-1415,United Kingdom
101541,SKU-DRY-003,Whole Grain Pasta 500g,3,11-02-2024 22:00,2.39,CUST-1396,France
101542,SKU-PER-002,Moisturizing Face Cleanser 150ml,5,2024/07/10,10.86,CUST-1232,France
101542,SKU-DRY-003,Whole Grain Pasta 500g,5,12/03/2024 21:00,2.06,CUST-1054,United States
101542,SKU-SNK-002,Roasted Almonds & Cranberry Mix 200g,6,2024-10-29 14:00:00,5.49,CUST-1433,Germany
101543,SKU-BEV-001,Cold Brew Coffee 250ml,8,2024/11/02,3.52,CUST-1322,United Kingdom
101543,SKU-HOU-001,,7,03/16/2024 12:00,4.36,CUST-1332,Canada
101543,SKU-HOU-002,Multi-Surface Disinfectant Wipes 80ct,8,2024/01/16,5.33,CUST-1274,United Kingdom
101544,SKU-DRY-002,Extra Virgin Olive Oil 750ml,6,2024/11/26,14.73,CUST-1064,Canada
101544,SKU-HOU-002,Multi-Surface Disinfectant Wipes 80ct,7,12-07-2024 16:00,5.65,CUST-1250,United Kingdom
C101544,SKU-HOU-003,Microfiber Cleaning Towels 4-Pack,-4,01/06/2024 07:00,6.06,CUST-1349,Germany
101545,SKU-DRY-002,Extra Virgin Olive Oil 750ml,4,24-08-2024 02:00,16.6,CUST-1233,Germany
101545,SKU-DRY-001,Basmati Long Grain Rice 5kg,4,12/21/2024 02:00,14.35,,United Kingdom
101545,SKU-DRY-002,Extra Virgin Olive Oil 750ml,4,2024/06/27,13.33,CUST-1244,Germany
101546,SKU-DRY-002,Extra Virgin Olive Oil 750ml,4,01-12-2024 05:00,12.68,CUST-1370,United States
101546,SKU-BEV-001,Cold Brew Coffee 250ml,7,04/12/2024 14:00,4.55,CUST-1279,United Kingdom
101546,SKU-SNK-003,Dark Chocolate 70% Bar 100g,5,23-05-2024 11:00,2.92,CUST-1101,Canada
101547,SKU-PER-002,Moisturizing Face Cleanser 150ml,6,2024/05/08,10.68,CUST-1245,Germany
101547,SKU-BEV-002,Organic Green Tea 500ml,1,30-05-2024 02:00,2.36,CUST-1097,Germany
101547,SKU-HOU-003,Microfiber Cleaning Towels 4-Pack,4,04/16/2024 14:00,6.55,CUST-1117,Germany
101548,SKU-DRY-003,,5,2024-01-24 16:00:00,1.94,CUST-1233,Germany
101548,SKU-SNK-002,Roasted Almonds & Cranberry Mix 200g,2,2024-03-18 16:00:00,5.1,CUST-1138,Canada
101548,SKU-BEV-003,Sparkling Mineral Water 1L,5,2024/10/16,1.91,CUST-1411,United States
101549,SKU-SNK-001,Artisan Sea Salt Potato Chips 150g,7,26-06-2024 23:00,2.74,CUST-1169,France
101549,SKU-BEV-003,Sparkling Mineral Water 1L,8,2024-05-25 20:00:00,1.78,CUST-1378,France
101549,SKU-BEV-002,Organic Green Tea 500ml,5,24-04-2024 12:00,2.28,CUST-1195,Australia
101550,SKU-PER-001,Antibacterial Hand Soap 300ml,3,05/19/2024 17:00,4.4,CUST-1242,Germany
101550,SKU-PER-002,Moisturizing Face Cleanser 150ml,4,2024-04-18 22:00:00,10.77,CUST-1215,Germany
101550,SKU-SNK-002,Roasted Almonds & Cranberry Mix 200g,4,2024/11/01,0.0,,United States
101551,SKU-SNK-002,Roasted Almonds & Cranberry Mix 200g,5,2024-06-20 08:00:00,5.32,CUST-1258,Canada
101551,SKU-HOU-001,Eco-Friendly Dishwashing Liquid 1L,4,18-03-2024 18:00,4.09,CUST-1139,United States
101551,SKU-HOU-003,Microfiber Cleaning Towels 4-Pack,2,23-07-2024 06:00,5.76,,Canada
101552,SKU-SNK-002,Roasted Almonds & Cranberry Mix 200g,7,2024-09-01 07:00:00,5.53,CUST-1289,United Kingdom
101552,SKU-BEV-001,Cold Brew Coffee 250ml,6,2024-03-19 16:00:00,4.21,CUST-1059,Germany
101552,SKU-PER-001,Antibacterial Hand Soap 300ml,8,02-05-2024 11:00,3.77,CUST-1132,Australia
101553,SKU-HOU-002,Multi-Surface Disinfectant Wipes 80ct,3,11/08/2024 08:00,4.39,,Canada
101553,SKU-SNK-002,Roasted Almonds & Cranberry Mix 200g,7,29-03-2024 06:00,4.7,,Germany
101553,SKU-PER-002,Moisturizing Face Cleanser 150ml,3,12/26/2024 14:00,11.03,CUST-1203,France
101554,SKU-HOU-001,Eco-Friendly Dishwashing Liquid 1L,3,12-10-2024 19:00,4.12,CUST-1121,Canada
101554,SKU-PER-001,Antibacterial Hand Soap 300ml,6,2024/05/19,4.2,CUST-1493,Canada
101554,SKU-SNK-001,Artisan Sea Salt Potato Chips 150g,5,2024/12/19,2.63,CUST-1143,Germany
101555,SKU-DRY-003,Whole Grain Pasta 500g,6,2024-12-02 11:00:00,2.14,CUST-1143,Australia
101555,SKU-PER-002,Moisturizing Face Cleanser 150ml,10,2024/08/28,10.91,CUST-1232,Canada
101555,SKU-SNK-003,Dark Chocolate 70% Bar 100g,6,06/06/2024 13:00,3.13,CUST-1200,Australia
101556,SKU-SNK-001,Artisan Sea Salt Potato Chips 150g,4,2024/03/26,3.03,CUST-1323,Canada
101556,SKU-HOU-002,,4,07/13/2024 19:00,5.35,CUST-1268,United Kingdom
101556,SKU-DRY-002,Extra Virgin Olive Oil 750ml,2,2024/02/19,12.42,CUST-1075,Canada
101557,SKU-SNK-003,Dark Chocolate 70% Bar 100g,1,14-09-2024 22:00,3.18,CUST-1282,United States
101557,SKU-PER-001,Antibacterial Hand Soap 300ml,4,04/07/2024 14:00,3.69,CUST-1118,France
101557,SKU-PER-001,Antibacterial Hand Soap 300ml,6,2024-05-06 23:00:00,4.33,CUST-1468,United Kingdom
101558,SKU-SNK-003,Dark Chocolate 70% Bar 100g,2,11/01/2024 09:00,3.5,CUST-1066,France
101558,SKU-PER-001,,3,2024-04-15 15:00:00,3.63,CUST-1365,Australia
101558,SKU-BEV-001,Cold Brew Coffee 250ml,4,18-11-2024 13:00,4.55,CUST-1100,Canada
101559,SKU-HOU-001,,5,08/01/2024 02:00,3.81,,France
101559,SKU-SNK-001,Artisan Sea Salt Potato Chips 150g,5,05/14/2024 23:00,3.21,CUST-1035,United States
101559,SKU-PER-002,Moisturizing Face Cleanser 150ml,6,2024-10-09 15:00:00,11.16,CUST-1274,United States
101560,SKU-BEV-001,Cold Brew Coffee 250ml,6,28-09-2024 16:00,4.53,CUST-1032,Canada
101560,SKU-PER-001,Antibacterial Hand Soap 300ml,5,08/22/2024 02:00,3.69,CUST-1406,United States
101560,SKU-DRY-002,Extra Virgin Olive Oil 750ml,6,04/18/2024 01:00,15.17,CUST-1153,Canada
101561,SKU-HOU-002,Multi-Surface Disinfectant Wipes 80ct,6,2024-01-24 15:00:00,0.0,CUST-1104,Germany
101561,SKU-SNK-003,Dark Chocolate 70% Bar 100g,6,2024/06/18,3.54,CUST-1134,Canada
101561,SKU-SNK-001,Artisan Sea Salt Potato Chips 150g,5,03/30/2024 03:00,2.88,CUST-1149,France
101562,SKU-HOU-002,Multi-Surface Disinfectant Wipes 80ct,3,04/29/2024 10:00,4.28,CUST-1073,Germany
101562,SKU-DRY-001,Basmati Long Grain Rice 5kg,5,2024-05-18 19:00:00,11.66,CUST-1484,Canada
101562,SKU-HOU-003,Microfiber Cleaning Towels 4-Pack,4,2024-10-10 07:00:00,6.76,CUST-1064,United States
101563,SKU-HOU-002,Multi-Surface Disinfectant Wipes 80ct,11,02-12-2024 03:00,4.37,CUST-1032,United States
101563,SKU-BEV-003,Sparkling Mineral Water 1L,3,08/22/2024 21:00,1.57,CUST-1166,Germany
101563,SKU-FRZ-001,Frozen Organic Mixed Berries 400g,9,2024-12-10 18:00:00,5.38,CUST-1288,United States
101564,SKU-PER-002,Moisturizing Face Cleanser 150ml,2,2024-08-16 03:00:00,11.23,CUST-1107,Australia
101564,SKU-DRY-003,Whole Grain Pasta 500g,2,28-10-2024 05:00,1.97,CUST-1059,France
101564,SKU-DRY-003,Whole Grain Pasta 500g,6,02/07/2024 04:00,2.0,CUST-1422,Australia
101565,SKU-SNK-003,Dark Chocolate 70% Bar 100g,6,2024/01/17,2.88,CUST-1027,Australia
101565,SKU-DRY-003,Whole Grain Pasta 500g,3,2024-09-25 09:00:00,2.07,CUST-1155,United States
101565,SKU-PER-002,Moisturizing Face Cleanser 150ml,6,12/09/2024 09:00,10.48,CUST-1151,United Kingdom
101566,SKU-BEV-001,Cold Brew Coffee 250ml,9,2024-07-04 20:00:00,4.19,CUST-1041,Germany
C101566,SKU-SNK-003,Dark Chocolate 70% Bar 100g,-9,10-06-2024 05:00,2.92,CUST-1017,Australia
101566,SKU-SNK-002,Roasted Almonds & Cranberry Mix 200g,6,13-02-2024 00:00,4.99,CUST-1314,France
101567,SKU-HOU-001,Eco-Friendly Dishwashing Liquid 1L,4,28-08-2024 21:00,4.32,CUST-1326,Germany
101567,SKU-HOU-001,Eco-Friendly Dishwashing Liquid 1L,6,2024/07/21,3.98,CUST-1108,France
101567,SKU-SNK-003,Dark Chocolate 70% Bar 100g,4,02/21/2024 21:00,3.38,CUST-1058,United States
101568,SKU-PER-001,Antibacterial Hand Soap 300ml,6,12/11/2024 17:00,4.66,CUST-1323,France
101568,SKU-HOU-001,Eco-Friendly Dishwashing Liquid 1L,5,2024-05-30 11:00:00,3.59,CUST-1089,Germany
101568,SKU-HOU-002,Multi-Surface Disinfectant Wipes 80ct,3,2024/06/13,4.39,CUST-1422,United States
101569,SKU-FRZ-001,Frozen Organic Mixed Berries 400g,11,18-04-2024 05:00,4.99,CUST-1252,Germany
101569,SKU-BEV-002,Organic Green Tea 500ml,4,12/29/2024 21:00,2.25,CUST-1499,Australia
101569,SKU-PER-002,Moisturizing Face Cleanser 150ml,4,29-11-2024 07:00,9.53,,Canada
101570,SKU-BEV-002,Organic Green Tea 500ml,7,07/24/2024 21:00,2.34,CUST-1142,Canada
101570,SKU-PER-001,Antibacterial Hand Soap 300ml,6,2024/05/07,4.62,CUST-1439,United States
101570,SKU-HOU-003,Microfiber Cleaning Towels 4-Pack,8,24-02-2024 23:00,7.07,CUST-1378,Germany
101571,SKU-PER-001,Antibacterial Hand Soap 300ml,5,2024-07-04 23:00:00,4.78,CUST-1149,United Kingdom
101571,SKU-FRZ-001,Frozen Organic Mixed Berries 400g,6,2024-05-20 19:00:00,4.09,,France
101571,SKU-SNK-001,Artisan Sea Salt Potato Chips 150g,4,2024-03-02 23:00:00,2.98,CUST-1223,Canada
101572,SKU-SNK-002,Roasted Almonds & Cranberry Mix 200g,3,11-12-2024 09:00,5.05,CUST-1476,Canada
101572,SKU-FRZ-001,Frozen Organic Mixed Berries 400g,3,2024-08-30 00:00:00,4.4,CUST-1473,United Kingdom
101572,SKU-PER-002,Moisturizing Face Cleanser 150ml,5,28-02-2024 04:00,10.81,CUST-1465,Germany
101573,SKU-SNK-003,Dark Chocolate 70% Bar 100g,6,22-08-2024 07:00,3.6,CUST-1365,Australia
101573,SKU-BEV-001,Cold Brew Coffee 250ml,6,05/22/2024 20:00,3.58,CUST-1122,United Kingdom
101573,SKU-HOU-001,Eco-Friendly Dishwashing Liquid 1L,7,2024-07-18 16:00:00,3.95,CUST-1025,France
101574,SKU-BEV-002,Organic Green Tea 500ml,8,2024-01-20 21:00:00,2.65,CUST-1402,United Kingdom
101574,SKU-DRY-003,Whole Grain Pasta 500g,7,2024/04/30,2.41,CUST-1336,United States
101574,SKU-FRZ-001,Frozen Organic Mixed Berries 400g,3,02/15/2024 01:00,5.16,CUST-1496,United Kingdom
101575,SKU-SNK-002,Roasted Almonds & Cranberry Mix 200g,2,10/25/2024 21:00,4.76,CUST-1420,Canada
101575,SKU-PER-002,Moisturizing Face Cleanser 150ml,6,22-03-2024 16:00,9.55,CUST-1028,Germany
101575,SKU-BEV-003,Sparkling Mineral Water 1L,7,2024/05/08,1.86,CUST-1000,United Kingdom
101576,SKU-DRY-002,Extra Virgin Olive Oil 750ml,5,08-07-2024 20:00,14.11,CUST-1076,United States
101576,SKU-HOU-003,Microfiber Cleaning Towels 4-Pack,7,05/09/2024 22:00,5.97,CUST-1485,United States
101576,SKU-SNK-002,Roasted Almonds & Cranberry Mix 200g,8,09/26/2024 01:00,6.09,CUST-1010,Australia
101577,SKU-DRY-001,Basmati Long Grain Rice 5kg,3,05/28/2024 02:00,12.61,CUST-1244,Germany
101577,SKU-DRY-001,Basmati Long Grain Rice 5kg,6,2024/09/25,11.43,,Australia
101577,SKU-HOU-002,Multi-Surface Disinfectant Wipes 80ct,3,2024-07-09 16:00:00,5.27,CUST-1448,Germany
101578,SKU-HOU-002,Multi-Surface Disinfectant Wipes 80ct,7,14-05-2024 01:00,5.54,CUST-1166,France
101578,SKU-BEV-003,Sparkling Mineral Water 1L,8,2024/10/09,1.81,CUST-1376,United States
101578,SKU-BEV-002,Organic Green Tea 500ml,5,2024/03/03,2.71,CUST-1394,Germany
101579,SKU-HOU-002,Multi-Surface Disinfectant Wipes 80ct,6,15-02-2024 17:00,4.51,CUST-1498,France
101579,SKU-PER-001,Antibacterial Hand Soap 300ml,5,2024-11-07 13:00:00,4.12,CUST-1337,Canada
101579,SKU-BEV-001,Cold Brew Coffee 250ml,5,11/13/2024 22:00,4.31,,United Kingdom
101580,SKU-SNK-003,Dark Chocolate 70% Bar 100g,3,10/12/2024 20:00,3.29,CUST-1196,France
101580,SKU-PER-001,Antibacterial Hand Soap 300ml,5,2024/12/25,4.47,CUST-1415,Canada
101580,SKU-SNK-002,Roasted Almonds & Cranberry Mix 200g,-2000,08-10-2024 04:00,5.4,CUST-1445,Australia
101581,SKU-PER-002,Moisturizing Face Cleanser 150ml,3,2024-09-29 03:00:00,8.95,CUST-1278,United Kingdom
101581,SKU-DRY-003,Whole Grain Pasta 500g,2,09/18/2024 15:00,2.34,CUST-1192,Germany
C101581,SKU-SNK-001,Artisan Sea Salt Potato Chips 150g,-8,2024-10-02 03:00:00,2.87,CUST-1058,Australia
101582,SKU-DRY-003,Whole Grain Pasta 500g,3,2024-02-04 17:00:00,1.96,CUST-1457,Australia
101582,  SKU-DRY-002  ,Extra Virgin Olive Oil 750ml,3,2024/11/25,13.95,CUST-1454,France
101582,SKU-FRZ-001,Frozen Organic Mixed Berries 400g,4,01/18/2024 20:00,5.05,CUST-1356,United States
101583,SKU-HOU-003,Microfiber Cleaning Towels 4-Pack,6,2024/09/02,7.18,,Australia
101583,SKU-SNK-001,Artisan Sea Salt Potato Chips 150g,5,05/14/2024 13:00,3.2,CUST-1095,Australia
101583,SKU-DRY-001,Basmati Long Grain Rice 5kg,6,22-06-2024 23:00,12.2,CUST-1488,United States
101584,SKU-PER-002,Moisturizing Face Cleanser 150ml,7,2024-11-07 23:00:00,9.39,CUST-1137,Canada
101584,SKU-HOU-002,Multi-Surface Disinfectant Wipes 80ct,4,2024/04/06,4.62,CUST-1039,Canada
101584,SKU-DRY-002,Extra Virgin Olive Oil 750ml,5,2024-06-07 14:00:00,16.35,CUST-1196,United States
101585,SKU-BEV-003,Sparkling Mineral Water 1L,5,2024-01-10 08:00:00,1.9,CUST-1069,Germany
101585,SKU-BEV-001,Cold Brew Coffee 250ml,5,2024-07-31 04:00:00,3.79,CUST-1075,United States
101585,SKU-SNK-002,Roasted Almonds & Cranberry Mix 200g,4,18-01-2024 23:00,5.6,CUST-1355,Canada
101586,SKU-SNK-003,Dark Chocolate 70% Bar 100g,6,10/10/2024 19:00,3.72,CUST-1208,Australia
101586,SKU-SNK-003,,7,12/01/2024 05:00,3.51,CUST-1437,United States
101586,SKU-HOU-002,Multi-Surface Disinfectant Wipes 80ct,7,01-05-2024 01:00,4.68,CUST-1010,Australia
101587,SKU-DRY-003,Whole Grain Pasta 500g,3,03/18/2024 14:00,1.91,CUST-1336,France
101587,SKU-DRY-001,Basmati Long Grain Rice 5kg,7,2024/02/06,12.86,CUST-1051,Canada
101587,SKU-DRY-002,Extra Virgin Olive Oil 750ml,6,26-01-2024 09:00,15.56,CUST-1426,United Kingdom
101588,  SKU-SNK-002  ,Roasted Almonds & Cranberry Mix 200g,5,2024/05/03,5.6,CUST-1103,Australia
101588,SKU-BEV-001,Cold Brew Coffee 250ml,7,2024-06-21 13:00:00,3.62,CUST-1373,Australia
101588,SKU-PER-002,Moisturizing Face Cleanser 150ml,1,2024-07-24 08:00:00,10.79,CUST-1017,France
101589,SKU-DRY-003,Whole Grain Pasta 500g,6,21-09-2024 00:00,2.46,CUST-1268,United Kingdom
101589,SKU-BEV-003,Sparkling Mineral Water 1L,3,2024-03-04 15:00:00,1.67,CUST-1086,United States
101589,SKU-SNK-002,Roasted Almonds & Cranberry Mix 200g,7,15-03-2024 09:00,6.2,CUST-1059,Canada
101590,SKU-BEV-003,Sparkling Mineral Water 1L,8,2024/06/21,2.05,CUST-1364,United States
101590,SKU-SNK-003,Dark Chocolate 70% Bar 100g,5,18-09-2024 20:00,3.28,CUST-1251,Germany
101590,SKU-HOU-002,Multi-Surface Disinfectant Wipes 80ct,5,2024/05/04,5.61,CUST-1426,United States
101591,SKU-DRY-003,Whole Grain Pasta 500g,8,03/30/2024 23:00,2.25,CUST-1237,France
101591,SKU-HOU-001,Eco-Friendly Dishwashing Liquid 1L,3,01/29/2024 08:00,4.44,CUST-1210,Canada
101591,SKU-SNK-002,Roasted Almonds & Cranberry Mix 200g,7,2024-08-16 16:00:00,4.86,CUST-1374,Australia
101592,SKU-PER-001,Antibacterial Hand Soap 300ml,3,2024-06-14 05:00:00,4.44,CUST-1373,Australia
101592,SKU-HOU-003,Microfiber Cleaning Towels 4-Pack,6,13-10-2024 04:00,6.98,CUST-1478,Germany
101592,SKU-HOU-002,Multi-Surface Disinfectant Wipes 80ct,5,2024-04-17 19:00:00,5.13,CUST-1171,Canada
101593,SKU-DRY-003,Whole Grain Pasta 500g,4,2024/08/18,1.91,CUST-1323,Australia
101593,SKU-SNK-002,Roasted Almonds & Cranberry Mix 200g,2,04/25/2024 01:00,5.7,CUST-1427,Germany
101593,SKU-DRY-003,Whole Grain Pasta 500g,3,08-08-2024 20:00,2.08,CUST-1323,United States
101594,SKU-BEV-001,Cold Brew Coffee 250ml,4,07/27/2024 20:00,4.01,CUST-1318,Australia
101594,SKU-SNK-002,Roasted Almonds & Cranberry Mix 200g,4,2024-07-10 02:00:00,5.31,CUST-1305,Germany
101594,SKU-BEV-003,Sparkling Mineral Water 1L,0,2024-03-12 21:00:00,1.77,CUST-1450,United Kingdom
101595,SKU-PER-001,Antibacterial Hand Soap 300ml,9,05/30/2024 11:00,4.77,CUST-1296,United Kingdom
101595,SKU-BEV-002,Organic Green Tea 500ml,6,2024/04/08,2.28,CUST-1183,Australia
101595,SKU-SNK-002,Roasted Almonds & Cranberry Mix 200g,5,12-01-2024 20:00,5.47,CUST-1057,Germany
C101596,SKU-SNK-002,Roasted Almonds & Cranberry Mix 200g,-3,30-07-2024 15:00,5.91,CUST-1199,United States
101596,SKU-DRY-002,Extra Virgin Olive Oil 750ml,7,03/10/2024 19:00,14.85,CUST-1324,United States
101596,SKU-PER-002,Moisturizing Face Cleanser 150ml,5,2024-09-25 19:00:00,9.01,CUST-1345,United States
101597,SKU-FRZ-001,Frozen Organic Mixed Berries 400g,5,2024-01-14 23:00:00,4.56,CUST-1446,France
101597,SKU-SNK-001,Artisan Sea Salt Potato Chips 150g,4,2024-09-30 00:00:00,2.57,CUST-1467,Canada
101597,SKU-DRY-001,Basmati Long Grain Rice 5kg,4,2024/10/19,12.6,CUST-1343,United Kingdom
101598,SKU-BEV-003,Sparkling Mineral Water 1L,6,24-01-2024 17:00,1.79,CUST-1296,United States
101598,SKU-DRY-002,Extra Virgin Olive Oil 750ml,5,2024-01-23 16:00:00,16.36,CUST-1361,France
101598,SKU-FRZ-001,Frozen Organic Mixed Berries 400g,4,29-03-2024 08:00,5.19,CUST-1143,United States
101599,SKU-DRY-003,Whole Grain Pasta 500g,3,04/29/2024 23:00,1.99,CUST-1369,France
101599,SKU-PER-002,Moisturizing Face Cleanser 150ml,5,11/30/2024 22:00,8.96,CUST-1309,United States
101599,SKU-BEV-003,Sparkling Mineral Water 1L,4,2024-07-27 17:00:00,1.74,,United Kingdom
101600,SKU-SNK-002,Roasted Almonds & Cranberry Mix 200g,6,2024-09-10 05:00:00,5.34,CUST-1464,Canada
101600,SKU-BEV-002,Organic Green Tea 500ml,5,16-05-2024 07:00,2.51,CUST-1476,Germany
101600,SKU-BEV-003,Sparkling Mineral Water 1L,3,2024/02/26,1.68,CUST-1147,France
101601,SKU-DRY-001,Basmati Long Grain Rice 5kg,2,2024/04/15,12.04,CUST-1224,Canada
101601,SKU-FRZ-001,Frozen Organic Mixed Berries 400g,7,2024-09-21 04:00:00,5.1,CUST-1387,Canada
101601,SKU-DRY-001,Basmati Long Grain Rice 5kg,4,09/16/2024 07:00,14.59,CUST-1131,Australia
101602,SKU-HOU-001,Eco-Friendly Dishwashing Liquid 1L,3,02/19/2024 05:00,4.05,CUST-1386,United Kingdom
101602,SKU-BEV-002,Organic Green Tea 500ml,3,18-04-2024 20:00,2.76,CUST-1432,Australia
101602,SKU-SNK-002,Roasted Almonds & Cranberry Mix 200g,5,2024/01/26,6.06,CUST-1150,Australia
101603,SKU-HOU-003,Microfiber Cleaning Towels 4-Pack,6,05/08/2024 02:00,6.29,,Germany
101603,SKU-DRY-001,Basmati Long Grain Rice 5kg,6,2024/08/25,13.99,CUST-1162,United Kingdom
101603,SKU-SNK-002,Roasted Almonds & Cranberry Mix 200g,4,16-03-2024 16:00,5.87,CUST-1392,United States
101604,SKU-PER-001,Antibacterial Hand Soap 300ml,4,09/13/2024 05:00,3.8,CUST-1015,United Kingdom
101604,SKU-BEV-002,Organic Green Tea 500ml,3,2024/05/22,2.41,CUST-1115,United States
101604,SKU-BEV-001,Cold Brew Coffee 250ml,4,31-07-2024 14:00,3.89,CUST-1186,United States
101605,SKU-BEV-001,Cold Brew Coffee 250ml,5,09-02-2024 00:00,4.29,CUST-1391,Germany
101605,SKU-BEV-001,Cold Brew Coffee 250ml,7,08/03/2024 12:00,4.16,CUST-1320,United Kingdom
101605,SKU-SNK-003,Dark Chocolate 70% Bar 100g,4,2024-11-29 21:00:00,3.33,CUST-1082,Australia
101606,SKU-HOU-001,Eco-Friendly Dishwashing Liquid 1L,6,2024-05-04 04:00:00,3.77,CUST-1338,France
101606,SKU-BEV-002,Organic Green Tea 500ml,6,06-09-2024 17:00,2.26,CUST-1161,United Kingdom
101606,SKU-DRY-001,Basmati Long Grain Rice 5kg,5,22-09-2024 07:00,12.86,CUST-1072,Canada
101607,SKU-HOU-002,Multi-Surface Disinfectant Wipes 80ct,5,02-07-2024 02:00,5.69,CUST-1204,United States
101607,SKU-FRZ-001,Frozen Organic Mixed Berries 400g,3,2024/01/03,4.7,,United States
101607,SKU-DRY-003,Whole Grain Pasta 500g,5,2024/04/17,2.05,CUST-1471,United States
101608,SKU-PER-001,Antibacterial Hand Soap 300ml,4,12/05/2024 23:00,3.87,CUST-1319,Australia
101608,SKU-HOU-003,Microfiber Cleaning Towels 4-Pack,7,09/11/2024 14:00,6.25,CUST-1279,United Kingdom
101608,SKU-DRY-001,Basmati Long Grain Rice 5kg,4,20-07-2024 23:00,11.13,CUST-1155,Australia
101609,SKU-SNK-003,Dark Chocolate 70% Bar 100g,2,11/06/2024 06:00,3.42,CUST-1240,Australia
101609,SKU-FRZ-001,Frozen Organic Mixed Berries 400g,4,2024-10-16 17:00:00,5.49,CUST-1446,United Kingdom
101609,SKU-BEV-002,Organic Green Tea 500ml,4,26-09-2024 04:00,2.84,CUST-1348,Germany
101610,SKU-DRY-001,Basmati Long Grain Rice 5kg,6,2024/07/20,11.35,CUST-1019,United States
101610,SKU-PER-001,Antibacterial Hand Soap 300ml,7,28-10-2024 04:00,4.02,CUST-1143,United States
101610,SKU-BEV-001,Cold Brew Coffee 250ml,9,2024/03/10,3.91,CUST-1083,Canada
101611,SKU-DRY-003,Whole Grain Pasta 500g,4,06/12/2024 02:00,2.11,,Australia
101611,SKU-SNK-001,Artisan Sea Salt Potato Chips 150g,3,2024-10-14 00:00:00,2.58,CUST-1216,Germany
101611,SKU-PER-001,Antibacterial Hand Soap 300ml,7,28-02-2024 21:00,4.85,CUST-1108,Australia
101612,SKU-SNK-002,Roasted Almonds & Cranberry Mix 200g,5,31-08-2024 13:00,5.12,CUST-1000,France
101612,SKU-SNK-003,Dark Chocolate 70% Bar 100g,8,23-04-2024 05:00,3.05,CUST-1204,Germany
101612,SKU-BEV-003,Sparkling Mineral Water 1L,4,04/13/2024 10:00,1.53,CUST-1319,France
101613,SKU-PER-002,Moisturizing Face Cleanser 150ml,7,19-03-2024 17:00,8.74,CUST-1484,France
101613,SKU-HOU-001,Eco-Friendly Dishwashing Liquid 1L,8,11/14/2024 22:00,3.63,CUST-1328,France
101613,SKU-FRZ-001,Frozen Organic Mixed Berries 400g,4,2024/03/23,4.19,CUST-1135,Germany
101614,SKU-FRZ-001,Frozen Organic Mixed Berries 400g,3,28-09-2024 04:00,5.15,CUST-1212,France
101614,SKU-SNK-001,Artisan Sea Salt Potato Chips 150g,5,2024/10/15,3.4,,United States
101614,SKU-BEV-003,Sparkling Mineral Water 1L,6,03/09/2024 14:00,1.72,CUST-1308,Canada
101615,SKU-FRZ-001,Frozen Organic Mixed Berries 400g,7,2024-07-20 03:00:00,5.16,CUST-1227,France
101615,SKU-HOU-001,Eco-Friendly Dishwashing Liquid 1L,7,07/25/2024 12:00,3.44,CUST-1434,Australia
101615,SKU-BEV-002,Organic Green Tea 500ml,5,05/31/2024 21:00,2.82,CUST-1487,Canada
101616,SKU-BEV-002,Organic Green Tea 500ml,7,01/28/2024 05:00,2.37,CUST-1235,France
101616,SKU-BEV-001,,3,2024-08-14 15:00:00,4.4,,Germany
101616,SKU-BEV-002,Organic Green Tea 500ml,5,2024/09/26,2.18,CUST-1016,Australia
101617,SKU-BEV-001,Cold Brew Coffee 250ml,3,08/26/2024 19:00,4.31,CUST-1251,United Kingdom
101617,SKU-BEV-003,Sparkling Mineral Water 1L,4,2024/12/14,1.9,CUST-1049,Australia
101617,SKU-FRZ-001,Frozen Organic Mixed Berries 400g,5,05/07/2024 11:00,5.06,CUST-1367,Canada
101618,SKU-FRZ-001,Frozen Organic Mixed Berries 400g,5,28-02-2024 12:00,4.26,CUST-1358,Australia
101618,SKU-DRY-003,Whole Grain Pasta 500g,9,05/08/2024 10:00,2.31,CUST-1407,Canada
101618,  SKU-SNK-003  ,Dark Chocolate 70% Bar 100g,3,2024-09-14 16:00:00,2.97,CUST-1413,Australia
101619,SKU-DRY-002,Extra Virgin Olive Oil 750ml,7,03/16/2024 18:00,15.45,CUST-1079,France
101619,SKU-DRY-002,Extra Virgin Olive Oil 750ml,4,02/10/2024 09:00,13.95,CUST-1095,Canada
101619,SKU-HOU-001,Eco-Friendly Dishwashing Liquid 1L,4,2024-04-17 06:00:00,4.18,CUST-1414,United States
101620,SKU-BEV-003,Sparkling Mineral Water 1L,6,02/28/2024 15:00,1.75,CUST-1353,Canada
101620,SKU-BEV-003,Sparkling Mineral Water 1L,4,2024-07-18 15:00:00,1.61,CUST-1427,Australia
101620,SKU-HOU-001,Eco-Friendly Dishwashing Liquid 1L,7,2024-06-03 12:00:00,4.25,CUST-1410,United States
101621,SKU-HOU-001,Eco-Friendly Dishwashing Liquid 1L,7,12/18/2024 08:00,3.58,CUST-1265,United Kingdom
101621,SKU-FRZ-001,Frozen Organic Mixed Berries 400g,5,2024-11-10 22:00:00,5.15,CUST-1343,United States
101621,SKU-BEV-001,Cold Brew Coffee 250ml,3,2024/01/10,4.13,CUST-1377,Canada
101622,SKU-SNK-003,Dark Chocolate 70% Bar 100g,6,11-04-2024 20:00,3.38,CUST-1436,United States
101622,SKU-HOU-003,Microfiber Cleaning Towels 4-Pack,6,10-11-2024 09:00,6.18,CUST-1143,France
101622,SKU-SNK-002,Roasted Almonds & Cranberry Mix 200g,3,2024-06-23 10:00:00,5.74,CUST-1004,Australia
101623,SKU-HOU-003,Microfiber Cleaning Towels 4-Pack,0,2024/03/11,6.06,CUST-1323,France
101623,SKU-SNK-002,Roasted Almonds & Cranberry Mix 200g,6,2024-09-27 22:00:00,4.89,CUST-1498,United Kingdom
101623,SKU-HOU-002,Multi-Surface Disinfectant Wipes 80ct,8,2024/03/21,4.79,,United States
101624,SKU-FRZ-001,Frozen Organic Mixed Berries 400g,8,2024/03/21,4.82,CUST-1145,United Kingdom
101624,SKU-DRY-003,Whole Grain Pasta 500g,1,01-03-2024 15:00,2.05,CUST-1323,Germany
101624,SKU-PER-001,Antibacterial Hand Soap 300ml,3,14-09-2024 04:00,3.92,CUST-1435,Australia
101625,SKU-DRY-002,Extra Virgin Olive Oil 750ml,4,04-07-2024 11:00,13.49,CUST-1306,Canada
101625,SKU-PER-002,Moisturizing Face Cleanser 150ml,9,2024/07/21,8.56,CUST-1334,United Kingdom
101625,SKU-SNK-002,Roasted Almonds & Cranberry Mix 200g,8,22-05-2024 07:00,5.86,CUST-1058,United Kingdom
101626,SKU-HOU-001,Eco-Friendly Dishwashing Liquid 1L,7,05-10-2024 20:00,3.59,CUST-1063,Canada
101626,SKU-HOU-002,Multi-Surface Disinfectant Wipes 80ct,6,2024/05/13,5.43,CUST-1254,Australia
101626,SKU-PER-002,Moisturizing Face Cleanser 150ml,3,07/05/2024 08:00,9.62,CUST-1181,United Kingdom
C101627,  SKU-HOU-003  ,Microfiber Cleaning Towels 4-Pack,-3,20-04-2024 19:00,6.04,CUST-1189,Germany
101627,SKU-DRY-001,Basmati Long Grain Rice 5kg,3,19-12-2024 10:00,13.05,CUST-1485,United States
101627,SKU-PER-002,Moisturizing Face Cleanser 150ml,2,11/30/2024 01:00,10.12,CUST-1355,Germany
101628,SKU-PER-002,Moisturizing Face Cleanser 150ml,4,2024/08/21,9.1,CUST-1039,Canada
101628,SKU-BEV-002,Organic Green Tea 500ml,4,2024/06/15,2.63,,France
101628,SKU-DRY-003,Whole Grain Pasta 500g,4,2024-07-30 21:00:00,2.18,CUST-1401,Australia
101629,SKU-SNK-002,Roasted Almonds & Cranberry Mix 200g,3,2024/02/13,5.53,CUST-1420,Canada
101629,SKU-HOU-003,Microfiber Cleaning Towels 4-Pack,7,01/04/2024 08:00,7.28,CUST-1068,United States
101629,SKU-DRY-003,Whole Grain Pasta 500g,5,2024-04-29 00:00:00,2.07,CUST-1180,Australia
101630,SKU-DRY-002,Extra Virgin Olive Oil 750ml,8,2024-10-13 11:00:00,13.38,CUST-1295,France
101630,SKU-DRY-001,Basmati Long Grain Rice 5kg,5,17-12-2024 17:00,14.12,CUST-1259,Germany
101630,SKU-HOU-003,Microfiber Cleaning Towels 4-Pack,8,2024/05/20,5.54,CUST-1195,United Kingdom
101631,SKU-PER-002,Moisturizing Face Cleanser 150ml,2,30-04-2024 13:00,8.63,CUST-1322,Australia
101631,SKU-HOU-002,Multi-Surface Disinfectant Wipes 80ct,6,2024-01-03 15:00:00,4.44,CUST-1253,Germany
101631,SKU-DRY-001,Basmati Long Grain Rice 5kg,6,2024/08/25,12.8,CUST-1120,Canada
101632,SKU-FRZ-001,Frozen Organic Mixed Berries 400g,5,07-11-2024 06:00,5.45,CUST-1379,United Kingdom
101632,SKU-FRZ-001,Frozen Organic Mixed Berries 400g,5,2024/07/24,4.12,CUST-1397,Australia
101632,SKU-FRZ-001,Frozen Organic Mixed Berries 400g,11,03/03/2024 06:00,4.61,CUST-1402,Australia
101633,SKU-SNK-002,Roasted Almonds & Cranberry Mix 200g,2,2024-02-08 17:00:00,5.66,CUST-1197,Germany
101633,SKU-PER-001,Antibacterial Hand Soap 300ml,6,2024/08/02,4.66,CUST-1449,United Kingdom
101633,SKU-BEV-001,Cold Brew Coffee 250ml,4,2024-01-31 23:00:00,3.61,CUST-1182,Canada
C101634,SKU-HOU-001,Eco-Friendly Dishwashing Liquid 1L,-5,07/03/2024 12:00,3.43,CUST-1113,United Kingdom
101634,SKU-FRZ-001,Frozen Organic Mixed Berries 400g,6,03-04-2024 19:00,5.04,CUST-1262,Germany
101634,SKU-HOU-001,Eco-Friendly Dishwashing Liquid 1L,1,2024/06/12,4.13,CUST-1199,Australia
101635,SKU-SNK-002,Roasted Almonds & Cranberry Mix 200g,5,05-12-2024 12:00,5.79,CUST-1444,Germany
101635,SKU-HOU-001,Eco-Friendly Dishwashing Liquid 1L,6,2024-08-20 11:00:00,3.65,CUST-1252,Germany
101635,SKU-DRY-003,Whole Grain Pasta 500g,5,15-12-2024 23:00,1.88,CUST-1152,United Kingdom
101636,SKU-HOU-002,Multi-Surface Disinfectant Wipes 80ct,4,2024/02/04,4.99,,Germany
101636,SKU-DRY-003,Whole Grain Pasta 500g,6,2024/01/01,2.05,CUST-1361,United Kingdom
101636,SKU-PER-001,Antibacterial Hand Soap 300ml,3,22-09-2024 12:00,4.72,CUST-1031,Germany
101637,SKU-DRY-001,Basmati Long Grain Rice 5kg,3,09-06-2024 17:00,13.09,CUST-1185,France
101637,SKU-BEV-001,Cold Brew Coffee 250ml,5,25-03-2024 23:00,3.8,CUST-1194,Germany
C101637,SKU-FRZ-001,Frozen Organic Mixed Berries 400g,-7,2024-03-11 01:00:00,5.15,CUST-1398,Canada
101638,SKU-SNK-003,Dark Chocolate 70% Bar 100g,5,08-05-2024 01:00,3.41,CUST-1158,Canada
101638,SKU-BEV-001,Cold Brew Coffee 250ml,8,12-09-2024 04:00,4.41,CUST-1151,United Kingdom
101638,SKU-SNK-001,Artisan Sea Salt Potato Chips 150g,8,02/25/2024 00:00,2.61,CUST-1020,Canada
101639,SKU-FRZ-001,Frozen Organic Mixed Berries 400g,2,2024-01-18 19:00:00,5.2,CUST-1439,Canada
101639,SKU-FRZ-001,Frozen Organic Mixed Berries 400g,3,2024-11-05 04:00:00,4.63,CUST-1102,United States
101639,SKU-BEV-001,Cold Brew Coffee 250ml,5,05/25/2024 22:00,3.61,CUST-1055,Germany
101640,SKU-SNK-002,Roasted Almonds & Cranberry Mix 200g,4,05/16/2024 00:00,5.52,CUST-1448,Australia
101640,SKU-SNK-001,Artisan Sea Salt Potato Chips 150g,4,11/28/2024 13:00,2.55,CUST-1479,Germany
101640,SKU-BEV-003,Sparkling Mineral Water 1L,4,2024-01-13 02:00:00,1.54,CUST-1194,Canada
101641,SKU-BEV-002,Organic Green Tea 500ml,4,12/01/2024 07:00,2.39,CUST-1047,Canada
101641,SKU-FRZ-001,Frozen Organic Mixed Berries 400g,6,2024-09-14 07:00:00,4.67,CUST-1390,Germany
C101641,SKU-HOU-001,Eco-Friendly Dishwashing Liquid 1L,-3,2024-03-02 07:00:00,4.04,CUST-1316,Germany
101642,  SKU-DRY-002  ,Extra Virgin Olive Oil 750ml,4,25-06-2024 13:00,13.94,CUST-1250,United States
101642,SKU-HOU-002,Multi-Surface Disinfectant Wipes 80ct,4,2024/06/06,4.76,CUST-1131,Germany
C101642,SKU-PER-001,Antibacterial Hand Soap 300ml,-6,2024-02-20 15:00:00,4.57,CUST-1467,United Kingdom
101643,SKU-DRY-001,Basmati Long Grain Rice 5kg,6,2024/01/20,11.56,CUST-1278,Germany
101643,SKU-BEV-003,Sparkling Mineral Water 1L,5,09-12-2024 08:00,1.78,CUST-1393,France
101643,SKU-HOU-001,Eco-Friendly Dishwashing Liquid 1L,8,2024-06-23 21:00:00,4.45,CUST-1343,Canada
101644,SKU-DRY-001,Basmati Long Grain Rice 5kg,6,2024/02/17,13.33,CUST-1306,France
101644,SKU-HOU-003,Microfiber Cleaning Towels 4-Pack,4,06/09/2024 18:00,5.69,CUST-1302,United Kingdom
101644,SKU-BEV-001,Cold Brew Coffee 250ml,6,2024/12/21,4.01,CUST-1279,United Kingdom
101645,SKU-SNK-002,Roasted Almonds & Cranberry Mix 200g,11,10/31/2024 08:00,6.22,CUST-1196,Germany
101645,SKU-HOU-003,Microfiber Cleaning Towels 4-Pack,3,2024-08-18 21:00:00,5.66,CUST-1037,France
101645,SKU-SNK-003,Dark Chocolate 70% Bar 100g,2,2024-08-30 14:00:00,3.76,,United Kingdom
101646,SKU-SNK-001,Artisan Sea Salt Potato Chips 150g,4,2024-09-10 13:00:00,2.84,CUST-1349,Germany
101646,SKU-SNK-001,Artisan Sea Salt Potato Chips 150g,6,2024/02/24,2.59,CUST-1109,Germany
101646,SKU-HOU-003,Microfiber Cleaning Towels 4-Pack,6,11/24/2024 07:00,5.68,CUST-1486,Germany
101647,SKU-HOU-003,Microfiber Cleaning Towels 4-Pack,4,2024-09-12 09:00:00,7.37,,Germany
101647,SKU-DRY-002,Extra Virgin Olive Oil 750ml,6,24-09-2024 16:00,15.95,CUST-1497,Germany
101647,SKU-PER-002,Moisturizing Face Cleanser 150ml,5,2024/03/04,9.24,,United States
101648,SKU-DRY-002,Extra Virgin Olive Oil 750ml,7,04/19/2024 07:00,16.51,CUST-1484,Canada
101648,SKU-SNK-003,,4,2024/02/25,3.61,CUST-1438,Australia
101648,SKU-SNK-001,Artisan Sea Salt Potato Chips 150g,3,2024-12-19 10:00:00,3.23,CUST-1315,United States
101649,SKU-PER-001,Antibacterial Hand Soap 300ml,6,2024/01/26,4.16,CUST-1053,Canada
101649,SKU-HOU-003,Microfiber Cleaning Towels 4-Pack,5,2024/12/23,6.4,CUST-1216,United States
101649,SKU-SNK-003,Dark Chocolate 70% Bar 100g,3,2024/10/22,3.68,CUST-1168,Canada
101650,SKU-BEV-001,Cold Brew Coffee 250ml,9,17-05-2024 10:00,3.95,CUST-1172,Germany
101650,SKU-BEV-002,Organic Green Tea 500ml,5,2024-09-08 00:00:00,2.53,CUST-1041,Canada
101650,SKU-DRY-003,Whole Grain Pasta 500g,3,11/30/2024 10:00,2.23,CUST-1206,Canada
101651,SKU-PER-002,Moisturizing Face Cleanser 150ml,13,2024/03/09,8.91,CUST-1374,United Kingdom
101651,SKU-DRY-003,Whole Grain Pasta 500g,6,2024/05/14,1.92,CUST-1419,United States
101651,SKU-DRY-001,Basmati Long Grain Rice 5kg,7,18-07-2024 12:00,13.9,CUST-1265,Australia
101652,SKU-SNK-001,Artisan Sea Salt Potato Chips 150g,4,01/31/2024 04:00,3.2,CUST-1293,France
101652,SKU-HOU-001,Eco-Friendly Dishwashing Liquid 1L,5,10/15/2024 10:00,3.48,CUST-1182,Canada
101652,SKU-HOU-003,Microfiber Cleaning Towels 4-Pack,4,04-01-2024 18:00,5.78,,Germany
101653,SKU-FRZ-001,Frozen Organic Mixed Berries 400g,7,11-01-2024 04:00,5.46,CUST-1396,France
C101653,SKU-DRY-003,Whole Grain Pasta 500g,-7,12/18/2024 14:00,2.4,CUST-1472,Germany
101653,SKU-HOU-001,Eco-Friendly Dishwashing Liquid 1L,3,2024/10/13,3.83,CUST-1035,United Kingdom
101654,SKU-PER-001,Antibacterial Hand Soap 300ml,1,2024-12-23 01:00:00,0.0,CUST-1271,Australia
C101654,SKU-SNK-001,Artisan Sea Salt Potato Chips 150g,-7,2024/10/29,3.33,CUST-1086,Germany
101654,SKU-SNK-002,Roasted Almonds & Cranberry Mix 200g,5,07/12/2024 15:00,4.87,CUST-1458,Canada
101655,SKU-HOU-003,Microfiber Cleaning Towels 4-Pack,5,2024-06-29 05:00:00,6.95,CUST-1254,Australia
101655,SKU-BEV-002,Organic Green Tea 500ml,7,2024-12-16 22:00:00,2.7,CUST-1421,Australia
101655,SKU-FRZ-001,Frozen Organic Mixed Berries 400g,2,29-01-2024 14:00,4.11,CUST-1326,Australia
101656,SKU-HOU-001,Eco-Friendly Dishwashing Liquid 1L,5,27-09-2024 17:00,4.43,CUST-1153,Canada
101656,SKU-FRZ-001,Frozen Organic Mixed Berries 400g,3,04/16/2024 15:00,4.64,CUST-1155,Canada
101656,SKU-HOU-001,Eco-Friendly Dishwashing Liquid 1L,4,27-11-2024 08:00,4.26,CUST-1495,Canada
101657,SKU-FRZ-001,Frozen Organic Mixed Berries 400g,1,12-04-2024 11:00,4.69,CUST-1138,United States
101657,SKU-BEV-002,Organic Green Tea 500ml,7,2024/03/10,2.67,CUST-1332,United Kingdom
101657,SKU-BEV-003,Sparkling Mineral Water 1L,4,2024/03/04,1.91,,United States
101658,SKU-BEV-003,Sparkling Mineral Water 1L,4,10-07-2024 23:00,1.92,CUST-1223,France
101658,SKU-BEV-003,Sparkling Mineral Water 1L,6,2024-09-25 20:00:00,1.93,CUST-1070,France
101658,SKU-DRY-003,Whole Grain Pasta 500g,3,2024-12-01 01:00:00,2.04,CUST-1147,Canada
101659,SKU-PER-001,Antibacterial Hand Soap 300ml,2,2024/02/22,4.5,CUST-1046,United States
101659,SKU-DRY-003,Whole Grain Pasta 500g,9,02/22/2024 23:00,2.4,,Australia
101659,SKU-HOU-003,Microfiber Cleaning Towels 4-Pack,3,07/18/2024 07:00,5.95,,Germany
101660,SKU-PER-001,Antibacterial Hand Soap 300ml,5,04/01/2024 06:00,4.18,CUST-1148,United States
101660,SKU-DRY-003,Whole Grain Pasta 500g,5,09/02/2024 19:00,2.28,CUST-1186,Canada
101660,SKU-SNK-001,Artisan Sea Salt Potato Chips 150g,4,2024-11-24 10:00:00,2.62,CUST-1181,Canada
101661,SKU-PER-001,Antibacterial Hand Soap 300ml,3,21-11-2024 19:00,4.13,CUST-1253,Canada
101661,SKU-PER-001,Antibacterial Hand Soap 300ml,4,03/04/2024 08:00,4.11,CUST-1142,United Kingdom
101661,SKU-HOU-002,Multi-Surface Disinfectant Wipes 80ct,4,04/06/2024 19:00,4.62,CUST-1145,Germany
101662,SKU-BEV-003,Sparkling Mineral Water 1L,5,22-03-2024 21:00,1.67,CUST-1428,Australia
101662,SKU-PER-001,Antibacterial Hand Soap 300ml,6,2024/05/11,4.12,CUST-1464,Canada
101662,SKU-PER-001,Antibacterial Hand Soap 300ml,6,2024-11-08 04:00:00,4.3,CUST-1254,Australia
101663,SKU-PER-002,Moisturizing Face Cleanser 150ml,4,24-05-2024 11:00,8.83,,Australia
101663,SKU-BEV-003,Sparkling Mineral Water 1L,4,2024-04-11 21:00:00,0.0,CUST-1405,France
101663,SKU-SNK-003,Dark Chocolate 70% Bar 100g,4,17-08-2024 23:00,3.53,CUST-1311,United States
101664,SKU-SNK-003,Dark Chocolate 70% Bar 100g,6,08/08/2024 06:00,3.34,,United States
101664,SKU-BEV-003,Sparkling Mineral Water 1L,8,08/30/2024 10:00,1.99,CUST-1062,United Kingdom
101664,SKU-PER-002,Moisturizing Face Cleanser 150ml,2,12-10-2024 15:00,11.45,CUST-1440,Canada
101665,SKU-BEV-003,Sparkling Mineral Water 1L,6,2024-09-15 23:00:00,1.53,CUST-1453,United States
101665,SKU-SNK-003,Dark Chocolate 70% Bar 100g,4,2024/08/10,2.99,CUST-1413,France
101665,SKU-BEV-003,Sparkling Mineral Water 1L,3,07/30/2024 20:00,1.73,CUST-1103,Canada
101666,SKU-BEV-002,Organic Green Tea 500ml,4,08/16/2024 10:00,2.31,CUST-1149,United States
101666,SKU-BEV-001,Cold Brew Coffee 250ml,2,22-08-2024 07:00,4.51,CUST-1031,Germany
